id,hr_sample_zone_seconds,avg_sample_zone_depth,avg_active_zone_depth,avg_rest_zone_depth,active_zone_minutes,rest_or_low_zone_minutes,active_zone_share,rest_or_low_zone_share,dominant_sample_zone,sample_z1_minutes,sample_z1_share,sample_z2_minutes,sample_z2_share,sample_z3_minutes,sample_z3_share,sample_z4_minutes,sample_z4_share,sample_z5_minutes,sample_z5_share,sample_z6_minutes,sample_z6_share
9D87641F-2BB8-40A6-8F40-DAAAC2C6EB15,7576.0,2.4503695881731784,3.6793465008534505,1.0,68.35,57.916666666666664,0.5413146779303062,0.45868532206969376,z1,57.916666666666664,0.45868532206969376,14.766666666666667,0.11694825765575502,18.7,0.14809926082365366,15.033333333333333,0.11906019007391763,13.383333333333333,0.10599260823653643,6.466666666666667,0.051214361140443504
BD3DB5FA-70B0-47E1-A2A6-2BD8444D80B3,7194.0,3.259243814289686,4.224801587301587,1.0,84.0,35.9,0.700583819849875,0.2994161801501251,z1,35.9,0.2994161801501251,15.733333333333333,0.13122046149569086,14.916666666666666,0.12440922991381707,11.0,0.09174311926605505,19.433333333333334,0.1620795107033639,22.916666666666668,0.191131498470948
D2A76A13-D33B-4528-BA1B-B88B4AB168DB,9102.0,3.5113161942430233,4.372381233402184,1.0,112.96666666666667,38.733333333333334,0.7446715007690617,0.25532849923093826,z6,38.733333333333334,0.25532849923093826,18.483333333333334,0.12184135354867062,18.433333333333334,0.12151175565809712,17.466666666666665,0.11513952977367611,19.7,0.12986156888595912,38.88333333333333,0.25631729290265876
2C3444E8-5EC6-4312-812C-ED6C3995FF10,7769.0,3.559917621315485,4.483012259194396,1.0,95.16666666666667,34.31666666666667,0.7349723259106706,0.26502767408932937,z6,34.31666666666667,0.26502767408932937,15.45,0.1193203758527481,14.516666666666667,0.11211224095765221,11.75,0.09074526966147509,15.516666666666667,0.11983524263096923,37.93333333333333,0.29295919680782595
4ABB7AF2-FB62-4109-8C97-50B01EE32488,6991.0,3.290087255042197,4.346571906354515,1.0,79.73333333333333,36.78333333333333,0.6843083965097984,0.3156916034902017,z1,36.78333333333333,0.3156916034902017,15.766666666666667,0.13531683593191246,12.533333333333333,0.10756687169217566,8.233333333333333,0.07066228007438134,14.7,0.12616220855385496,28.5,0.2446002002574739
4DC6E959-F624-4768-A0F3-6BE9DDE6541D,9327.0,2.7063364425860406,4.048266615590883,1.0,87.01666666666667,68.43333333333334,0.559772702905543,0.44022729709445696,z1,68.43333333333334,0.44022729709445696,19.366666666666667,0.1245845395089525,16.7,0.10743004181408813,13.25,0.08523641042135735,15.766666666666667,0.1014259676208856,21.933333333333334,0.14109574354025947
F3D4F5CF-11E2-4138-9E12-0F6EC42B5ACB,8309.0,2.5172704296545914,4.350252458145097,1.0,62.71666666666667,75.76666666666667,0.45288241665663737,0.5471175833433626,z1,75.76666666666667,0.5471175833433626,10.833333333333334,0.07822842700686003,9.316666666666666,0.06727644722589962,7.233333333333333,0.05223251895534962,17.716666666666665,0.12793356601275724,17.616666666666667,0.12721145745577084
D1B1FAD8-59A4-4671-8480-305CDF4FC8FF,7895.0,3.0672577580747307,4.0455308826273555,1.0,89.31666666666666,42.266666666666666,0.6787840405319823,0.32121595946801773,z1,42.266666666666666,0.32121595946801773,18.066666666666666,0.13730208993033566,17.333333333333332,0.1317289423685877,17.133333333333333,0.13020899303356553,16.033333333333335,0.12184927169094363,20.75,0.15769474350854973
8B5C8532-FE81-4BFE-A14B-C21BDC771E7B,18878.0,2.0899459688526325,4.319780574378832,1.0,103.3,211.33333333333334,0.3283186778260409,0.6716813221739591,z1,211.33333333333334,0.6716813221739591,15.866666666666667,0.050429070876152136,18.766666666666666,0.05964614895645725,12.183333333333334,0.038722322279902535,29.433333333333334,0.09354804534378641,27.05,0.08597309036974256
D3649D92-F875-42FF-AD02-C724A940096C,10232.0,3.0289288506645815,4.121335137573297,1.0,110.85,59.68333333333333,0.6500195465207194,0.3499804534792807,z1,59.68333333333333,0.3499804534792807,19.383333333333333,0.11366301798279906,25.45,0.14923768569194684,16.466666666666665,0.0965598123534011,21.433333333333334,0.1256841282251759,28.116666666666667,0.1648749022673964
4E70BF8E-058B-4EDE-9BF9-221BA58486EF,7714.0,3.0246305418719213,3.9181614349775784,1.0,89.2,39.36666666666667,0.6938034742027482,0.30619652579725176,z1,39.36666666666667,0.30619652579725176,19.15,0.14894996110967074,21.1,0.16411718952553797,14.783333333333333,0.11498574021260047,16.233333333333334,0.12626393570132227,17.933333333333334,0.1394866476536168
1090A8AB-7FBC-42D6-A58C-9E513DCDF919,7782.0,2.9712156258031355,3.8276497695852534,1.0,90.41666666666667,39.28333333333333,0.6971215625803135,0.30287843741968645,z1,39.28333333333333,0.30287843741968645,20.0,0.15420200462606015,24.133333333333333,0.1860704189154459,14.533333333333333,0.11205345669493703,14.95,0.11526599845797995,16.8,0.1295296838858905
1BFF6F09-86E5-4B71-B6B2-5B0B3442EC1C,5618.0,3.2652189391242437,4.444113667117727,1.0,61.583333333333336,32.05,0.6577073691705233,0.3422926308294767,z1,32.05,0.3422926308294767,8.583333333333334,0.09166963332146671,10.116666666666667,0.10804556781772873,7.466666666666667,0.0797436810252759,16.2,0.17301530793876824,19.216666666666665,0.20523317906728372
2F6D74A6-9332-4C8D-8EF5-03620AC5C91C,8098.0,2.964188688565078,4.624886052871467,1.0,73.13333333333334,61.833333333333336,0.541862188194616,0.45813781180538404,z1,61.833333333333336,0.45813781180538404,9.833333333333334,0.07285749567794517,9.9,0.07335144480118548,10.15,0.07520375401333662,11.233333333333333,0.0832304272659916,32.016666666666666,0.2372190664361571
680256AD-EDE8-424D-AE89-1494920351E3,7687.0,3.2286978014830234,4.162052417866371,1.0,90.3,37.81666666666667,0.7048263301678158,0.2951736698321842,z1,37.81666666666667,0.2951736698321842,19.15,0.14947313646416027,16.416666666666668,0.12813841550669963,13.2,0.10303109145310264,13.716666666666667,0.10706387407311045,27.816666666666666,0.21711981267074282
E1210E53-775E-45B1-84DB-F460CE575F58,9089.0,3.651336780723952,4.891167447117714,1.0,103.21666666666667,48.266666666666666,0.6813730883485531,0.3186269116514468,z6,48.266666666666666,0.3186269116514468,13.166666666666666,0.08691825283309496,8.383333333333333,0.05534162174056552,8.8,0.05809219936186599,19.033333333333335,0.12564638574100562,53.833333333333336,0.35537462867202113
F5B613B4-571F-4A95-B391-E14B99CCCFE9,8230.0,3.1905224787363307,4.3817295066591635,1.0,88.85,48.31666666666667,0.6477521263669502,0.3522478736330498,z1,48.31666666666667,0.3522478736330498,14.3,0.10425273390036452,13.833333333333334,0.10085054678007291,12.3,0.0896719319562576,20.483333333333334,0.14933171324422842,27.933333333333334,0.20364520048602675
F94E0CF3-4F7F-4403-83EC-AEF347559513,7394.0,3.470651879902624,4.650679456434852,1.0,83.4,39.833333333333336,0.6767649445496349,0.3232350554503652,z6,39.833333333333336,0.3232350554503652,14.616666666666667,0.1186096835271842,9.833333333333334,0.07979442791452529,6.35,0.051528266161752774,11.866666666666667,0.09629429266973222,40.733333333333334,0.33053827427644034
EB582331-047F-42F2-BE4C-425D979F5D51,7799.0,3.5749455058340813,4.355388471177945,1.0,99.75,30.233333333333334,0.7674060777022695,0.2325939222977305,z6,30.233333333333334,0.2325939222977305,19.533333333333335,0.15027567636876524,12.233333333333333,0.09411463008077958,14.133333333333333,0.10873188870367996,20.95,0.16117450955250673,32.9,0.253109372996538
1ABD20EF-DBA3-464E-BD91-4AEF6AFDD9CD,8909.0,3.267819059378157,4.448958688972345,1.0,97.63333333333334,50.85,0.6575373218094063,0.3424626781905938,z1,50.85,0.3424626781905938,18.8,0.12661353687282523,14.766666666666667,0.09944999438769783,9.966666666666667,0.06712313390952969,12.0,0.08081715119542036,42.1,0.2835335054439331
4942F1B8-FE12-45A6-95B2-DF7753255F13,4138.0,1.0763653939101014,2.6288659793814433,1.0,3.2333333333333334,65.73333333333333,0.04688255195746738,0.9531174480425326,z1,65.73333333333333,0.9531174480425326,2.2666666666666666,0.03286611889801837,0.21666666666666667,0.003141614306428226,0.5,0.007249879168680522,0.18333333333333332,0.0026582890285161915,0.06666666666666667,0.0009666505558240696
BD9091A8-B443-4618-80DC-0687BFCE3022,8174.0,1.3697088328847566,3.100069492703266,1.0,23.983333333333334,112.25,0.1760459995106435,0.8239540004893565,z1,112.25,0.8239540004893565,8.866666666666667,0.0650844139955958,7.383333333333334,0.054196231954979204,4.283333333333333,0.03144115488133105,3.3666666666666667,0.0247125030584781,0.08333333333333333,0.000611695620259359
DA45607D-0E9F-476B-93B1-1BD4D40F84AB,9254.0,1.4472660471147611,3.0882946518668013,1.0,33.03333333333333,121.2,0.2141776529068511,0.7858223470931489,z1,121.2,0.7858223470931489,9.7,0.06289172249837909,13.25,0.08590879619623946,7.55,0.04895180462502702,2.533333333333333,0.016425329587205533,0.0,0.0
24F0E91D-2614-467A-8E59-3A7FAF8246B7,7754.0,2.637477431003353,4.304789172306091,1.0,64.03333333333333,65.2,0.4954862006706216,0.5045137993293783,z1,65.2,0.5045137993293783,11.983333333333333,0.09272633479494455,9.983333333333333,0.07725045137993294,8.566666666666666,0.06628836729429971,13.533333333333333,0.10472014444157854,19.966666666666665,0.1545009027598659
09A85078-C099-45C1-9D79-52C559908D73,7828.0,2.990802248339295,4.267085953878406,1.0,79.5,50.96666666666667,0.6093510475217169,0.3906489524782831,z1,50.96666666666667,0.3906489524782831,17.55,0.13451711803781297,11.9,0.09121103730199284,7.5,0.05748594787940726,16.866666666666667,0.12927950945324476,25.683333333333334,0.19685743484925908
7A3DDC2A-A49A-4E71-82C0-09E9807B0394,6440.0,2.952639751552795,3.8463105477591673,1.0,73.63333333333334,33.7,0.6860248447204969,0.3139751552795031,z1,33.7,0.3139751552795031,17.0,0.15838509316770186,14.866666666666667,0.13850931677018632,12.933333333333334,0.12049689440993788,20.116666666666667,0.18742236024844722,8.716666666666667,0.0812111801242236
0A513861-4AE8-4C61-8242-E555647400C1,4628.0,3.147579948141746,4.582912761355443,1.0,46.233333333333334,30.9,0.5993949870354365,0.4006050129645635,z1,30.9,0.4006050129645635,7.75,0.10047536732929992,4.883333333333334,0.06331028522039758,4.8,0.06222990492653414,10.266666666666667,0.1331028522039758,18.533333333333335,0.24027657735522903
8117D545-8806-42B5-AABC-6F20CEFDB0FF,5490.0,3.026775956284153,4.083125519534497,1.0,60.15,31.35,0.6573770491803279,0.34262295081967215,z1,31.35,0.34262295081967215,10.45,0.11420765027322405,12.666666666666666,0.1384335154826958,10.666666666666666,0.11657559198542805,14.166666666666666,0.15482695810564662,12.2,0.13333333333333333
8790A73A-CA2A-4A9E-BACB-A8D4667C5C10,4747.0,3.295555087423636,4.037914691943128,1.0,59.78333333333333,19.333333333333332,0.7556351379818833,0.24436486201811672,z1,19.333333333333332,0.24436486201811672,11.0,0.13903518011375607,12.4,0.15673056667368865,12.0,0.15167474194227934,12.1,0.15293869812513167,12.283333333333333,0.15525595112702759
6E2810FF-F397-404E-889A-34A3D79CA42F,2764.0,1.8035455861070913,3.456858407079646,1.0,15.066666666666666,31.0,0.32706222865412443,0.6729377713458755,z1,31.0,0.6729377713458755,2.533333333333333,0.05499276410998553,6.15,0.13350217076700435,3.35,0.07272069464544138,3.033333333333333,0.0658465991316932,0.0,0.0
7B67EE98-4BF9-4F9C-92F1-37D3934E3251,4808.0,1.9556988352745424,4.0150918635170605,1.0,25.4,54.733333333333334,0.31697171381031614,0.6830282861896838,z1,54.733333333333334,0.6830282861896838,4.983333333333333,0.06218801996672213,3.316666666666667,0.04138935108153078,5.6,0.06988352745424292,9.333333333333334,0.11647254575707154,2.1666666666666665,0.027038269550748752
22E99234-1A52-446E-B13E-8A44B73131FE,5524.0,2.8850470673425055,4.168898356664638,1.0,54.766666666666666,37.3,0.5948587979724838,0.4051412020275163,z1,37.3,0.4051412020275163,10.3,0.11187545257060101,9.616666666666667,0.10445329471397538,8.916666666666666,0.09685010861694425,12.4,0.13468501086169443,13.533333333333333,0.14699493120926865
7EA43ED3-1916-487B-9569-F57348882481,8355.0,3.122561340514662,4.717040452735276,1.0,79.51666666666667,59.733333333333334,0.5710353081986834,0.4289646918013166,z1,59.733333333333334,0.4289646918013166,10.133333333333333,0.07277079593058049,9.1,0.06535008976660682,7.683333333333334,0.055176540993417116,18.816666666666666,0.13512866546977859,33.78333333333333,0.2426092160383004
6213DE36-DE43-4101-81B8-101C8AFB75DF,6172.0,3.0623784834737524,4.4731241473397,1.0,61.083333333333336,41.78333333333333,0.5938107582631238,0.4061892417368762,z1,41.78333333333333,0.4061892417368762,9.283333333333333,0.09024627349319507,9.366666666666667,0.09105638366817888,9.05,0.08797796500324044,9.933333333333334,0.0965651328580687,23.45,0.2279650032404407
5D47834E-9FCF-46BD-AEDC-616B134F5939,7479.0,3.266746891295628,4.597835314091681,1.0,78.53333333333333,46.11666666666667,0.6300307527744351,0.3699692472255649,z1,46.11666666666667,0.3699692472255649,12.75,0.1022864019253911,11.133333333333333,0.08931675357668137,6.383333333333334,0.05121005482016312,12.95,0.10389089450461292,35.31666666666667,0.28332664794758655
25281BF3-5976-4CD1-92D7-66698C29EECE,7027.0,3.3869361036003984,4.590111301369863,1.0,77.86666666666666,39.25,0.664864095631137,0.335135904368863,z1,39.25,0.335135904368863,10.466666666666667,0.08936957449836345,10.183333333333334,0.08695033442436317,11.633333333333333,0.09933115127365874,14.1,0.12039277074142593,31.483333333333334,0.26882026469332576
1F203D30-1DB9-422F-8563-BE2C124291B6,6759.0,3.8461310844799526,4.723050125798336,1.0,86.11666666666666,26.533333333333335,0.7644621985500814,0.23553780144991862,z6,26.533333333333335,0.23553780144991862,14.55,0.12916111850865514,8.866666666666667,0.07870986832371653,6.45,0.05725699067909454,12.266666666666667,0.10889184790649505,43.983333333333334,0.39044237313212016
A579C5EE-2F0A-417A-AF08-B57D23791BF3,7683.0,2.004685669660289,3.806909090909091,1.0,45.833333333333336,82.21666666666667,0.3579330990498503,0.6420669009501497,z1,82.21666666666667,0.6420669009501497,9.133333333333333,0.0713263048288429,13.8,0.10777040218664584,6.466666666666667,0.05050110633866979,9.65,0.07536118703631393,6.783333333333333,0.05297409865937785
F8D6E08E-72FD-480D-A1B0-BE1E64F091AB,6393.0,2.2017832003754108,4.29318474067724,1.0,38.88333333333333,67.66666666666667,0.3649303926169248,0.6350696073830753,z1,67.66666666666667,0.6350696073830753,7.333333333333333,0.06882527764742687,5.883333333333334,0.055216643203503835,4.316666666666666,0.04051306116064445,10.75,0.10089160018770531,10.6,0.0994838104176443
A32ADE83-8E2A-4457-8AD0-08B828F30E4D,6583.0,2.992860397994835,4.433394399371892,1.0,63.68333333333333,46.03333333333333,0.5804344523773356,0.41956554762266446,z1,46.03333333333333,0.41956554762266446,8.016666666666667,0.07306699073370804,9.4,0.08567522406197782,9.533333333333333,0.08689047546711226,20.433333333333334,0.1862372778368525,16.3,0.14856448427768496
727896DF-2EDF-44AF-8708-809B5407831E,3323.0,2.5687631658140235,4.260162601626016,1.0,26.65,28.733333333333334,0.4811916942521818,0.5188083057478182,z1,28.733333333333334,0.5188083057478182,2.6666666666666665,0.048149262714414685,6.116666666666666,0.11044237135118869,4.516666666666667,0.08155281372253988,8.316666666666666,0.1501655130905808,5.033333333333333,0.09088173337345772
CD733C99-195F-4DCA-A3CE-1F0AEA125764,9809.0,3.3535528596187176,4.629874213836478,1.0,106.0,57.483333333333334,0.6483841370170251,0.3516158629829748,z1,57.483333333333334,0.3516158629829748,14.633333333333333,0.08950963400958303,15.266666666666667,0.0933836272810684,12.066666666666666,0.0738097665409318,16.766666666666666,0.10255887450300744,47.266666666666666,0.2891222346824345
04BE8CF2-28F6-4A37-BFD0-B8B326266789,7310.0,4.212311901504788,4.632173240525908,1.0,107.75,14.083333333333334,0.884404924760602,0.11559507523939809,z6,14.083333333333334,0.11559507523939809,12.766666666666667,0.10478796169630643,14.533333333333333,0.11928864569083447,13.083333333333334,0.10738714090287278,26.55,0.2179206566347469,40.81666666666667,0.3350205198358413
156ABB6C-7EDF-47CC-9D27-EA174877627D,3522.0,4.158148779102783,4.5915402001937355,1.0,51.61666666666667,7.083333333333333,0.8793299261783077,0.12067007382169222,z5,7.083333333333333,0.12067007382169222,4.55,0.07751277683134583,5.216666666666667,0.08886996024985803,9.166666666666666,0.15616127200454288,20.516666666666666,0.3495173197047132,12.166666666666666,0.2072685973878478
8C753D26-2ACD-421F-A4AD-B0F15651AB39,6973.0,3.456905205793776,4.400555776101628,1.0,83.96666666666667,32.25,0.7225010755772264,0.2774989244227736,z1,32.25,0.2774989244227736,15.283333333333333,0.13150724221999138,12.85,0.11056933887853147,10.333333333333334,0.08891438405277499,13.95,0.12003441847124624,31.55,0.27147569195468235
F6B24AB8-94F3-435D-BE8D-5886050A6C67,5835.0,3.6358183376178235,4.339122883195832,1.0,76.76666666666667,20.483333333333334,0.7893744644387318,0.2106255355612682,z6,20.483333333333334,0.2106255355612682,12.25,0.12596401028277635,13.05,0.13419023136246785,12.4,0.1275064267352185,14.55,0.14961439588688946,24.516666666666666,0.2520994001713796
49CF4F09-8A2E-4D4E-9E27-07B689A9B591,8515.0,3.4796241926012916,4.523110295344568,1.0,99.88333333333334,42.03333333333333,0.7038167938931298,0.2961832061068702,z1,42.03333333333333,0.2961832061068702,15.583333333333334,0.1098062243100411,15.433333333333334,0.1087492660011744,11.983333333333333,0.08443922489724016,14.916666666666666,0.10510863182618908,41.96666666666667,0.29571344685848505
FEEC7051-ED3D-4C2B-9378-AC17EA21FD23,7356.0,1.9893964110929854,3.8275058275058274,1.0,42.9,79.7,0.34991843393148453,0.6500815660685155,z1,79.7,0.6500815660685155,13.95,0.1137846655791191,6.0,0.048939641109298535,4.816666666666666,0.03928765633496466,9.766666666666667,0.07966286025013594,8.366666666666667,0.06824361065796629
AE90A86D-0B9B-45DD-A086-E1D74B93A5B9,132.0,1.1666666666666667,2.0,1.0,0.36666666666666664,1.8333333333333333,0.16666666666666666,0.8333333333333334,z1,1.8333333333333333,0.8333333333333334,0.36666666666666664,0.16666666666666666,0.0,0.0,0.0,0.0,0.0,0.0,0.0,0.0
5FA03CBF-5FAF-429B-B079-D42F8058929D,5382.0,4.733927907840951,4.941938014907807,1.0,84.96666666666667,4.733333333333333,0.9472315124489038,0.05276848755109625,z6,4.733333333333333,0.05276848755109625,6.516666666666667,0.07264957264957266,9.833333333333334,0.10962467484206614,9.716666666666667,0.10832404310665181,14.9,0.16610925306577481,44.0,0.49052396878483834
DC22272E-7660-4B05-9BA7-A85654095501,1980.0,4.003030303030303,4.899016393442623,1.0,25.416666666666668,7.583333333333333,0.7702020202020202,0.2297979797979798,z6,7.583333333333333,0.2297979797979798,1.85,0.05606060606060606,3.25,0.09848484848484848,3.183333333333333,0.09646464646464646,4.466666666666667,0.13535353535353536,12.666666666666666,0.3838383838383838
FA1796AC-90F3-4A79-8A05-91BCE427A893,6178.0,3.349951440595662,4.883895131086143,1.0,62.3,40.666666666666664,0.6050501780511492,0.39494982194885075,z1,40.666666666666664,0.39494982194885075,6.366666666666666,0.06183230819035287,6.216666666666667,0.06037552606021366,6.433333333333334,0.06247976691485918,12.55,0.12188410488831337,30.733333333333334,0.2984784719974102
EBD851AD-4D05-48F8-8CE7-2F4754F6E1B2,7585.0,3.4375741595253793,4.860722489037378,1.0,79.81666666666666,46.6,0.6313777191825972,0.3686222808174028,z1,46.6,0.3686222808174028,12.35,0.0976928147659855,4.85,0.038365194462755436,6.016666666666667,0.047593935398813444,14.95,0.11825972313777192,41.65,0.3294660514172709
D284BEC0-90C9-42EE-9234-0AC97117DFFE,7825.0,2.786070287539936,4.212135141346817,1.0,72.51666666666667,57.9,0.556038338658147,0.44396166134185305,z1,57.9,0.44396166134185305,11.016666666666667,0.08447284345047923,14.05,0.10773162939297125,14.066666666666666,0.10785942492012779,15.3,0.11731629392971246,18.083333333333332,0.13865814696485623
30C23E2A-A594-4070-9125-C811412D1DF2,8619.0,3.3932010674092123,4.660514640638865,1.0,93.91666666666667,49.733333333333334,0.6537881424759253,0.34621185752407474,z1,49.733333333333334,0.34621185752407474,14.033333333333333,0.09769114746490312,10.516666666666667,0.07321034922844878,11.25,0.07831534980856247,15.616666666666667,0.10871330780833044,42.5,0.2958579881656805
42D61728-39E0-4929-9664-131ADA81762B,6139.0,2.9227887278058318,4.108770081643403,1.0,63.28333333333333,39.03333333333333,0.6185046424499104,0.38149535755008956,z1,39.03333333333333,0.38149535755008956,13.183333333333334,0.12884834663625996,12.716666666666667,0.12428734321550741,8.3,0.08112070369767063,12.2,0.11923766085681707,16.883333333333333,0.16501058804365532
E0C25000-B184-43B2-98DD-B2604E4554CB,776.0,1.6507731958762886,3.148936170212766,1.0,3.9166666666666665,9.016666666666667,0.30283505154639173,0.6971649484536082,z1,9.016666666666667,0.6971649484536082,1.4,0.10824742268041238,1.1333333333333333,0.08762886597938144,0.7833333333333333,0.06056701030927835,0.6,0.04639175257731959,0.0,0.0
8F9B072C-F22E-4C35-B55F-306B77817578,6434.0,2.9421821572894,4.673133450911228,1.0,56.7,50.53333333333333,0.5287534970469382,0.47124650295306186,z1,50.53333333333333,0.47124650295306186,6.233333333333333,0.058128691327323595,7.4,0.06900839291265154,4.8,0.04476220080820641,18.5,0.17252098228162885,19.766666666666666,0.18433322971712776
B1E7E0FE-2A10-47BD-9911-D7454D7AD617,7873.0,3.224437952495872,4.605723697755816,1.0,80.95,50.266666666666666,0.6169185824971422,0.38308141750285785,z1,50.266666666666666,0.38308141750285785,16.516666666666666,0.12587323764765654,9.516666666666667,0.07252635589991109,5.283333333333333,0.04026419408103645,7.683333333333334,0.05855455353740632,41.95,0.31970024133113173
CBAA70C4-64FD-4BB9-8B47-62D53A834CBA,4034.0,3.5356965790778383,4.7578986039676705,1.0,45.36666666666667,21.866666666666667,0.6747645017352504,0.3252354982647496,z1,21.866666666666667,0.3252354982647496,5.333333333333333,0.07932573128408528,4.75,0.07064947942488845,6.85,0.10188398611799702,7.066666666666666,0.10510659395141299,21.366666666666667,0.3177987109568666
6731D303-05C2-408C-AF80-C27DCFE03A07,6230.0,2.530016051364366,3.998427178357974,1.0,52.983333333333334,50.85,0.5102728731942215,0.4897271268057785,z1,50.85,0.4897271268057785,10.7,0.10304975922953451,8.95,0.08619582664526484,12.183333333333334,0.1173354735152488,12.033333333333333,0.1158908507223114,9.116666666666667,0.08780096308186196
1DDD3873-F8F3-4B4A-923C-EA19F3BC43E7,5644.0,3.3876683203401843,4.363114549538308,1.0,66.78333333333333,27.283333333333335,0.7099574769666903,0.2900425230333097,z1,27.283333333333335,0.2900425230333097,11.85,0.12597448618001417,12.2,0.12969525159461376,8.1,0.08610914245216159,9.116666666666667,0.09691708008504607,25.516666666666666,0.2712615166548547
D5C4CC16-97C6-46E1-A649-821A73003D30,7556.0,3.470222339862361,4.61794921496414,1.0,85.98333333333333,39.95,0.6827686606670196,0.3172313393329804,z1,39.95,0.3172313393329804,11.55,0.091715193223928,9.833333333333334,0.07808364213869773,11.283333333333333,0.08959767072525146,20.566666666666666,0.1633139227104288,32.75,0.26005823186871363
5B02AC2F-B7F3-4B93-935C-09C66B2305CB,8072.0,3.09501982160555,4.440691759918616,1.0,81.91666666666667,52.61666666666667,0.6088949454905848,0.39110505450941524,z1,52.61666666666667,0.39110505450941524,12.35,0.091798810703667,11.333333333333334,0.08424182358771061,10.05,0.07470267591674926,24.233333333333334,0.18012884043607533,23.95,0.17802279484638256
7C4722FE-8A46-430B-AB7A-449035B753FB,9448.0,3.614944961896698,4.412902334576599,1.0,120.65,36.81666666666667,0.7661939034716342,0.2338060965283658,z6,36.81666666666667,0.2338060965283658,15.533333333333333,0.09864521591871296,23.516666666666666,0.14934377646062658,17.4,0.1104995766299746,24.0,0.15241320914479256,40.2,0.25529212531752754
B43218E2-8BF3-4031-8AD3-BDF01441C5D1,7655.0,3.4850424559111692,4.525389177168273,1.0,89.93333333333334,37.65,0.7048987589810581,0.29510124101894186,z1,37.65,0.29510124101894186,13.366666666666667,0.10476812540822991,10.416666666666666,0.08164598301763554,12.8,0.10032658393207054,22.3,0.17478772044415414,31.05,0.243370346178968
DBFEAD1B-2693-4EA9-9244-D5AB7D9AC36A,6464.0,4.217667079207921,4.991364421416235,1.0,86.85,20.883333333333333,0.8061571782178217,0.1938428217821782,z6,20.883333333333333,0.1938428217821782,9.066666666666666,0.08415841584158416,6.55,0.06079826732673267,7.033333333333333,0.06528465346534654,17.616666666666667,0.1635210396039604,46.583333333333336,0.43239480198019803
A9128256-F1C5-4DB6-8D66-68E6170E8BBF,12404.0,2.1472105772331505,3.4366438356164384,1.0,97.33333333333333,109.4,0.4708158658497259,0.5291841341502741,z1,109.4,0.5291841341502741,41.233333333333334,0.19945178974524347,17.616666666666667,0.08521444695259593,9.283333333333333,0.04490486939696872,13.15,0.06360851338277974,16.05,0.07763624637213802
B3CC6739-FABC-4DD7-AE55-2A2992845054,6979.0,3.6462243874480587,4.633287428683848,1.0,84.71666666666667,31.6,0.7283278406648517,0.2716721593351483,z6,31.6,0.2716721593351483,11.366666666666667,0.09772173663848689,10.383333333333333,0.08926780341023069,11.133333333333333,0.0957157185843244,16.9,0.1452930219229116,34.93333333333333,0.3003295601088981
EDE7E391-1681-4D33-8D84-3D89DD240BAD,5197.0,3.3971522031941506,4.048947626040137,1.0,68.1,18.516666666666666,0.7862228208581874,0.21377717914181257,z1,18.516666666666666,0.21377717914181257,12.383333333333333,0.14296709640177024,16.266666666666666,0.18780065422359055,10.966666666666667,0.12661150663844525,12.6,0.14546853954204347,15.883333333333333,0.18337502405233788
4B677F15-4FF9-446D-A817-E488608651D8,6734.0,3.993020493020493,4.827383213064945,1.0,87.76666666666667,24.466666666666665,0.782001782001782,0.217998217998218,z6,24.466666666666665,0.217998217998218,11.566666666666666,0.10305910305910305,9.95,0.08865458865458865,8.05,0.07172557172557173,10.7,0.09533709533709533,47.5,0.4232254232254232
54E36BB7-C5E6-404E-A20A-B83E33015A0D,9346.0,2.922212711320351,4.686640673096655,1.0,81.21666666666667,74.55,0.5213995292103574,0.47860047078964263,z1,74.55,0.47860047078964263,9.483333333333333,0.060881660603466725,9.016666666666667,0.05788572651401669,11.8,0.0757543334046651,18.083333333333332,0.11609244596618874,32.833333333333336,0.21078536272202011
F9D71916-251C-48ED-B051-9AB89656C985,11014.0,1.6785908843290358,3.652235628105039,1.0,46.96666666666667,136.6,0.2558561830397676,0.7441438169602325,z1,136.6,0.7441438169602325,16.9,0.0920646449972762,7.75,0.04221899400762666,6.466666666666667,0.03522789177410569,6.483333333333333,0.035318685309605954,9.366666666666667,0.05102596695115308
CD9111F5-A8F5-4440-969A-8D8850D56BA9,8248.0,3.7504849660523765,4.722067268252666,1.0,101.58333333333333,35.88333333333333,0.7389670223084384,0.2610329776915616,z6,35.88333333333333,0.2610329776915616,13.7,0.09966052376333656,12.716666666666667,0.09250727449078565,9.9,0.07201745877788555,17.066666666666666,0.12415130940834142,48.2,0.3506304558680892
3DE67630-8EA3-48FB-A7A2-52370F99BB4E,6333.0,3.2906995105005525,4.632198297446169,1.0,66.56666666666666,38.983333333333334,0.6306647718300963,0.36933522816990366,z1,38.983333333333334,0.36933522816990366,6.7,0.06347702510658455,8.433333333333334,0.07989894204958156,11.116666666666667,0.10532133270172114,16.716666666666665,0.15837675667140375,23.6,0.2235907153008053
AAB86792-737D-4DFF-8A48-9F757F8194DE,5380.0,2.854646840148699,4.613908004346252,1.0,46.016666666666666,43.65,0.5131970260223049,0.4868029739776952,z1,43.65,0.4868029739776952,6.316666666666666,0.07044609665427509,6.25,0.06970260223048327,5.016666666666667,0.05594795539033457,9.733333333333333,0.10855018587360594,18.7,0.20855018587360594
F513A801-9657-40C4-A581-D701061E3DE5,537.0,1.4022346368715084,4.042253521126761,1.0,1.1833333333333333,7.766666666666667,0.13221601489757914,0.8677839851024208,z1,7.766666666666667,0.8677839851024208,0.31666666666666665,0.035381750465549346,0.08333333333333333,0.00931098696461825,0.1,0.0111731843575419,0.6,0.0670391061452514,0.08333333333333333,0.00931098696461825
8C2BDF41-ADA4-4C91-B954-02D124066143,5648.0,3.0010623229461757,4.564175339009776,1.0,52.85,41.28333333333333,0.5614376770538244,0.43856232294617564,z1,41.28333333333333,0.43856232294617564,7.783333333333333,0.0826841359773371,6.516666666666667,0.06922804532577903,6.566666666666666,0.06975920679886685,12.066666666666666,0.1281869688385269,19.916666666666668,0.21157932011331446
46287858-318D-4BC5-8C21-C3D176A414B4,7097.0,2.8420459349020715,4.596423658872077,1.0,60.583333333333336,57.7,0.5121882485557278,0.48781175144427225,z1,57.7,0.48781175144427225,9.416666666666666,0.07961110328307736,8.4,0.07101592222065661,6.05,0.051148372551782444,10.066666666666666,0.0851063829787234,26.65,0.22530646752148795
8C4E0E99-DE55-4021-B979-F61F54F0FB44,6136.0,2.8609843546284224,4.131066630106937,1.0,60.78333333333333,41.483333333333334,0.594361147327249,0.40563885267275096,z1,41.483333333333334,0.40563885267275096,11.1,0.10853976531942634,11.4,0.11147327249022164,9.666666666666666,0.09452411994784876,15.666666666666666,0.15319426336375488,12.95,0.12662972620599738
5E3385DE-EEAE-4584-9BD1-7AB6EAD93708,6568.0,3.127436053593179,4.496746746746747,1.0,66.6,42.86666666666667,0.6084043848964678,0.3915956151035323,z1,42.86666666666667,0.3915956151035323,8.833333333333334,0.08069427527405602,7.166666666666667,0.06546894031668697,12.283333333333333,0.11221071863580999,18.716666666666665,0.17098051157125457,19.6,0.17904993909866018
5786F03E-E263-466E-9FD3-AA4187A4F851,7330.0,3.300818553888131,4.772930648769575,1.0,74.5,47.666666666666664,0.6098226466575716,0.39017735334242837,z1,47.666666666666664,0.39017735334242837,8.383333333333333,0.06862210095497953,9.216666666666667,0.07544338335607094,8.416666666666666,0.0688949522510232,13.4,0.10968622100954979,35.083333333333336,0.28717598908594816
A29E2284-617B-4D38-B172-226AAB69B5BE,7121.0,3.7302345176239293,4.988920804267542,1.0,81.23333333333333,37.45,0.684454430557506,0.315545569442494,z1,37.45,0.315545569442494,5.95,0.050133408229181296,5.066666666666666,0.042690633338014324,8.65,0.07288302204746525,25.833333333333332,0.217666058137902,35.733333333333334,0.3010813088049431
85E2BA4C-2B13-4A51-8DED-FD6AEB4EA136,335.0,4.402985074626866,4.8,1.0,5.0,0.5833333333333334,0.8955223880597015,0.1044776119402985,z6,0.5833333333333334,0.1044776119402985,0.0,0.0,1.5,0.26865671641791045,0.5,0.08955223880597014,0.5,0.08955223880597014,2.5,0.44776119402985076
E8A5A161-27E7-48C9-897A-995D70013183,335.0,2.1641791044776117,3.1666666666666665,1.0,3.0,2.5833333333333335,0.5373134328358209,0.4626865671641791,z1,2.5833333333333335,0.4626865671641791,1.5,0.26865671641791045,0.5,0.08955223880597014,0.5,0.08955223880597014,0.0,0.0,0.5,0.08955223880597014
D48AABB9-D305-40D1-9317-D490A35265AA,215.0,4.372093023255814,4.372093023255814,,3.5833333333333335,0.0,1.0,0.0,z5,0.0,0.0,0.5833333333333334,0.16279069767441862,0.0,0.0,1.0,0.27906976744186046,1.5,0.4186046511627907,0.5,0.13953488372093023
E1818A10-2A5E-44F2-8C09-4C9270C73167,215.0,3.7906976744186047,3.857142857142857,1.0,3.5,0.08333333333333333,0.9767441860465116,0.023255813953488372,z4,0.08333333333333333,0.023255813953488372,0.0,0.0,1.0,0.27906976744186046,2.0,0.5581395348837209,0.5,0.13953488372093023,0.0,0.0
0850F8FD-27B9-4830-A5E1-35CC235B0D29,215.0,3.9302325581395348,4.0,1.0,3.5,0.08333333333333333,0.9767441860465116,0.023255813953488372,z4,0.08333333333333333,0.023255813953488372,0.5,0.13953488372093023,0.5,0.13953488372093023,1.5,0.4186046511627907,0.5,0.13953488372093023,0.5,0.13953488372093023
A32D204D-127A-4714-8EFF-6DFD1F36C577,215.0,4.906976744186046,5.0,1.0,3.5,0.08333333333333333,0.9767441860465116,0.023255813953488372,z5,0.08333333333333333,0.023255813953488372,0.0,0.0,0.0,0.0,1.0,0.27906976744186046,1.5,0.4186046511627907,1.0,0.27906976744186046
AC1AB3C1-3120-44BB-AD65-2BAE34C927B3,245.0,3.938775510204082,4.428571428571429,1.0,3.5,0.5833333333333334,0.8571428571428571,0.14285714285714285,z4,0.5833333333333334,0.14285714285714285,0.0,0.0,0.5,0.12244897959183673,1.5,0.3673469387755102,1.0,0.24489795918367346,0.5,0.12244897959183673
7B12778C-70A8-43A6-9AE2-540689C80654,335.0,2.253731343283582,3.3333333333333335,1.0,3.0,2.5833333333333335,0.5373134328358209,0.4626865671641791,z1,2.5833333333333335,0.4626865671641791,0.0,0.0,2.0,0.3582089552238806,1.0,0.1791044776119403,0.0,0.0,0.0,0.0
3F46DC16-4F3F-4EEE-87C2-4B1DB7D03BEB,215.0,2.953488372093023,3.8,1.0,2.5,1.0833333333333333,0.6976744186046512,0.3023255813953488,z3,1.0833333333333333,0.3023255813953488,0.0,0.0,1.5,0.4186046511627907,0.5,0.13953488372093023,0.0,0.0,0.5,0.13953488372093023
C228312A-0634-48AE-97F7-679252B0A5F8,185.0,3.108108108108108,3.6,1.0,2.5,0.5833333333333334,0.8108108108108109,0.1891891891891892,z4,0.5833333333333334,0.1891891891891892,0.0,0.0,1.0,0.32432432432432434,1.5,0.4864864864864865,0.0,0.0,0.0,0.0
BDF02BBA-C7A7-477F-AADD-0C90354038CC,215.0,3.511627906976744,4.0,1.0,3.0,0.5833333333333334,0.8372093023255814,0.16279069767441862,z3,0.5833333333333334,0.16279069767441862,0.0,0.0,1.0,0.27906976744186046,1.0,0.27906976744186046,1.0,0.27906976744186046,0.0,0.0
6EF01302-6CF3-487D-BCE8-558D9EE7296C,305.0,2.8688524590163933,4.166666666666667,1.0,3.0,2.0833333333333335,0.5901639344262295,0.4098360655737705,z1,2.0833333333333335,0.4098360655737705,0.0,0.0,0.5,0.09836065573770492,1.5,0.29508196721311475,1.0,0.19672131147540983,0.0,0.0
64A7D3E8-B35B-42BA-8390-3A503F5A0672,245.0,2.5918367346938775,3.1666666666666665,1.0,3.0,1.0833333333333333,0.7346938775510204,0.2653061224489796,z3,1.0833333333333333,0.2653061224489796,0.5,0.12244897959183673,2.0,0.4897959183673469,0.0,0.0,0.5,0.12244897959183673,0.0,0.0
B5168454-B6F9-4E80-BCC6-7F3687716223,215.0,4.627906976744186,4.714285714285714,1.0,3.5,0.08333333333333333,0.9767441860465116,0.023255813953488372,z5,0.08333333333333333,0.023255813953488372,0.0,0.0,0.5,0.13953488372093023,0.5,0.13953488372093023,2.0,0.5581395348837209,0.5,0.13953488372093023
DBA9354D-DB7C-46A5-98EA-0794E0FF7438,275.0,3.9454545454545453,4.857142857142857,1.0,3.5,1.0833333333333333,0.7636363636363637,0.23636363636363636,z5,1.0833333333333333,0.23636363636363636,0.0,0.0,0.5,0.10909090909090909,0.0,0.0,2.5,0.5454545454545454,0.5,0.10909090909090909
3C066F77-15B5-46A1-AD16-DE8A9F039F1E,305.0,3.0655737704918034,3.3333333333333335,1.0,4.5,0.5833333333333334,0.8852459016393442,0.11475409836065574,z3,0.5833333333333334,0.11475409836065574,1.0,0.19672131147540983,1.5,0.29508196721311475,1.5,0.29508196721311475,0.5,0.09836065573770492,0.0,0.0
7969A38A-FB94-4908-BECD-854558664605,185.0,4.243243243243243,4.333333333333333,1.0,3.0,0.08333333333333333,0.972972972972973,0.02702702702702703,z3,0.08333333333333333,0.02702702702702703,0.0,0.0,1.0,0.32432432432432434,0.5,0.16216216216216217,1.0,0.32432432432432434,0.5,0.16216216216216217
B0F5F752-AE54-492C-8A06-2E789427EF9B,215.0,3.9302325581395348,4.5,1.0,3.0,0.5833333333333334,0.8372093023255814,0.16279069767441862,z5,0.5833333333333334,0.16279069767441862,0.0,0.0,0.5,0.13953488372093023,0.5,0.13953488372093023,2.0,0.5581395348837209,0.0,0.0
40673FFE-92C7-4973-AE06-723AC4812AD7,35.0,6.0,6.0,,0.5833333333333334,0.0,1.0,0.0,z6,0.0,0.0,0.0,0.0,0.0,0.0,0.0,0.0,0.0,0.0,0.5833333333333334,1.0
F322EF40-A32D-4222-96F8-3112B803BBF5,155.0,3.7096774193548385,4.5,1.0,2.0,0.5833333333333334,0.7741935483870968,0.22580645161290322,z1,0.5833333333333334,0.22580645161290322,0.0,0.0,0.5,0.1935483870967742,0.5,0.1935483870967742,0.5,0.1935483870967742,0.5,0.1935483870967742
C4EBB236-6CB6-4960-AD40-4A2209C84E74,245.0,1.3673469387755102,2.5,1.0,1.0,3.0833333333333335,0.24489795918367346,0.7551020408163265,z1,3.0833333333333335,0.7551020408163265,0.5,0.12244897959183673,0.5,0.12244897959183673,0.0,0.0,0.0,0.0,0.0,0.0
95E476AC-F363-4BA9-B3E9-E16DB05946FD,395.0,2.4430379746835444,3.375,1.0,4.0,2.5833333333333335,0.6075949367088608,0.3924050632911392,z1,2.5833333333333335,0.3924050632911392,1.0,0.1518987341772152,1.0,0.1518987341772152,1.5,0.22784810126582278,0.5,0.0759493670886076,0.0,0.0
890E7A0E-6076-4BA1-93FA-CC398D40D0EA,215.0,2.813953488372093,3.1666666666666665,1.0,3.0,0.5833333333333334,0.8372093023255814,0.16279069767441862,z2,0.5833333333333334,0.16279069767441862,1.0,0.27906976744186046,1.0,0.27906976744186046,0.5,0.13953488372093023,0.5,0.13953488372093023,0.0,0.0
C6D3CDC3-A73A-498A-99C6-FD07F8DAE50C,185.0,1.4864864864864864,2.5,1.0,1.0,2.0833333333333335,0.32432432432432434,0.6756756756756757,z1,2.0833333333333335,0.6756756756756757,0.5,0.16216216216216217,0.5,0.16216216216216217,0.0,0.0,0.0,0.0,0.0,0.0
FD224FC3-9214-4B67-8E6D-13FBB3FEFEB6,245.0,2.3469387755102042,3.2,1.0,2.5,1.5833333333333333,0.6122448979591837,0.3877551020408163,z3,1.5833333333333333,0.3877551020408163,0.0,0.0,2.0,0.4897959183673469,0.5,0.12244897959183673,0.0,0.0,0.0,0.0
85635F03-F56F-4A3D-AD7F-097B4465C782,275.0,3.290909090909091,4.0,1.0,3.5,1.0833333333333333,0.7636363636363637,0.23636363636363636,z1,1.0833333333333333,0.23636363636363636,1.0,0.21818181818181817,0.0,0.0,1.0,0.21818181818181817,1.0,0.21818181818181817,0.5,0.10909090909090909
876754B8-78F5-4321-B207-CE45B134C125,245.0,3.816326530612245,4.833333333333333,1.0,3.0,1.0833333333333333,0.7346938775510204,0.2653061224489796,z5,1.0833333333333333,0.2653061224489796,0.5,0.12244897959183673,0.0,0.0,0.0,0.0,1.5,0.3673469387755102,1.0,0.24489795918367346
244AD216-A18F-4309-816F-EC23A04A92E1,305.0,2.377049180327869,3.3333333333333335,1.0,3.0,2.0833333333333335,0.5901639344262295,0.4098360655737705,z1,2.0833333333333335,0.4098360655737705,1.5,0.29508196721311475,0.0,0.0,0.5,0.09836065573770492,1.0,0.19672131147540983,0.0,0.0
14D36078-203E-4EC7-B683-96D6CEBFB18A,305.0,3.6557377049180326,4.0,1.0,4.5,0.5833333333333334,0.8852459016393442,0.11475409836065574,z3,0.5833333333333334,0.11475409836065574,0.5,0.09836065573770492,1.5,0.29508196721311475,0.5,0.09836065573770492,1.5,0.29508196721311475,0.5,0.09836065573770492
CB6DAE00-C6BE-487D-AC29-3AA407483E8D,245.0,3.0816326530612246,4.4,1.0,2.5,1.5833333333333333,0.6122448979591837,0.3877551020408163,z1,1.5833333333333333,0.3877551020408163,0.0,0.0,1.0,0.24489795918367346,0.0,0.0,1.0,0.24489795918367346,0.5,0.12244897959183673
23A7832F-ECDB-4376-9B44-9261E7792196,275.0,3.8363636363636364,3.888888888888889,1.0,4.5,0.08333333333333333,0.9818181818181818,0.01818181818181818,z4,0.08333333333333333,0.01818181818181818,0.5,0.10909090909090909,1.0,0.21818181818181817,1.5,0.32727272727272727,1.5,0.32727272727272727,0.0,0.0
82EA95A1-26A9-4A80-9509-6C8FC9C4D912,305.0,3.6557377049180326,4.0,1.0,4.5,0.5833333333333334,0.8852459016393442,0.11475409836065574,z5,0.5833333333333334,0.11475409836065574,1.0,0.19672131147540983,0.5,0.09836065573770492,1.0,0.19672131147540983,1.5,0.29508196721311475,0.5,0.09836065573770492
729BBDDD-4123-428E-B948-B79D2A7E8D2F,275.0,3.0727272727272728,3.375,1.0,4.0,0.5833333333333334,0.8727272727272727,0.12727272727272726,z3,0.5833333333333334,0.12727272727272726,0.5,0.10909090909090909,2.5,0.5454545454545454,0.5,0.10909090909090909,0.0,0.0,0.5,0.10909090909090909
75A2FE85-77D8-4F05-902F-E83DCB524CB0,245.0,3.4489795918367347,3.857142857142857,1.0,3.5,0.5833333333333334,0.8571428571428571,0.14285714285714285,z2,0.5833333333333334,0.14285714285714285,1.0,0.24489795918367346,1.0,0.24489795918367346,0.0,0.0,0.5,0.12244897959183673,1.0,0.24489795918367346
D7DB5388-DC53-4410-9997-BC09B10FA16D,305.0,3.557377049180328,3.888888888888889,1.0,4.5,0.5833333333333334,0.8852459016393442,0.11475409836065574,z5,0.5833333333333334,0.11475409836065574,1.0,0.19672131147540983,1.0,0.19672131147540983,0.5,0.09836065573770492,1.5,0.29508196721311475,0.5,0.09836065573770492
5255F63D-C104-4DA1-86FB-3672CD8A56CE,245.0,3.0816326530612246,3.8333333333333335,1.0,3.0,1.0833333333333333,0.7346938775510204,0.2653061224489796,z1,1.0833333333333333,0.2653061224489796,0.5,0.12244897959183673,0.5,0.12244897959183673,1.0,0.24489795918367346,1.0,0.24489795918367346,0.0,0.0
F3DCA043-BAED-4CA8-BF05-8BF24A97B7EB,305.0,3.5737704918032787,3.8545454545454545,1.0,4.583333333333333,0.5,0.9016393442622951,0.09836065573770492,z4,0.5,0.09836065573770492,0.5833333333333334,0.11475409836065574,0.5,0.09836065573770492,2.5,0.4918032786885246,1.0,0.19672131147540983,0.0,0.0
BAD61878-67A3-497F-AAFE-A32E23EB3E83,215.0,4.069767441860465,4.666666666666667,1.0,3.0,0.5833333333333334,0.8372093023255814,0.16279069767441862,z5,0.5833333333333334,0.16279069767441862,0.0,0.0,0.0,0.0,1.0,0.27906976744186046,2.0,0.5581395348837209,0.0,0.0
01995A03-84A2-4811-82B7-8350C0914C0F,305.0,2.9672131147540983,3.5,1.0,4.0,1.0833333333333333,0.7868852459016393,0.21311475409836064,z3,1.0833333333333333,0.21311475409836064,0.0,0.0,2.5,0.4918032786885246,1.0,0.19672131147540983,0.5,0.09836065573770492,0.0,0.0
8F03975A-3FF2-4850-B874-7B493FE980F5,245.0,2.5918367346938775,3.1666666666666665,1.0,3.0,1.0833333333333333,0.7346938775510204,0.2653061224489796,z3,1.0833333333333333,0.2653061224489796,0.5,0.12244897959183673,2.0,0.4897959183673469,0.0,0.0,0.5,0.12244897959183673,0.0,0.0
22A6C669-AFF5-42FB-8FBF-46FDA9817735,155.0,2.935483870967742,3.0,1.0,2.5,0.08333333333333333,0.967741935483871,0.03225806451612903,z3,0.08333333333333333,0.03225806451612903,0.5,0.1935483870967742,1.5,0.5806451612903226,0.5,0.1935483870967742,0.0,0.0,0.0,0.0
4232926A-B1BA-45D9-B2EA-A21089F71B4C,305.0,3.6557377049180326,4.375,1.0,4.0,1.0833333333333333,0.7868852459016393,0.21311475409836064,z4,1.0833333333333333,0.21311475409836064,0.0,0.0,0.5,0.09836065573770492,2.0,0.39344262295081966,1.0,0.19672131147540983,0.5,0.09836065573770492
07C17340-E55C-45D0-875D-5661C0F11852,185.0,3.7837837837837838,3.7837837837837838,,3.0833333333333335,0.0,1.0,0.0,z3,0.0,0.0,0.08333333333333333,0.02702702702702703,1.5,0.4864864864864865,0.5,0.16216216216216217,1.0,0.32432432432432434,0.0,0.0
11922A25-30C2-42C1-957D-2AA7A43AE996,215.0,3.9302325581395348,4.0,1.0,3.5,0.08333333333333333,0.9767441860465116,0.023255813953488372,z3,0.08333333333333333,0.023255813953488372,0.0,0.0,1.5,0.4186046511627907,1.0,0.27906976744186046,0.5,0.13953488372093023,0.5,0.13953488372093023
18AFE9FE-FFDB-4A33-A655-6992E0A3CB81,305.0,3.1639344262295084,3.4444444444444446,1.0,4.5,0.5833333333333334,0.8852459016393442,0.11475409836065574,z4,0.5833333333333334,0.11475409836065574,1.0,0.19672131147540983,1.0,0.19672131147540983,2.0,0.39344262295081966,0.5,0.09836065573770492,0.0,0.0
22259088-F071-4EA1-A047-AE24D4773BC1,215.0,3.511627906976744,3.5714285714285716,1.0,3.5,0.08333333333333333,0.9767441860465116,0.023255813953488372,z4,0.08333333333333333,0.023255813953488372,0.5,0.13953488372093023,0.5,0.13953488372093023,2.5,0.6976744186046512,0.0,0.0,0.0,0.0
97C65654-7B3B-4E58-A0C0-2F276BC2C047,185.0,2.4594594594594597,2.8,1.0,2.5,0.5833333333333334,0.8108108108108109,0.1891891891891892,z2,0.5833333333333334,0.1891891891891892,1.5,0.4864864864864865,0.0,0.0,1.0,0.32432432432432434,0.0,0.0,0.0,0.0
D7C636E4-29A2-496C-818F-89E1384FA378,215.0,3.0930232558139537,3.5,1.0,3.0,0.5833333333333334,0.8372093023255814,0.16279069767441862,z3,0.5833333333333334,0.16279069767441862,0.0,0.0,2.0,0.5581395348837209,0.5,0.13953488372093023,0.5,0.13953488372093023,0.0,0.0
CCF15A77-C9E9-41DB-9E84-F01EFCE2D046,245.0,3.0816326530612246,3.4285714285714284,1.0,3.5,0.5833333333333334,0.8571428571428571,0.14285714285714285,z4,0.5833333333333334,0.14285714285714285,1.0,0.24489795918367346,0.5,0.12244897959183673,1.5,0.3673469387755102,0.5,0.12244897959183673,0.0,0.0
2FF448B4-B5E9-410B-8989-1E05E5B2B5A3,245.0,3.4489795918367347,3.857142857142857,1.0,3.5,0.5833333333333334,0.8571428571428571,0.14285714285714285,z4,0.5833333333333334,0.14285714285714285,0.5,0.12244897959183673,0.5,0.12244897959183673,1.5,0.3673469387755102,1.0,0.24489795918367346,0.0,0.0
AA5AF956-DD4C-407E-B07C-600856CCDAF6,275.0,2.5272727272727273,3.8,1.0,2.5,2.0833333333333335,0.5454545454545454,0.45454545454545453,z1,2.0833333333333335,0.45454545454545453,1.0,0.21818181818181817,0.0,0.0,0.0,0.0,1.5,0.32727272727272727,0.0,0.0
B49494CB-8906-4EC6-83BF-BA87D7BB7B8E,695.0,1.3453237410071943,2.3333333333333335,1.0,3.0,8.583333333333334,0.2589928057553957,0.7410071942446043,z1,8.583333333333334,0.7410071942446043,2.0,0.17266187050359713,1.0,0.08633093525179857,0.0,0.0,0.0,0.0,0.0,0.0
3DFA53A0-44DE-42B9-91C0-2498F9E82C8F,275.0,3.618181818181818,4.0,1.0,4.0,0.5833333333333334,0.8727272727272727,0.12727272727272726,z4,0.5833333333333334,0.12727272727272726,1.0,0.21818181818181817,0.0,0.0,1.5,0.32727272727272727,1.0,0.21818181818181817,0.5,0.10909090909090909
1E2D3BB1-9CC5-48A3-835D-0F84971F4A83,215.0,5.3023255813953485,5.3023255813953485,,3.5833333333333335,0.0,1.0,0.0,z6,0.0,0.0,0.0,0.0,0.0,0.0,1.0,0.27906976744186046,0.5,0.13953488372093023,2.0833333333333335,0.5813953488372093
7AD4464E-A983-4712-9D4C-651D443A3744,245.0,2.5918367346938775,3.1666666666666665,1.0,3.0,1.0833333333333333,0.7346938775510204,0.2653061224489796,z2,1.0833333333333333,0.2653061224489796,1.5,0.3673469387755102,0.0,0.0,1.0,0.24489795918367346,0.5,0.12244897959183673,0.0,0.0
406F2123-752A-4F32-8D40-99F7E70E7F4C,245.0,2.7142857142857144,3.0,1.0,3.5,0.5833333333333334,0.8571428571428571,0.14285714285714285,z3,0.5833333333333334,0.14285714285714285,0.5,0.12244897959183673,2.5,0.6122448979591837,0.5,0.12244897959183673,0.0,0.0,0.0,0.0
8372C1AA-1394-4ED2-926F-4BA0F1BA6D51,215.0,5.069767441860465,5.069767441860465,,3.5833333333333335,0.0,1.0,0.0,z5,0.0,0.0,0.08333333333333333,0.023255813953488372,0.0,0.0,0.5,0.13953488372093023,2.0,0.5581395348837209,1.0,0.27906976744186046
50438C34-9B1E-4326-8E01-15B27F54FBD3,215.0,4.953488372093023,4.953488372093023,,3.5833333333333335,0.0,1.0,0.0,z5,0.0,0.0,0.5,0.13953488372093023,0.08333333333333333,0.023255813953488372,0.0,0.0,1.5,0.4186046511627907,1.5,0.4186046511627907
EB62F104-A230-4F3E-B56F-B17B171963D3,245.0,2.4693877551020407,4.0,1.0,2.0,2.0833333333333335,0.4897959183673469,0.5102040816326531,z1,2.0833333333333335,0.5102040816326531,0.5,0.12244897959183673,0.5,0.12244897959183673,0.0,0.0,0.5,0.12244897959183673,0.5,0.12244897959183673
71CF64BB-B663-4EF1-88A3-758C3612CEC7,125.0,2.72,3.263157894736842,1.0,1.5833333333333333,0.5,0.76,0.24,z3,0.5,0.24,0.08333333333333333,0.04,1.0,0.48,0.5,0.24,0.0,0.0,0.0,0.0
F660CC60-2A69-47E4-8DF5-6204434E16A1,275.0,3.9454545454545453,4.857142857142857,1.0,3.5,1.0833333333333333,0.7636363636363637,0.23636363636363636,z6,1.0833333333333333,0.23636363636363636,0.0,0.0,0.5,0.10909090909090909,1.0,0.21818181818181817,0.5,0.10909090909090909,1.5,0.32727272727272727
3FD1B399-DF72-4CE3-B28A-39F60600589D,155.0,5.0,5.0,,2.5833333333333335,0.0,1.0,0.0,z5,0.0,0.0,0.0,0.0,0.0,0.0,0.5,0.1935483870967742,1.5833333333333333,0.6129032258064516,0.5,0.1935483870967742
8A7CEA23-9BAA-40DA-8F72-6E45FCF7B3BB,65.0,1.0,,1.0,0.0,1.0833333333333333,0.0,1.0,z1,1.0833333333333333,1.0,0.0,0.0,0.0,0.0,0.0,0.0,0.0,0.0,0.0,0.0
6CB8D0B9-D9DE-4616-BBF1-A89917F0444F,65.0,1.4615384615384615,2.0,1.0,0.5,0.5833333333333334,0.46153846153846156,0.5384615384615384,z1,0.5833333333333334,0.5384615384615384,0.5,0.46153846153846156,0.0,0.0,0.0,0.0,0.0,0.0,0.0,0.0
F35398E3-A99F-46B4-B35E-FCA795984357,305.0,2.6721311475409837,3.125,1.0,4.0,1.0833333333333333,0.7868852459016393,0.21311475409836064,z3,1.0833333333333333,0.21311475409836064,1.0,0.19672131147540983,1.5,0.29508196721311475,1.5,0.29508196721311475,0.0,0.0,0.0,0.0
F86B3C55-1A3F-4072-A21F-E335BE607EE8,245.0,3.693877551020408,3.75,1.0,4.0,0.08333333333333333,0.9795918367346939,0.02040816326530612,z4,0.08333333333333333,0.02040816326530612,0.5,0.12244897959183673,0.5,0.12244897959183673,2.5,0.6122448979591837,0.5,0.12244897959183673,0.0,0.0
746B7C30-65A0-482C-93DD-E20F6F124CD7,245.0,4.795918367346939,4.875,1.0,4.0,0.08333333333333333,0.9795918367346939,0.02040816326530612,z5,0.08333333333333333,0.02040816326530612,0.5,0.12244897959183673,0.0,0.0,0.5,0.12244897959183673,1.5,0.3673469387755102,1.5,0.3673469387755102
AE41FBEC-A204-474D-A27E-9224414126D8,185.0,2.4594594594594597,2.8,1.0,2.5,0.5833333333333334,0.8108108108108109,0.1891891891891892,z2,0.5833333333333334,0.1891891891891892,1.0,0.32432432432432434,1.0,0.32432432432432434,0.5,0.16216216216216217,0.0,0.0,0.0,0.0
E377C593-C191-421E-925C-D44964112D77,215.0,4.488372093023256,4.571428571428571,1.0,3.5,0.08333333333333333,0.9767441860465116,0.023255813953488372,z5,0.08333333333333333,0.023255813953488372,0.0,0.0,0.5,0.13953488372093023,0.5,0.13953488372093023,2.5,0.6976744186046512,0.0,0.0
E6C9AB37-F681-40A3-8B5C-5BEB9E01E75D,155.0,4.935483870967742,4.935483870967742,,2.5833333333333335,0.0,1.0,0.0,z4,0.0,0.0,0.0,0.0,0.08333333333333333,0.03225806451612903,1.0,0.3870967741935484,0.5,0.1935483870967742,1.0,0.3870967741935484
D09E705A-B556-47A0-B123-66735A5CD39A,245.0,3.836734693877551,3.836734693877551,,4.083333333333333,0.0,1.0,0.0,z2,0.0,0.0,1.0833333333333333,0.2653061224489796,1.0,0.24489795918367346,0.5,0.12244897959183673,0.5,0.12244897959183673,1.0,0.24489795918367346
1364C7B2-6167-4197-94E1-1EB1C4A4BA2C,215.0,2.953488372093023,3.0,1.0,3.5,0.08333333333333333,0.9767441860465116,0.023255813953488372,z3,0.08333333333333333,0.023255813953488372,1.0,0.27906976744186046,1.5,0.4186046511627907,1.0,0.27906976744186046,0.0,0.0,0.0,0.0
CBD33845-DF34-4EA0-9ABC-45AB10A56E24,245.0,2.4693877551020407,3.4,1.0,2.5,1.5833333333333333,0.6122448979591837,0.3877551020408163,z3,1.5833333333333333,0.3877551020408163,0.0,0.0,2.0,0.4897959183673469,0.0,0.0,0.5,0.12244897959183673,0.0,0.0
6D4D1F76-4FAC-4CB3-B940-08DC8EA14018,185.0,1.8108108108108107,2.25,1.0,2.0,1.0833333333333333,0.6486486486486487,0.35135135135135137,z2,1.0833333333333333,0.35135135135135137,1.5,0.4864864864864865,0.5,0.16216216216216217,0.0,0.0,0.0,0.0,0.0,0.0
A63B027B-E5EB-4F3A-BB6B-73E812DFC537,215.0,3.6511627906976742,4.166666666666667,1.0,3.0,0.5833333333333334,0.8372093023255814,0.16279069767441862,z3,0.5833333333333334,0.16279069767441862,0.5,0.13953488372093023,1.0,0.27906976744186046,0.0,0.0,0.5,0.13953488372093023,1.0,0.27906976744186046
8599379D-A468-4908-83A4-327F004111E4,335.0,2.253731343283582,3.3333333333333335,1.0,3.0,2.5833333333333335,0.5373134328358209,0.4626865671641791,z1,2.5833333333333335,0.4626865671641791,0.5,0.08955223880597014,1.5,0.26865671641791045,0.5,0.08955223880597014,0.5,0.08955223880597014,0.0,0.0
05C049D1-C06B-49EE-A126-BCAE0709DD0E,185.0,2.7837837837837838,2.8333333333333335,1.0,3.0,0.08333333333333333,0.972972972972973,0.02702702702702703,z2,0.08333333333333333,0.02702702702702703,1.5,0.4864864864864865,1.0,0.32432432432432434,0.0,0.0,0.5,0.16216216216216217,0.0,0.0
CBCE0207-40D2-42E2-837A-E72A53E36154,185.0,2.891891891891892,3.8,1.0,2.0833333333333335,1.0,0.6756756756756757,0.32432432432432434,z1,1.0,0.32432432432432434,0.0,0.0,1.0,0.32432432432432434,0.5,0.16216216216216217,0.5833333333333334,0.1891891891891892,0.0,0.0
2B39AF45-C539-452D-9EF7-8E7B7D5E8464,275.0,2.8545454545454545,3.4285714285714284,1.0,3.5,1.0833333333333333,0.7636363636363637,0.23636363636363636,z3,1.0833333333333333,0.23636363636363636,0.0,0.0,2.0,0.43636363636363634,1.5,0.32727272727272727,0.0,0.0,0.0,0.0
37F3F816-9354-437B-AE07-4BFA9E790CA4,185.0,3.4324324324324325,4.0,1.0,2.5,0.5833333333333334,0.8108108108108109,0.1891891891891892,z5,0.5833333333333334,0.1891891891891892,0.5,0.16216216216216217,0.5,0.16216216216216217,0.0,0.0,1.5,0.4864864864864865,0.0,0.0
F484BD7E-4FCE-42BA-99BA-98B849D9B1CB,275.0,5.1454545454545455,5.222222222222222,1.0,4.5,0.08333333333333333,0.9818181818181818,0.01818181818181818,z6,0.08333333333333333,0.01818181818181818,0.5,0.10909090909090909,0.5,0.10909090909090909,0.0,0.0,0.0,0.0,3.5,0.7636363636363637
E4060BC6-7F6B-42EC-9A1B-D3B54814FE2F,185.0,4.405405405405405,4.5,1.0,3.0,0.08333333333333333,0.972972972972973,0.02702702702702703,z5,0.08333333333333333,0.02702702702702703,0.0,0.0,1.0,0.32432432432432434,0.0,0.0,1.5,0.4864864864864865,0.5,0.16216216216216217
A6C7FE1D-05DD-4D39-A07B-BD985B5C68F2,215.0,3.2790697674418605,3.6486486486486487,1.0,3.0833333333333335,0.5,0.8604651162790697,0.13953488372093023,z3,0.5,0.13953488372093023,0.0,0.0,1.5833333333333333,0.4418604651162791,1.0,0.27906976744186046,0.5,0.13953488372093023,0.0,0.0
1F7E3453-3272-4093-A2E7-8C0332A78538,185.0,3.108108108108108,3.1666666666666665,1.0,3.0,0.08333333333333333,0.972972972972973,0.02702702702702703,z4,0.08333333333333333,0.02702702702702703,1.0,0.32432432432432434,0.5,0.16216216216216217,1.5,0.4864864864864865,0.0,0.0,0.0,0.0
E3A3C88F-127B-49B5-8CEB-0E432418CF10,35.0,1.1428571428571428,2.0,1.0,0.08333333333333333,0.5,0.14285714285714285,0.8571428571428571,z1,0.5,0.8571428571428571,0.08333333333333333,0.14285714285714285,0.0,0.0,0.0,0.0,0.0,0.0,0.0,0.0
A0D32B45-4F2D-47CA-90DD-187E1E73FDC5,155.0,3.7096774193548385,3.8,1.0,2.5,0.08333333333333333,0.967741935483871,0.03225806451612903,z5,0.08333333333333333,0.03225806451612903,0.5,0.1935483870967742,0.5,0.1935483870967742,0.5,0.1935483870967742,1.0,0.3870967741935484,0.0,0.0
CB34DCBF-B72A-4FEA-9CD6-B50ED6894137,305.0,2.5737704918032787,3.0,1.0,4.0,1.0833333333333333,0.7868852459016393,0.21311475409836064,z2,1.0833333333333333,0.21311475409836064,2.0,0.39344262295081966,1.0,0.19672131147540983,0.5,0.09836065573770492,0.0,0.0,0.5,0.09836065573770492
242786CB-D197-4807-93D2-8F8C124DE963,125.0,3.0,3.6315789473684212,1.0,1.5833333333333333,0.5,0.76,0.24,z1,0.5,0.24,0.5,0.24,0.08333333333333333,0.04,0.5,0.24,0.5,0.24,0.0,0.0
3C80246F-ED21-46B3-9267-F26935812930,215.0,2.813953488372093,3.6,1.0,2.5,1.0833333333333333,0.6976744186046512,0.3023255813953488,z1,1.0833333333333333,0.3023255813953488,0.5,0.13953488372093023,0.5,0.13953488372093023,1.0,0.27906976744186046,0.5,0.13953488372093023,0.0,0.0
615337D3-82AA-496E-AC94-C784AEC64659,125.0,4.04,4.04,,2.0833333333333335,0.0,1.0,0.0,z4,0.0,0.0,0.0,0.0,0.5,0.24,1.0,0.48,0.5833333333333334,0.28,0.0,0.0
C9B94B92-68CF-44CD-AC5B-8AD380BCFEFA,305.0,3.1639344262295084,3.4444444444444446,1.0,4.5,0.5833333333333334,0.8852459016393442,0.11475409836065574,z2,0.5833333333333334,0.11475409836065574,1.5,0.29508196721311475,1.0,0.19672131147540983,1.0,0.19672131147540983,0.5,0.09836065573770492,0.5,0.09836065573770492
C67532BE-1BCA-4C0B-981B-4E1C711F56F6,275.0,3.327272727272727,3.6122448979591835,1.0,4.083333333333333,0.5,0.8909090909090909,0.10909090909090909,z3,0.5,0.10909090909090909,0.5,0.10909090909090909,1.5833333333333333,0.34545454545454546,1.5,0.32727272727272727,0.0,0.0,0.5,0.10909090909090909
143AC893-F11F-4404-A19A-2B0C0FD4B7AF,245.0,3.9591836734693877,4.372093023255814,1.0,3.5833333333333335,0.5,0.8775510204081632,0.12244897959183673,z5,0.5,0.12244897959183673,0.08333333333333333,0.02040816326530612,1.0,0.24489795918367346,0.5,0.12244897959183673,1.5,0.3673469387755102,0.5,0.12244897959183673
B7D523CF-3ED1-408D-8A18-B79CFEB58B3F,305.0,3.0655737704918034,3.625,1.0,4.0,1.0833333333333333,0.7868852459016393,0.21311475409836064,z2,1.0833333333333333,0.21311475409836064,1.5,0.29508196721311475,0.5,0.09836065573770492,0.5,0.09836065573770492,1.0,0.19672131147540983,0.5,0.09836065573770492
078FF11C-FBE3-4BA3-B4B7-D01F619F092C,125.0,3.24,3.24,,2.0833333333333335,0.0,1.0,0.0,z4,0.0,0.0,0.5,0.24,0.5833333333333334,0.28,1.0,0.48,0.0,0.0,0.0,0.0
DA52790B-9940-49FF-9C0E-D1A9015A22BE,245.0,3.204081632653061,3.25,1.0,4.0,0.08333333333333333,0.9795918367346939,0.02040816326530612,z3,0.08333333333333333,0.02040816326530612,1.0,0.24489795918367346,1.5,0.3673469387755102,1.0,0.24489795918367346,0.5,0.12244897959183673,0.0,0.0
C5FD64E8-2334-4539-97CE-D8FE27DF86E1,245.0,3.489795918367347,3.489795918367347,,4.083333333333333,0.0,1.0,0.0,z4,0.0,0.0,1.0,0.24489795918367346,1.0833333333333333,0.2653061224489796,1.5,0.3673469387755102,0.0,0.0,0.5,0.12244897959183673
BE3AE2C6-8BC6-4A9F-9312-510BCAE3BE24,245.0,2.4693877551020407,2.7142857142857144,1.0,3.5,0.5833333333333334,0.8571428571428571,0.14285714285714285,z3,0.5833333333333334,0.14285714285714285,1.0,0.24489795918367346,2.5,0.6122448979591837,0.0,0.0,0.0,0.0,0.0,0.0
D12347FE-5C0C-4F98-BD41-36E153600989,245.0,4.816326530612245,4.816326530612245,,4.083333333333333,0.0,1.0,0.0,z5,0.0,0.0,0.08333333333333333,0.02040816326530612,0.0,0.0,1.0,0.24489795918367346,2.5,0.6122448979591837,0.5,0.12244897959183673
043BFAAC-CF8C-42F3-94FF-A6278CA4EA87,305.0,2.081967213114754,2.8333333333333335,1.0,3.0,2.0833333333333335,0.5901639344262295,0.4098360655737705,z1,2.0833333333333335,0.4098360655737705,1.0,0.19672131147540983,1.5,0.29508196721311475,0.5,0.09836065573770492,0.0,0.0,0.0,0.0
5A1809B8-11B2-4F2D-8E48-047988D2204B,35.0,1.4285714285714286,4.0,1.0,0.08333333333333333,0.5,0.14285714285714285,0.8571428571428571,z1,0.5,0.8571428571428571,0.0,0.0,0.0,0.0,0.08333333333333333,0.14285714285714285,0.0,0.0,0.0,0.0
04F4AE7F-AF12-473F-A2DA-EA2164CEF92C,215.0,2.5813953488372094,2.8378378378378377,1.0,3.0833333333333335,0.5,0.8604651162790697,0.13953488372093023,z3,0.5,0.13953488372093023,0.5,0.13953488372093023,2.5833333333333335,0.7209302325581395,0.0,0.0,0.0,0.0,0.0,0.0
1CF6FEE5-4929-4F8A-A283-8058B1AC03FF,215.0,3.953488372093023,3.953488372093023,,3.5833333333333335,0.0,1.0,0.0,z3,0.0,0.0,0.08333333333333333,0.023255813953488372,1.5,0.4186046511627907,0.5,0.13953488372093023,1.5,0.4186046511627907,0.0,0.0
BEB9F967-CAAB-41AD-80D4-1C27385B197A,155.0,3.032258064516129,3.52,1.0,2.0833333333333335,0.5,0.8064516129032258,0.1935483870967742,z3,0.5,0.1935483870967742,0.0,0.0,1.5,0.5806451612903226,0.08333333333333333,0.03225806451612903,0.5,0.1935483870967742,0.0,0.0
589F769D-89FB-4CEA-B3B1-0C1A772063B3,155.0,1.0,,1.0,0.0,2.5833333333333335,0.0,1.0,z1,2.5833333333333335,1.0,0.0,0.0,0.0,0.0,0.0,0.0,0.0,0.0,0.0,0.0
92B93937-068B-4873-A8B5-6BC0618D0F24,245.0,3.7142857142857144,4.093023255813954,1.0,3.5833333333333335,0.5,0.8775510204081632,0.12244897959183673,z5,0.5,0.12244897959183673,0.5833333333333334,0.14285714285714285,1.0,0.24489795918367346,0.0,0.0,1.5,0.3673469387755102,0.5,0.12244897959183673
B39BAFB8-87B8-490A-8BAE-CAFE1F9652D8,395.0,2.6835443037974684,3.180327868852459,1.0,5.083333333333333,1.5,0.7721518987341772,0.22784810126582278,z3,1.5,0.22784810126582278,1.0833333333333333,0.16455696202531644,2.5,0.379746835443038,1.0,0.1518987341772152,0.5,0.0759493670886076,0.0,0.0
3155875F-A84D-4262-A149-7E1BFBB161A5,365.0,3.3835616438356166,4.222222222222222,1.0,4.5,1.5833333333333333,0.7397260273972602,0.2602739726027397,z1,1.5833333333333333,0.2602739726027397,0.5,0.0821917808219178,1.0,0.1643835616438356,1.0,0.1643835616438356,1.0,0.1643835616438356,1.0,0.1643835616438356
EF0CF059-9966-4710-A42D-494702DB153F,7616.0,3.4181985294117645,4.216943231441048,1.0,95.41666666666667,31.516666666666666,0.7517069327731093,0.24829306722689076,z1,31.516666666666666,0.24829306722689076,18.266666666666666,0.14390756302521007,16.933333333333334,0.1334033613445378,14.083333333333334,0.11095063025210083,18.1,0.14259453781512604,28.033333333333335,0.22085084033613445
B2BF711F-2821-4F66-83D2-9196C636467A,6729.0,4.024966562639323,4.651121076233184,1.0,92.91666666666667,19.233333333333334,0.8285034923465596,0.17149650765344032,z6,19.233333333333334,0.17149650765344032,14.4,0.12839946500222915,11.683333333333334,0.10417595482241046,8.65,0.07712884529647793,15.383333333333333,0.13716748402437212,42.8,0.38163174320107
90DE7FAB-871B-4D53-8E55-B74A7544C78E,155.0,2.870967741935484,2.870967741935484,,2.5833333333333335,0.0,1.0,0.0,z2,0.0,0.0,1.0,0.3870967741935484,1.0,0.3870967741935484,0.5,0.1935483870967742,0.08333333333333333,0.03225806451612903,0.0,0.0
8AA94670-13DE-4013-BBEA-4F6FAB5842E8,245.0,2.7551020408163267,3.324324324324324,1.0,3.0833333333333335,1.0,0.7551020408163265,0.24489795918367346,z3,1.0,0.24489795918367346,1.0,0.24489795918367346,1.0833333333333333,0.2653061224489796,0.5,0.12244897959183673,0.0,0.0,0.5,0.12244897959183673
E4850E51-FE4D-4D83-8F74-029EB98F4EF8,305.0,2.278688524590164,2.625,1.0,4.0,1.0833333333333333,0.7868852459016393,0.21311475409836064,z2,1.0833333333333333,0.21311475409836064,2.5,0.4918032786885246,0.5,0.09836065573770492,1.0,0.19672131147540983,0.0,0.0,0.0,0.0
FD131227-E5EB-4A5F-9B52-78B6E7A1BB67,4828.0,3.9666528583264293,4.649171974522293,1.0,65.41666666666667,15.05,0.8129660314830157,0.18703396851698426,z6,15.05,0.18703396851698426,7.916666666666667,0.09838442419221209,8.533333333333333,0.1060480530240265,8.466666666666667,0.1052195526097763,14.166666666666666,0.176056338028169,26.333333333333332,0.3272576636288318
9AC8AFF6-83BA-451F-BE0E-AAFBB5587AD6,3325.0,5.301654135338346,5.331617201695942,1.0,55.03333333333333,0.38333333333333336,0.9930827067669173,0.0069172932330827065,z6,0.38333333333333336,0.0069172932330827065,2.35,0.04240601503759398,2.433333333333333,0.043909774436090225,3.2666666666666666,0.05894736842105263,13.55,0.24451127819548873,33.43333333333333,0.6033082706766917
08D1A856-3E89-4FFF-83C3-4E7C6BA7C1C5,142.0,4.73943661971831,4.73943661971831,,2.3666666666666667,0.0,1.0,0.0,z5,0.0,0.0,0.0,0.0,0.0,0.0,0.8333333333333334,0.352112676056338,1.3166666666666667,0.5563380281690141,0.21666666666666667,0.09154929577464789
A985C14E-5694-40F1-8F07-6A4504380CFB,5243.0,2.9263780278466527,3.7701590784421284,1.0,60.766666666666666,26.616666666666667,0.695403395002861,0.30459660499713903,z1,26.616666666666667,0.30459660499713903,15.366666666666667,0.17585351897768453,11.366666666666667,0.1300781995041007,10.216666666666667,0.11691779515544536,19.5,0.22315468243372116,4.316666666666666,0.049399198931909215
8E32D180-2C42-4596-8685-8FD8B19A1C56,7020.0,3.1415954415954417,4.382988298829883,1.0,74.06666666666666,42.93333333333333,0.6330484330484331,0.36695156695156694,z1,42.93333333333333,0.36695156695156694,13.433333333333334,0.11481481481481481,10.666666666666666,0.09116809116809117,7.75,0.06623931623931624,18.533333333333335,0.15840455840455842,23.683333333333334,0.20242165242165241
29952E67-F9F8-4328-8430-93E255A9D8EA,7700.0,2.1033766233766236,3.405436013590034,1.0,58.86666666666667,69.46666666666667,0.4587012987012987,0.5412987012987013,z1,69.46666666666667,0.5412987012987013,24.6,0.19168831168831169,12.783333333333333,0.09961038961038961,5.866666666666666,0.045714285714285714,4.25,0.033116883116883114,11.366666666666667,0.08857142857142856
E3F35A96-7FBD-45A7-A9A5-9DBAFEA22B86,7436.0,3.896718665949435,4.506430083021325,1.0,102.38333333333334,21.55,0.8261161915008068,0.1738838084991931,z6,21.55,0.1738838084991931,14.35,0.1157880580957504,16.416666666666668,0.13246369015599785,14.65,0.11820871436256052,16.966666666666665,0.13690155997848305,40.0,0.32275416890801506
31825C71-A8F1-4366-AAD8-078E536118C5,6522.0,3.000306654400491,3.901690391459075,1.0,74.93333333333334,33.766666666666666,0.6893590923029745,0.31064090769702546,z1,33.766666666666666,0.31064090769702546,12.733333333333333,0.11714198098742717,18.1,0.16651333946642136,15.65,0.14397424103035877,20.7,0.19043238270469182,7.75,0.07129714811407543
2D815ED3-9E9E-4E05-B9E0-76E930233BBB,8915.0,2.353337072349972,3.727786570201221,1.0,73.71666666666667,74.86666666666666,0.4961301177790241,0.5038698822209758,z1,74.86666666666666,0.5038698822209758,15.033333333333333,0.10117779024116658,18.916666666666668,0.12731351654514864,18.316666666666666,0.12327537857543466,13.983333333333333,0.09411104879416714,7.466666666666667,0.050252383623107126
70DB6C0B-7B11-4897-9ED8-FC021D8E63BA,4849.0,1.9494741183749227,4.199444058373871,1.0,23.983333333333334,56.833333333333336,0.2967622190142297,0.7032377809857703,z1,56.833333333333336,0.7032377809857703,4.65,0.057537636626108474,2.7,0.03340895029903073,4.016666666666667,0.049700969272014846,8.45,0.10455764075067024,4.166666666666667,0.051557022066405445
BE3D7FCA-04E8-4F52-8634-31C496878569,4369.0,2.9244678416113525,4.237581825182903,1.0,43.28333333333333,29.533333333333335,0.5944151979858091,0.4055848020141909,z1,29.533333333333335,0.4055848020141909,6.6,0.09063859006637674,7.3,0.1002517738612955,8.883333333333333,0.12199588006408789,10.216666666666667,0.1403067063401236,10.283333333333333,0.14122224765392538
DFB1CAB5-BC3A-4A14-8D87-B9EE17AC9F38,7049.0,2.2594694282877006,3.518581560283688,1.0,58.75,58.733333333333334,0.5000709320470988,0.4999290679529011,z1,58.733333333333334,0.4999290679529011,11.75,0.10001418640941978,18.383333333333333,0.15647609590012768,15.683333333333334,0.13349411264009078,12.266666666666667,0.1044119733295503,0.6666666666666666,0.005674563767910342
BEB35005-5E23-4F9A-8BCC-D568D88E311B,5399.0,2.0053713650676053,4.032402234636871,1.0,29.833333333333332,60.15,0.3315428783107983,0.6684571216892017,z1,60.15,0.6684571216892017,8.566666666666666,0.09520281533617336,5.55,0.061678088534913876,1.55,0.017225412113354325,4.683333333333334,0.05204667531024264,9.483333333333333,0.1053898870161141
6945CEDC-510A-4EE1-B37F-EA92BF905729,7165.0,3.01884159106769,4.4605263157894735,1.0,69.66666666666667,49.75,0.5833914863921842,0.41660851360781576,z1,49.75,0.41660851360781576,10.466666666666667,0.08764829030006978,10.316666666666666,0.08639218422889045,7.9,0.06615491974877878,18.633333333333333,0.15603628750872295,22.35,0.18715980460572226
CEECB1F9-70FA-4967-8911-BF5EBBA49372,8151.0,2.510244141823089,3.747154652979246,1.0,74.68333333333334,61.166666666666664,0.5497484971169182,0.45025150288308186,z1,61.166666666666664,0.45025150288308186,22.766666666666666,0.16758679916574654,14.15,0.104158998895841,9.25,0.06808980493191019,16.233333333333334,0.11949454054717212,12.283333333333333,0.09041835357624832
63DE59A2-CEC2-4BF8-8BE9-30B6E71D952B,7581.0,2.9117530668777207,4.115434221840069,1.0,77.53333333333333,48.81666666666667,0.6136393615617992,0.3863606384382008,z1,48.81666666666667,0.3863606384382008,19.3,0.15275029679461813,13.983333333333333,0.11067141538055665,6.366666666666666,0.05038913072154069,14.233333333333333,0.11265004616805172,23.65,0.18717847249703207
FE11C9D9-068B-4CBC-A3A1-F825F4B02984,1128.0,2.3129432624113475,3.4560530679933663,1.0,10.05,8.75,0.5345744680851063,0.4654255319148936,z1,8.75,0.4654255319148936,3.95,0.21010638297872342,2.3666666666666667,0.12588652482269502,0.45,0.023936170212765957,1.7666666666666666,0.09397163120567376,1.5166666666666666,0.08067375886524823
DABFF5C1-FB60-4480-879C-6DDE868E4E74,5927.0,3.074067825206681,4.074018504626157,1.0,66.65,32.13333333333333,0.674708959001181,0.32529104099881895,z1,32.13333333333333,0.32529104099881895,11.766666666666667,0.11911591024126877,10.3,0.10426860131601147,13.333333333333334,0.13497553568415724,23.733333333333334,0.2402564535177999,7.516666666666667,0.07609245824194365
1D15371D-D45E-4B29-AE8E-C6627058335A,8917.0,2.867107771672087,4.093459680416202,1.0,89.7,58.916666666666664,0.6035662218234832,0.39643377817651676,z1,58.916666666666664,0.39643377817651676,17.233333333333334,0.11595828193338567,14.45,0.09723001009308063,17.45,0.11741617135808007,23.833333333333332,0.16036783671638444,16.733333333333334,0.11259392172255243
40440D82-0247-4857-923D-8C1D81EB375D,3469.0,3.09051599884693,4.3144424131627055,1.0,36.46666666666667,21.35,0.630729316805996,0.369270683194004,z1,21.35,0.369270683194004,4.416666666666667,0.07639089074661286,5.383333333333334,0.09311040645719228,7.966666666666667,0.13779187085615452,11.716666666666667,0.20265206111271258,6.983333333333333,0.12078408763332373
6F4EA4D3-A5EA-4833-A20F-3C59B03029F9,8868.0,3.3271312584573747,4.332310673340869,1.0,103.21666666666667,44.583333333333336,0.6983536310329274,0.30164636896707264,z1,44.583333333333336,0.30164636896707264,16.566666666666666,0.11208840775823184,18.133333333333333,0.12268831754623365,13.833333333333334,0.09359494812810104,23.8,0.16102841677943167,30.883333333333333,0.20895354082092918
47C41CFF-100C-4649-A8F8-E5D6062D340F,6792.0,3.1853651354534747,4.159429544487016,1.0,78.3,34.9,0.691696113074205,0.3083038869257951,z1,34.9,0.3083038869257951,11.883333333333333,0.10497644287396937,15.85,0.14001766784452296,13.133333333333333,0.1160188457008245,22.766666666666666,0.20111896348645467,14.666666666666666,0.12956419316843346
80F72575-8945-4041-A5E6-4A910EF9676B,5613.0,2.7518261179404955,4.096032745591939,1.0,52.93333333333333,40.61666666666667,0.5658293247817566,0.4341706752182434,z1,40.61666666666667,0.4341706752182434,10.95,0.11704970603955105,10.483333333333333,0.1120612862996615,7.733333333333333,0.08266524140388384,10.066666666666666,0.10760734010333155,13.7,0.1464457509353287
37FBA84C-D1C4-4027-9DD9-A90703434E5E,3183.0,3.50109959158027,4.384778911564626,1.0,39.2,13.85,0.7389255419415646,0.26107445805843543,z1,13.85,0.26107445805843543,4.616666666666666,0.08702481935281181,7.966666666666667,0.15017279296261388,7.266666666666667,0.13697769399937165,6.416666666666667,0.12095507382972039,12.933333333333334,0.2437951617970468
6408984F-DF61-4E81-B654-5D337F8CCC7D,9301.0,3.691215998279755,4.647770329350044,1.0,114.36666666666666,40.65,0.7377701322438448,0.26222986775615525,z6,40.65,0.26222986775615525,13.016666666666667,0.08396946564885496,17.166666666666668,0.11074078056122998,13.366666666666667,0.08622728738845285,24.35,0.1570798838834534,46.46666666666667,0.29975271476185356
3FFB4BB3-EBD0-4DF0-AEBD-51C1E3BF2F9F,7605.0,2.8898093359631822,4.100086281276963,1.0,77.26666666666667,49.483333333333334,0.6095989480604865,0.39040105193951347,z1,49.483333333333334,0.39040105193951347,11.683333333333334,0.09217619986850756,17.033333333333335,0.13438527284681132,13.083333333333334,0.1032215647600263,22.8,0.17988165680473372,12.666666666666666,0.09993425378040763
C4B61B76-747B-4D3A-97F3-EB2BAE90D1C1,5305.0,1.8976437323279924,2.99748322147651,1.0,39.733333333333334,48.68333333333333,0.44938737040527804,0.550612629594722,z1,48.68333333333333,0.550612629594722,17.783333333333335,0.20113100848256363,11.883333333333333,0.1344015080113101,5.133333333333334,0.05805843543826579,2.25,0.02544769085768143,2.683333333333333,0.030348727615457115
202E7581-F328-4DBF-BE77-0559D85B60E1,8105.0,2.079086983343615,3.5321366531557614,1.0,57.56666666666667,77.51666666666667,0.4261566933991363,0.5738433066008637,z1,77.51666666666667,0.5738433066008637,13.9,0.10289944478716842,17.133333333333333,0.12683528685996298,11.333333333333334,0.08389882788402221,12.4,0.09179518815545959,2.8,0.020727945712523135
FD585264-CE90-4128-9689-779E23FB1DC5,7127.0,3.262803423600393,4.668562329390355,1.0,73.26666666666667,45.516666666666666,0.6168093166830363,0.38319068331696365,z1,45.516666666666666,0.38319068331696365,8.35,0.07029605724708854,11.35,0.0955521257190964,6.8,0.057247088536551145,16.5,0.13890837659604321,30.266666666666666,0.2548056685842571
567DE34B-361A-47CA-A7C3-7C6407B35CDF,5577.0,3.2124798278644433,4.057234886025768,1.0,67.26666666666667,25.683333333333334,0.723686569840416,0.276313430159584,z1,25.683333333333334,0.276313430159584,13.166666666666666,0.1416532185762955,12.416666666666666,0.13358436435359514,9.316666666666666,0.10023310023310024,22.133333333333333,0.23812085350546888,10.233333333333333,0.11009503317195625
E3BC0A2B-407E-4592-BAB6-7C7897D37A91,9865.0,2.9794221996958945,4.174605755161762,1.0,102.51666666666667,61.9,0.6235174860618348,0.37648251393816523,z1,61.9,0.37648251393816523,23.0,0.1398884946781551,16.866666666666667,0.10258489609731374,12.916666666666666,0.07856056766345666,18.7,0.11373542828180436,31.033333333333335,0.18874809934110492
26C08C89-C4C9-4EEE-A6FB-1C328EF2AA85,6376.0,3.290934755332497,4.32961021198997,1.0,73.11666666666666,33.15,0.6880489335006273,0.31195106649937265,z1,33.15,0.31195106649937265,14.116666666666667,0.13284190715181932,10.416666666666666,0.09802383939774154,10.466666666666667,0.09849435382685069,13.483333333333333,0.12688205771643662,24.633333333333333,0.23180677540777916
847F9954-8DC7-4E49-8BF7-344E53634B43,8043.0,2.3993534750714907,4.25948450622647,1.0,57.55,76.5,0.4293174188735546,0.5706825811264453,z1,76.5,0.5706825811264453,12.433333333333334,0.092751460897675,8.0,0.05967922417008579,7.283333333333333,0.05433296033818227,11.866666666666667,0.08852418251896059,17.966666666666665,0.134029590948651
72EC8C55-054A-44BE-B3FD-1B4F816869E7,7558.0,2.346784863720561,3.794125720559978,1.0,60.71666666666667,65.25,0.4820058216459381,0.5179941783540619,z1,65.25,0.5179941783540619,18.0,0.14289494575284467,10.633333333333333,0.08441386610214342,9.6,0.07621063773485048,10.833333333333334,0.08600158772161948,11.65,0.09248478433448003
E45D252D-9239-4E9F-914F-BEEBBB4497BB,6438.0,1.9389561975768872,3.571246278179498,1.0,39.18333333333333,68.11666666666666,0.36517552034793416,0.6348244796520659,z1,68.11666666666666,0.6348244796520659,10.316666666666666,0.09614787200994097,8.8,0.08201304753028892,9.466666666666667,0.08822615719167444,8.566666666666666,0.07983845914880397,2.033333333333333,0.018949984467225848
83F2366B-0A57-4335-B0FA-6CE9DC072A6A,8023.0,3.0373924965723544,4.017537382314934,1.0,90.28333333333333,43.43333333333333,0.6751838464414808,0.3248161535585193,z1,43.43333333333333,0.3248161535585193,18.0,0.13461298766047614,19.416666666666668,0.14520752835597656,14.6,0.10918608999127509,19.533333333333335,0.14608001994266484,18.733333333333334,0.1400972204910881
D9F93B46-EEBF-4D24-90E0-8331CDBBCD11,7984.0,3.469564128256513,4.607868252516011,1.0,91.08333333333333,41.983333333333334,0.684493987975952,0.3155060120240481,z1,41.983333333333334,0.3155060120240481,16.116666666666667,0.12111723446893788,10.35,0.07778056112224449,6.1,0.045841683366733464,19.083333333333332,0.1434118236472946,39.43333333333333,0.2963426853707415
A59EAFD1-DE6E-441B-ACB6-1B3FDFEA1927,10213.0,3.359248017232938,4.117479622202096,1.0,128.81666666666666,41.4,0.7567805737785176,0.24321942622148243,z1,41.4,0.24321942622148243,23.5,0.13805933614021346,24.766666666666666,0.14550083227259375,20.8,0.12219719964750808,32.6,0.19152061098599824,27.15,0.15950259473220404
7BB8B6B8-E02B-49F2-B7C4-12CEB93AC7C5,8508.0,3.8730606488011285,4.827148896195397,1.0,106.45,35.35,0.7507052186177715,0.2492947813822285,z6,35.35,0.2492947813822285,11.733333333333333,0.08274565115185707,11.333333333333334,0.07992477668077104,10.583333333333334,0.07463563704748472,22.75,0.16043723554301834,50.05,0.35296191819464035
23F7AB8C-D0F7-45CC-8BE5-BA7D45765C2A,7887.0,2.99454799036389,3.9029341206864734,1.0,90.31666666666666,41.13333333333333,0.6870800050716369,0.31291999492836314,z1,41.13333333333333,0.31291999492836314,25.316666666666666,0.19259541016863194,17.4,0.13236972232788133,10.966666666666667,0.08342842652466083,14.0,0.10650437428680107,22.633333333333333,0.1721820717636617
C31BBE88-3D56-4A5D-BB15-EDC92E7422E1,50.0,1.52,2.0,1.0,0.43333333333333335,0.4,0.52,0.48,z2,0.4,0.48,0.43333333333333335,0.52,0.0,0.0,0.0,0.0,0.0,0.0,0.0,0.0
FD79D6B9-B516-4CA0-89B2-BB316BCB5772,10858.0,2.21725916375023,3.807945612916932,1.0,78.45,102.51666666666667,0.433505249585559,0.566494750414441,z1,102.51666666666667,0.566494750414441,22.933333333333334,0.12672683735494567,14.466666666666667,0.07994105728495118,10.583333333333334,0.058482225087493095,15.666666666666666,0.08657211272794253,14.8,0.08178301713022657
0ACBD59B-1CA8-4D6A-A67B-2967B7882D81,5497.0,2.887938875750409,4.076786243699971,1.0,56.21666666666667,35.4,0.6136074222303074,0.38639257776969255,z1,35.4,0.38639257776969255,9.183333333333334,0.10023649263234491,11.133333333333333,0.1215208295433873,11.083333333333334,0.12097507731489904,15.816666666666666,0.17263962161178825,9.0,0.09823540112788794
A6C202EF-B29F-4390-BD15-B0125FE896D6,8192.0,2.0423583984375,3.191172696946369,1.0,64.95,71.58333333333333,0.4757080078125,0.5242919921875,z1,71.58333333333333,0.5242919921875,20.916666666666668,0.1531982421875,22.716666666666665,0.1663818359375,11.75,0.0860595703125,7.116666666666666,0.0521240234375,2.45,0.0179443359375
1E660AEB-7A14-46D7-8E4D-FD74F90314DD,8874.0,2.6271129141311698,3.95759934453093,1.0,81.36666666666666,66.53333333333333,0.5501464953797611,0.4498535046202389,z1,66.53333333333333,0.4498535046202389,17.3,0.1169709263015551,18.316666666666666,0.12384494027496055,12.283333333333333,0.08305161144917737,17.466666666666665,0.11809781383817895,16.0,0.10818120351588911
C40CAD22-0A3A-4AE2-805D-5C84F1747D97,5258.0,2.3758082921262837,3.4202074272331884,1.0,49.81666666666667,37.81666666666667,0.5684670977558007,0.4315329022441993,z1,37.81666666666667,0.4315329022441993,13.966666666666667,0.1593761886648916,15.166666666666666,0.17306960821605172,9.25,0.10555344237352605,8.65,0.09870673259794599,2.783333333333333,0.03176112590338532
C02254EB-99E2-4DD1-B7A2-D00D2BDB9C93,8744.0,2.9484217749313815,4.162613699647299,1.0,89.78333333333333,55.95,0.6160795974382434,0.38392040256175664,z1,55.95,0.38392040256175664,16.983333333333334,0.11653705397987191,16.2,0.1111619396157365,13.6,0.09332113449222323,21.233333333333334,0.14569990850869166,21.766666666666666,0.14935956084172003
BD0DDC65-487E-4CF7-BC32-B77A3C3F4F4B,6750.0,2.1697777777777776,3.9706546275395036,1.0,44.3,68.2,0.3937777777777778,0.6062222222222222,z1,68.2,0.6062222222222222,10.55,0.09377777777777778,6.883333333333334,0.06118518518518518,8.233333333333333,0.07318518518518519,10.583333333333334,0.09407407407407407,8.05,0.07155555555555555
FD434C8D-0E31-4FC7-AEF1-7C6C648BE2B1,6697.0,3.01627594445274,4.710634789777411,1.0,60.65,50.96666666666667,0.5433776317754219,0.4566223682245782,z1,50.96666666666667,0.4566223682245782,8.8,0.07884127221143795,7.216666666666667,0.06465581603703151,5.733333333333333,0.05136628341048231,9.883333333333333,0.08854711064655817,29.016666666666666,0.2599671494699119
4548382D-3829-4ED3-9CBD-F891E1EB3D9D,6071.0,3.0625926535990775,4.083476976114258,1.0,67.68333333333334,33.5,0.6689178059627738,0.33108219403722616,z1,33.5,0.33108219403722616,10.833333333333334,0.10706638115631692,13.55,0.13391533520013177,16.083333333333332,0.1589523966397628,13.566666666666666,0.13408005270960302,13.65,0.1349036402569593
6A886D2F-0BC1-4E88-AC46-BE0597992C36,6199.0,2.997580254879819,3.985294117647059,1.0,69.13333333333334,34.18333333333333,0.6691401839006291,0.3308598160993709,z1,34.18333333333333,0.3308598160993709,13.466666666666667,0.13034360380706567,11.566666666666666,0.11195354089369253,16.816666666666666,0.1627681884174867,17.083333333333332,0.16534924987901276,10.2,0.09872560090337151
487C4225-AC1B-422D-9FE5-19D492E7DEBA,6279.0,3.4381270903010033,4.326597131681877,1.0,76.7,27.95,0.7329192546583851,0.2670807453416149,z1,27.95,0.2670807453416149,13.116666666666667,0.12533842968625578,14.233333333333333,0.13600891861761427,7.533333333333333,0.0719859850294633,18.116666666666667,0.17311673833412963,23.7,0.2264691829909221
042099DB-AB74-4ADB-A832-E092F9F68474,128.0,1.1796875,2.0,1.0,0.38333333333333336,1.75,0.1796875,0.8203125,z1,1.75,0.8203125,0.38333333333333336,0.1796875,0.0,0.0,0.0,0.0,0.0,0.0,0.0,0.0
CCB6F4D0-1038-42C1-A001-87C0F45A63C6,7475.0,3.2355852842809365,4.2492708535874,1.0,85.71666666666667,38.86666666666667,0.6880267558528428,0.3119732441471572,z1,38.86666666666667,0.3119732441471572,13.066666666666666,0.1048829431438127,17.433333333333334,0.13993311036789297,11.35,0.09110367892976588,22.8,0.18301003344481606,21.066666666666666,0.16909698996655517
4E488DBE-5686-4A4E-BC4C-4DDBBF74F51E,7134.0,4.018502943650126,4.336018590240124,1.0,107.58333333333333,11.316666666666666,0.9048219792542753,0.09517802074572469,z6,11.316666666666666,0.09517802074572469,13.916666666666666,0.11704513596860107,19.8,0.1665264928511354,20.15,0.16947014297729185,23.65,0.19890664423885618,30.066666666666666,0.25287356321839083
3B9D1642-DCCE-4CEC-9386-5E42410D36E8,6305.0,2.3980967486122124,3.351921024546425,1.0,62.46666666666667,42.61666666666667,0.5944488501189532,0.4055511498810468,z1,42.61666666666667,0.4055511498810468,18.933333333333334,0.18017446471054718,21.9,0.208406026962728,8.55,0.08136399682791436,6.883333333333334,0.0655035685963521,6.2,0.05900079302141158
324E8DA5-2D12-4916-9CA4-5166B05CE78A,7869.0,3.5051467784979033,4.782233307751343,1.0,86.86666666666666,44.28333333333333,0.6623459143474393,0.33765408565256066,z1,44.28333333333333,0.33765408565256066,11.466666666666667,0.08743169398907104,9.8,0.07472359893252002,8.916666666666666,0.06798830855254798,12.683333333333334,0.09670860338035328,44.0,0.335493709492947
4313196C-2E31-454D-A64D-8185308275D9,6365.0,2.880282796543598,4.298787210584344,1.0,60.46666666666667,45.61666666666667,0.5699921445404557,0.4300078554595444,z1,45.61666666666667,0.4300078554595444,12.366666666666667,0.11657501963864886,7.8,0.07352710133542813,8.166666666666666,0.0769835035349568,13.666666666666666,0.12882953652788687,18.466666666666665,0.17407698350353495
555AE5D6-667F-4D5E-816C-BA08094D4ED5,7115.0,3.2542515811665496,4.024514425796719,1.0,88.38333333333334,30.2,0.745326774420239,0.2546732255797611,z1,30.2,0.2546732255797611,17.8,0.1501054111033029,15.1,0.12733661278988054,16.45,0.1387210119465917,25.2,0.21250878425860859,13.833333333333334,0.11665495432185524
87C74DC4-FBB9-492F-A52F-F09DF7C01940,6717.0,4.327378293881197,4.95575221238938,1.0,94.16666666666667,17.783333333333335,0.8411493226142623,0.1588506773857377,z6,17.783333333333335,0.1588506773857377,10.183333333333334,0.09096322763138306,6.45,0.05761500669941939,10.116666666666667,0.09036772368616942,18.016666666666666,0.1609349411939854,49.4,0.441268423403305
9C68F9B0-34C8-4CAD-A866-F14FB2518F8C,3627.0,3.7044389302453817,4.383580545015523,1.0,48.31666666666667,12.133333333333333,0.7992831541218638,0.2007168458781362,z5,12.133333333333333,0.2007168458781362,3.7666666666666666,0.0623104494072236,9.05,0.14971050454921422,9.7,0.16046319272125723,16.483333333333334,0.2726771436448856,9.316666666666666,0.15412186379928317
40129A75-76B4-4E75-BBCA-47B73C575127,6470.0,4.064760432766615,4.565084501977706,1.0,92.7,15.133333333333333,0.8596599690880989,0.1403400309119011,z6,15.133333333333333,0.1403400309119011,11.033333333333333,0.10231839258114374,13.916666666666666,0.12905718701700156,13.966666666666667,0.1295208655332303,19.2,0.17805255023183925,34.583333333333336,0.3207109737248841
993CADE4-0B48-424C-832F-6FD5D7C14B3D,7263.0,2.474184221396117,3.729984701682815,1.0,65.36666666666666,55.68333333333333,0.5399972463169489,0.4600027536830511,z1,55.68333333333333,0.4600027536830511,15.25,0.12598099958694753,16.9,0.1396117306897976,11.4,0.09417596034696406,13.883333333333333,0.11469089907751617,7.933333333333334,0.06553765661572353
BC8A92A1-117D-4E4C-A510-02F04ADE9BF4,6122.0,3.0047370140476968,4.080572289156627,1.0,66.4,35.63333333333333,0.6507677229663509,0.3492322770336491,z1,35.63333333333333,0.3492322770336491,11.383333333333333,0.11156484808885984,12.716666666666667,0.12463247304802352,12.633333333333333,0.12381574648807579,18.5,0.18131329630839596,11.166666666666666,0.10944135903299575
57C52E36-1E93-46D3-BA37-795394D0A228,6467.0,3.3691046853254987,4.835043804755945,1.0,66.58333333333333,41.2,0.6177516622854492,0.3822483377145508,z1,41.2,0.3822483377145508,6.616666666666666,0.06138858821710221,6.85,0.06355342508118138,8.016666666666667,0.07437760940157724,14.516666666666667,0.13468377918663987,30.583333333333332,0.2837482603989485
2E58D90E-A2C8-4CEF-B57B-4F4E228767B1,5870.0,1.8359454855195911,3.758291174817313,1.0,29.65,68.18333333333334,0.3030664395229983,0.6969335604770017,z1,68.18333333333334,0.6969335604770017,7.25,0.07410562180579217,5.533333333333333,0.0565587734241908,6.5,0.06643952299829642,7.866666666666666,0.08040885860306644,2.5,0.02555366269165247
03443DC0-797F-4C4A-A5C4-80282E33007E,2752.0,1.394985465116279,2.7419871794871793,1.0,10.4,35.46666666666667,0.22674418604651161,0.7732558139534884,z1,35.46666666666667,0.7732558139534884,6.033333333333333,0.13154069767441862,2.05,0.04469476744186047,1.2833333333333334,0.0279796511627907,1.0333333333333334,0.02252906976744186,0.0,0.0
E8796BC2-6892-4DB4-873F-1C370D33FBB9,5304.0,2.7217194570135748,4.098744485917883,1.0,49.11666666666667,39.28333333333333,0.5556184012066365,0.4443815987933635,z1,39.28333333333333,0.4443815987933635,11.233333333333333,0.12707390648567118,6.95,0.07861990950226244,6.733333333333333,0.07616892911010557,14.133333333333333,0.15987933634992457,10.066666666666666,0.1138763197586727
271AE2CC-523A-4CE8-80EC-48DB38B8625A,5925.0,2.799831223628692,3.6560398505603984,1.0,66.91666666666667,31.833333333333332,0.6776371308016877,0.32236286919831225,z1,31.833333333333332,0.32236286919831225,14.833333333333334,0.150210970464135,18.883333333333333,0.19122362869198312,12.833333333333334,0.12995780590717299,15.2,0.1539240506329114,5.166666666666667,0.05232067510548523
E57ACF66-7675-4B6A-A39B-B3E349967D5C,0.0,,,,,,,,,,,,,,,,,,,,
A2AF0114-3DEB-4B02-B42B-812B52FE7FE0,7364.0,2.9082020640956,4.149260421335724,1.0,74.36666666666666,48.36666666666667,0.6059206952743075,0.3940793047256926,z1,48.36666666666667,0.3940793047256926,14.983333333333333,0.12208039109179794,14.666666666666666,0.11950027159152635,9.416666666666666,0.0767246061922868,14.866666666666667,0.12112982074959261,20.433333333333334,0.16648560564910375
85769989-32A9-4179-83B3-F5286912F567,6090.0,3.079146141215107,4.187012333249434,1.0,66.21666666666667,35.28333333333333,0.6523809523809524,0.3476190476190476,z1,35.28333333333333,0.3476190476190476,11.516666666666667,0.11346469622331691,9.766666666666667,0.09622331691297209,12.433333333333334,0.12249589490968801,19.816666666666666,0.19523809523809524,12.683333333333334,0.12495894909688013
2ED466F1-E347-41EA-86C7-391CC81FB67A,35.0,1.1428571428571428,2.0,1.0,0.08333333333333333,0.5,0.14285714285714285,0.8571428571428571,z1,0.5,0.8571428571428571,0.08333333333333333,0.14285714285714285,0.0,0.0,0.0,0.0,0.0,0.0,0.0,0.0
DC12BC7C-B00B-402B-8474-46E311CC2BB6,7289.0,2.643298120455481,3.797290985520785,1.0,71.36666666666666,50.11666666666667,0.5874605570037043,0.4125394429962958,z1,50.11666666666667,0.4125394429962958,15.7,0.12923583481959117,18.55,0.152695843051173,11.683333333333334,0.09617231444642613,15.383333333333333,0.1266291672383043,10.05,0.08272739744820963
8134304F-AF2D-4436-B05D-28AF8355247B,6473.0,3.237447860342963,4.052265542676501,1.0,79.08333333333333,28.8,0.7330449559709563,0.26695504402904374,z1,28.8,0.26695504402904374,16.116666666666667,0.14938977290282712,15.383333333333333,0.14259230650393945,13.05,0.12096400432566043,17.316666666666666,0.16051289973737062,17.216666666666665,0.15958597250115866
07C3163F-201E-49E5-A1FA-6EA022D4FC52,6500.0,3.167692307692308,3.962573591253154,1.0,79.26666666666667,29.066666666666666,0.7316923076923076,0.2683076923076923,z1,29.066666666666666,0.2683076923076923,13.666666666666666,0.12615384615384614,17.4,0.1606153846153846,15.3,0.14123076923076924,24.033333333333335,0.22184615384615386,8.866666666666667,0.08184615384615385
81A533CA-58EC-4299-B8B2-53B5A1FD9BEA,35.0,1.0,,1.0,0.0,0.5833333333333334,0.0,1.0,z1,0.5833333333333334,1.0,0.0,0.0,0.0,0.0,0.0,0.0,0.0,0.0,0.0,0.0
1FE5CDDD-D6F8-44C7-A007-2F31C32E0251,7287.0,3.430080966104021,4.696096848257149,1.0,79.85,41.6,0.6574722107863318,0.34252778921366817,z1,41.6,0.34252778921366817,6.85,0.05640181144503911,9.666666666666666,0.07959379717304789,13.033333333333333,0.10731439549883354,21.65,0.17826265953067105,28.65,0.23589954713874023
722F76A8-B870-4C20-924B-79BE5F74707F,6446.0,2.0955631399317407,3.6985097439816585,1.0,43.61666666666667,63.81666666666667,0.40598820974247596,0.594011790257524,z1,63.81666666666667,0.594011790257524,9.7,0.09028855103940428,8.933333333333334,0.08315234253800807,10.85,0.1009928637914986,13.083333333333334,0.12178094942600062,1.05,0.009773502947564381
A6EF97C2-B8EF-4253-A17A-5389EEFF287A,7464.0,2.932207931404073,4.18788682581786,1.0,75.4,49.0,0.6061093247588425,0.39389067524115756,z1,49.0,0.39389067524115756,12.45,0.10008038585209003,12.066666666666666,0.0969989281886388,13.65,0.10972668810289389,23.333333333333332,0.18756698821007503,13.9,0.11173633440514469
83E39301-82AA-4D9A-A164-E616FBC189C3,5532.0,3.4188358640636296,4.506551362683438,1.0,63.6,28.6,0.6898047722342733,0.31019522776572667,z1,28.6,0.31019522776572667,9.15,0.0992407809110629,8.05,0.08731019522776573,8.6,0.09327548806941431,17.033333333333335,0.18474331164135938,20.766666666666666,0.225234996384671
9CB9E064-20F8-4A11-9C47-5A76E9179CFF,6195.0,4.141404358353511,4.843009478672986,1.0,84.4,18.85,0.8174334140435835,0.18256658595641648,z6,18.85,0.18256658595641648,9.15,0.08861985472154964,9.783333333333333,0.09475383373688459,7.483333333333333,0.07247780468119451,16.733333333333334,0.16206618240516546,41.25,0.39951573849878935
15DFD47F-A92D-4D85-B114-79CE89677638,7115.0,2.8462403373155305,4.482502651113467,1.0,62.86666666666667,55.71666666666667,0.530147575544624,0.46985242445537595,z1,55.71666666666667,0.46985242445537595,8.583333333333334,0.07238229093464511,9.416666666666666,0.07940969782150387,10.55,0.08896697118763176,11.716666666666667,0.098805340829234,22.6,0.19058327477160927
74930FB1-7F52-489B-864F-BA68C87E13E6,7610.0,2.916819973718791,4.021333885666943,1.0,80.46666666666667,46.36666666666667,0.6344283837056505,0.36557161629434953,z1,46.36666666666667,0.36557161629434953,19.9,0.1568988173455979,14.466666666666667,0.11406044678055191,9.616666666666667,0.07582128777923784,16.983333333333334,0.13390275952693823,19.5,0.15374507227332457
24BE27F4-6FF6-4B1F-9111-3CB43267E7F0,6509.0,2.9075126747580273,3.9022907900888266,1.0,71.3,37.18333333333333,0.657243816254417,0.34275618374558303,z1,37.18333333333333,0.34275618374558303,13.316666666666666,0.12275311107697034,15.316666666666666,0.14118912275311107,15.116666666666667,0.139345521585497,20.116666666666667,0.18543555077584883,7.433333333333334,0.0685205100629897
F953FB1B-B039-43EA-8700-BD12E52433DD,7221.0,3.3120066472787704,4.472337770382696,1.0,80.13333333333334,40.21666666666667,0.665835756820385,0.334164243179615,z1,40.21666666666667,0.334164243179615,8.4,0.06979642708766098,13.833333333333334,0.11494252873563218,13.85,0.11508101371001246,19.616666666666667,0.16299681484558926,24.433333333333334,0.2030189724414901
EB7B8863-C6E7-40AB-A149-4234870A63E7,7228.0,3.255672385168788,4.365118679050568,1.0,80.75,39.71666666666667,0.6703099059214167,0.3296900940785833,z1,39.71666666666667,0.3296900940785833,11.833333333333334,0.09822910902047592,9.866666666666667,0.08190370780298838,13.983333333333333,0.11607636967349197,27.116666666666667,0.2250968456004427,17.95,0.1490038738240177
D57B6A59-C81E-4BCF-B134-450761F7ADC1,7275.0,4.523298969072165,5.159013467467143,1.0,102.71666666666667,18.533333333333335,0.847147766323024,0.15285223367697595,z6,18.533333333333335,0.15285223367697595,5.6,0.04618556701030928,9.116666666666667,0.07518900343642612,9.066666666666666,0.0747766323024055,18.5,0.15257731958762888,60.43333333333333,0.4984192439862543
3CA27BED-A427-4AF0-AE95-9EE1775B8A44,6985.0,2.879885468861847,4.091101694915254,1.0,70.8,45.61666666666667,0.6081603435934144,0.3918396564065855,z1,45.61666666666667,0.3918396564065855,16.283333333333335,0.13987115246957765,11.483333333333333,0.09863994273443093,9.216666666666667,0.0791696492483894,17.133333333333333,0.14717251252684324,16.683333333333334,0.14330708661417324
7416E7C5-8C16-4DC9-9C2F-E8D8395ED8D3,7579.0,2.9217574877952237,4.076679340937896,1.0,78.9,47.416666666666664,0.6246206623565114,0.3753793376434886,z1,47.416666666666664,0.3753793376434886,11.433333333333334,0.09051326032458108,12.7,0.10054096846549676,21.366666666666667,0.16915160311386726,25.183333333333334,0.19936667106478428,8.216666666666667,0.06504815938778202
41FE2B86-C143-43D3-A690-E5E97BD386E2,7026.0,3.3660688869911755,4.178585086042065,1.0,87.16666666666667,29.933333333333334,0.7443780244805009,0.255621975519499,z1,29.933333333333334,0.255621975519499,14.966666666666667,0.1278109877597495,19.95,0.1703672075149445,12.433333333333334,0.10617705664674068,14.183333333333334,0.12112154853401651,25.633333333333333,0.21890122402504983
E9FD3F5B-12E8-48F6-B285-D59FDC03CB6A,6348.0,4.410838059231254,4.865738261024817,1.0,93.35,12.45,0.8823251417769377,0.11767485822306238,z6,12.45,0.11767485822306238,11.433333333333334,0.10806553245116572,9.8,0.09262759924385633,9.65,0.09120982986767485,11.45,0.10822306238185256,51.016666666666666,0.48219911783238817
A76F1F02-FD5A-426B-9E3B-32EC4065E78B,6715.0,4.34951600893522,4.9943171727934645,1.0,93.85,18.066666666666666,0.8385703648548026,0.16142963514519731,z6,18.066666666666666,0.16142963514519731,9.266666666666667,0.08279970215934475,5.35,0.04780342516753537,8.25,0.07371556217423679,24.766666666666666,0.22129560685033506,46.21666666666667,0.4129560685033507
35D8CD30-2115-44BD-ACB6-B5EBF619E0EE,6478.0,3.8602963877740044,4.699141545218606,1.0,83.48333333333333,24.483333333333334,0.7732324791602346,0.22676752083976537,z6,24.483333333333334,0.22676752083976537,9.783333333333333,0.0906143871565298,8.1,0.07502315529484409,10.833333333333334,0.10033961099104662,23.5,0.2176597715344242,31.266666666666666,0.28959555418338995
29EA7900-E956-400C-A251-7AF2F0C64353,7732.0,3.217020175892395,4.373081463990555,1.0,84.7,44.166666666666664,0.6572684945680289,0.342731505431971,z1,44.166666666666664,0.342731505431971,9.716666666666667,0.07540093119503363,14.383333333333333,0.11161407139161925,14.333333333333334,0.11122607346094154,27.116666666666667,0.21042421107087428,19.15,0.14860320744956027
6FCEF934-7031-41D4-B223-0B99AADC9CEF,7113.0,3.2686630113876003,4.633641071830668,1.0,74.01666666666667,44.53333333333333,0.6243497820891326,0.37565021791086745,z1,44.53333333333333,0.37565021791086745,7.733333333333333,0.06523267257134824,9.3,0.0784479122733024,10.833333333333334,0.09138197666244904,20.633333333333333,0.17404751862786447,25.516666666666666,0.21523970195416842
F9ADA0B9-403D-4D0B-B030-E7078C472146,4668.0,2.177806341045416,3.38008658008658,1.0,38.5,39.3,0.4948586118251928,0.5051413881748072,z1,39.3,0.5051413881748072,11.2,0.14395886889460155,11.233333333333333,0.1443873179091688,8.016666666666667,0.10304198800342759,6.333333333333333,0.08140531276778064,1.7166666666666666,0.022065124250214223
8B8CB5F3-A8C3-4B69-AB3D-FBE57D8CDAA2,5594.0,2.530210940293171,3.7392,1.0,52.083333333333336,41.15,0.5586342509831963,0.4413657490168037,z1,41.15,0.4413657490168037,13.4,0.14372542009295675,10.85,0.11637468716481945,8.316666666666666,0.08920271719699678,14.966666666666667,0.16052913836253127,4.55,0.04880228816589203
37DB851C-E28B-4A31-98A7-9EDFE4FE10EF,6812.0,4.326629477392836,4.670986554349587,1.0,102.88333333333334,10.65,0.9061949500880798,0.09380504991192014,z6,10.65,0.09380504991192014,10.9,0.09600704638872577,16.5,0.14533176746917206,11.516666666666667,0.10143863769817968,20.6,0.1814445096887845,43.36666666666667,0.38197298884321784
9F2EA5C0-8674-4851-BC2E-E4C1FE8EACDE,6641.0,2.5205541334136425,3.9973285841495994,1.0,56.15,54.53333333333333,0.5073031170004517,0.4926968829995483,z1,54.53333333333333,0.4926968829995483,12.05,0.10886914621291974,8.933333333333334,0.08071073633488933,9.933333333333334,0.08974552025297396,17.583333333333332,0.15886161722632133,7.65,0.06911609697334739
5140A6AB-CB27-4C97-8FFB-3CD5C0EFB849,3563.0,2.7373000280662363,3.823905109489051,1.0,36.53333333333333,22.85,0.6152119000841987,0.3847880999158013,z1,22.85,0.3847880999158013,8.6,0.14482177939938254,9.633333333333333,0.16222284591636263,4.566666666666666,0.07690148751052484,7.066666666666666,0.11900084198708953,6.666666666666667,0.11226494527083918
1AF3D66E-AFB1-48C5-8252-319739798815,2697.0,4.697441601779755,5.30012936610608,1.0,38.65,6.3,0.8598442714126807,0.14015572858731926,z6,6.3,0.14015572858731926,1.4833333333333334,0.03299962921764924,0.9,0.020022246941045607,2.2666666666666666,0.05042639970337412,13.883333333333333,0.3088616981831665,20.116666666666667,0.4475342973674453
620B6734-6688-4999-9182-0BA2CA785B18,7742.0,4.0312580728493925,4.9152485819152485,1.0,99.9,29.133333333333333,0.7742185481787652,0.22578145182123482,z6,29.133333333333333,0.22578145182123482,10.283333333333333,0.07969516920692328,8.983333333333333,0.06962025316455696,9.116666666666667,0.07065357788685095,22.05,0.17088607594936708,49.46666666666667,0.3833634719710669
FEF46BC6-3098-49DB-90E4-0EE656A2BE74,7614.0,3.7415287628053586,4.576764907470871,1.0,97.26666666666667,29.633333333333333,0.7664827948515892,0.23351720514841082,z6,29.633333333333333,0.23351720514841082,14.066666666666666,0.11084843708957184,12.416666666666666,0.09784607302337799,10.716666666666667,0.08444969792487524,23.483333333333334,0.18505384817441556,36.583333333333336,0.28828473863934856
D2425532-5F4D-4AAD-B90A-30ECB6FAB75B,8037.0,3.131392310563643,4.713418599609798,1.0,76.88333333333334,57.06666666666667,0.5739703869603086,0.42602961303969145,z1,57.06666666666667,0.42602961303969145,11.266666666666667,0.08411098668657459,7.216666666666667,0.053875824312554436,8.85,0.06606942889137737,14.5,0.10824934677118328,35.05,0.2616648002986189
38BA9258-1798-45F6-869D-7215AB8C88A9,6495.0,2.6497305619707467,4.025127046866177,1.0,59.03333333333333,49.21666666666667,0.5453425712086221,0.454657428791378,z1,49.21666666666667,0.454657428791378,13.2,0.12193995381062356,10.666666666666666,0.09853733641262509,9.883333333333333,0.09130100076982293,12.016666666666667,0.11100846805234796,13.266666666666667,0.12255581216320247
00FE425A-0592-455D-92E3-3A91466A5AC1,5110.0,2.831898238747554,3.812800480769231,1.0,55.46666666666667,29.7,0.6512720156555774,0.3487279843444227,z1,29.7,0.3487279843444227,12.816666666666666,0.15048923679060666,11.516666666666667,0.13522504892367906,12.05,0.14148727984344422,11.4,0.13385518590998044,7.683333333333334,0.09021526418786693
FBFBD067-FA7F-4AB6-AAF5-51C57509CACF,9206.0,3.2812296328481425,3.7786451442180473,1.0,125.96666666666667,27.466666666666665,0.8209863132739518,0.17901368672604823,z2,27.466666666666665,0.17901368672604823,36.18333333333333,0.23582446230719095,29.133333333333333,0.18987616771670648,15.133333333333333,0.09863132739517706,17.416666666666668,0.11351292635237889,28.1,0.18314142950249837
F1EDE395-251C-4476-A8B7-21F2441D2170,5466.0,3.456641053787047,4.4255102040816325,1.0,65.33333333333333,25.766666666666666,0.7171606293450421,0.2828393706549579,z1,25.766666666666666,0.2828393706549579,10.783333333333333,0.11836809366995975,8.833333333333334,0.09696304427369191,9.333333333333334,0.10245151847786316,14.566666666666666,0.15989754848152213,21.816666666666666,0.23948042444200512
697012A8-F7D0-40E0-9009-60DFEDB33BFB,5673.0,3.4272871496562667,4.221806270472626,1.0,71.23333333333333,23.316666666666666,0.7533932663493742,0.24660673365062577,z1,23.316666666666666,0.24660673365062577,12.633333333333333,0.13361537105587873,12.866666666666667,0.1360832011281509,9.8,0.10364886303543099,17.933333333333334,0.18967036841177506,18.0,0.19037546271813854
1C6329AD-82CB-493A-9C25-0560384FB8B0,5903.0,3.1748263594782316,4.210302575643911,1.0,66.65,31.733333333333334,0.6774521429781467,0.3225478570218533,z1,31.733333333333334,0.3225478570218533,7.35,0.07470777570726748,14.116666666666667,0.14348636286633915,16.5,0.1677113332203964,14.533333333333333,0.14772149754362188,14.15,0.14382517364052178
C66DC826-B00F-427F-B1A2-78EFCE704224,5091.0,2.8754665095266154,4.052429667519181,1.0,52.13333333333333,32.71666666666667,0.6144175996857199,0.3855824003142801,z1,32.71666666666667,0.3855824003142801,9.7,0.11431938715380083,9.45,0.11137301119622864,9.1,0.10724808485562758,16.183333333333334,0.1907287369868395,7.7,0.09074837949322334
2D387C42-8D2B-454E-9102-7F4CE8A0F0B8,6172.0,3.0079390797148413,4.1303359434200555,1.0,65.98333333333333,36.88333333333333,0.6414452365521711,0.3585547634478289,z1,36.88333333333333,0.3585547634478289,7.866666666666666,0.07647440051847051,12.866666666666667,0.12508101101749838,13.616666666666667,0.13237200259235257,26.066666666666666,0.25340246273493194,5.566666666666666,0.054115359688917695
B5470FEF-8C22-485B-BF6F-B3713865BE02,6659.0,2.544826550533113,4.2349056603773585,1.0,53.0,57.983333333333334,0.4775491815587926,0.5224508184412074,z1,57.983333333333334,0.5224508184412074,8.066666666666666,0.07268358612404265,8.216666666666667,0.07403514041147319,9.716666666666667,0.08755068328577864,17.2,0.1549782249587025,9.8,0.08830154677879562
A62CF23F-99EB-494E-9590-A4CCC3FBAFE8,7967.0,3.430902472699887,4.466439949883658,1.0,93.11666666666666,39.666666666666664,0.7012677293837078,0.2987322706162922,z1,39.666666666666664,0.2987322706162922,15.7,0.1182377306388854,12.083333333333334,0.09100037655328229,11.816666666666666,0.08899209238107192,20.116666666666667,0.15149993724111963,33.4,0.25153759256934854
B4C0CE7D-9DBE-47F7-964E-69C8AF38D49A,5938.0,4.052711350623105,4.686597518812284,1.0,81.95,17.016666666666666,0.8280565847086561,0.17194341529134388,z6,17.016666666666666,0.17194341529134388,12.216666666666667,0.12344223644324688,9.216666666666667,0.09312899966318626,9.15,0.09245537217918491,12.816666666666666,0.129504883799259,38.55,0.38952509262377905
54B14EEB-BB92-4E62-B2D3-0B46EFAC1BCA,7494.0,3.733787029623699,5.002148857198671,1.0,85.31666666666666,39.583333333333336,0.6830797971710701,0.3169202028289298,z6,39.583333333333336,0.3169202028289298,6.466666666666667,0.051774753135842004,7.6,0.06084867894315452,8.483333333333333,0.06792100346944221,19.5,0.15612489991993594,43.266666666666666,0.3464104617026955
82F56DAB-027C-4EA8-9B5B-4A343EFBDA48,6480.0,3.1473765432098766,3.9675837065472384,1.0,78.15,29.85,0.7236111111111111,0.2763888888888889,z1,29.85,0.2763888888888889,15.283333333333333,0.14151234567901236,17.083333333333332,0.15817901234567902,12.8,0.11851851851851852,20.85,0.19305555555555556,12.133333333333333,0.11234567901234568
7850AFA3-A52E-4566-85B5-6C9A7855532B,7044.0,2.9825383304940374,4.348920863309353,1.0,69.5,47.9,0.5919931856899489,0.4080068143100511,z1,47.9,0.4080068143100511,12.016666666666667,0.10235661555934128,11.383333333333333,0.09696195343554799,8.166666666666666,0.06956274843838728,16.2,0.13798977853492334,21.733333333333334,0.185122089721749
0AAB9137-BEF8-4069-A705-7F39D90DD512,6134.0,2.5647212259537007,3.6521138436032055,1.0,60.31666666666667,41.916666666666664,0.5899902184545158,0.4100097815454842,z1,41.916666666666664,0.4100097815454842,14.0,0.13694163677861101,14.433333333333334,0.14118030648842517,12.433333333333334,0.12161721552005217,17.45,0.17068796869905445,2.0,0.019563090968373
72854626-73F0-4DAF-AE39-778231AE8829,5643.0,2.657097288676236,4.093284816407542,1.0,50.38333333333333,43.666666666666664,0.5357079567605884,0.46429204323941164,z1,43.666666666666664,0.46429204323941164,8.083333333333334,0.0859471912103491,9.65,0.10260499734183945,9.216666666666667,0.09799751905015062,16.35,0.17384370015948963,7.083333333333333,0.07531454899875953
B4869D8E-2897-4C77-8A48-A5479197BEB9,6162.0,2.2942226549821485,3.8707703383729304,1.0,46.3,56.4,0.4508276533592989,0.549172346640701,z1,56.4,0.549172346640701,13.966666666666667,0.13599480688088283,6.8,0.06621226874391431,4.35,0.04235637779941578,13.616666666666667,0.13258682246024017,7.566666666666666,0.07367737747484583
652C63D5-A49A-41EA-97D2-EA698786D3B5,8281.0,2.5157589663084168,4.243410852713178,1.0,64.5,73.51666666666667,0.4673348629392585,0.5326651370607415,z1,73.51666666666667,0.5326651370607415,9.183333333333334,0.06653785774664896,10.5,0.0760777683854607,15.033333333333333,0.10892404298997706,15.0,0.10868252626494385,14.783333333333333,0.107112667552228
66CA288C-5C01-4B24-AC58-427261896E01,0.0,,,,,,,,,,,,,,,,,,,,
DE02B0CD-566C-4287-B4A5-EB6BF460677E,5595.0,2.2879356568364613,3.6033236994219653,1.0,46.13333333333333,47.11666666666667,0.49472743521000895,0.505272564789991,z1,47.11666666666667,0.505272564789991,8.383333333333333,0.08990169794459339,15.8,0.16943699731903486,9.666666666666666,0.10366398570151922,10.3,0.11045576407506702,1.9833333333333334,0.021268990169794458
715F1284-7914-476D-B9F8-A02A82E36C32,2112.0,3.149147727272727,3.735985533453888,1.0,27.65,7.55,0.7855113636363636,0.21448863636363635,z4,7.55,0.21448863636363635,3.5166666666666666,0.09990530303030302,7.683333333333334,0.21827651515151514,9.133333333333333,0.25946969696969696,7.216666666666667,0.2050189393939394,0.1,0.002840909090909091
4807D6B6-9E6D-4181-AEF9-CB4A4929ECFD,7313.0,3.0667304799671817,4.182564750473784,1.0,79.15,42.733333333333334,0.64939149459866,0.3506085054013401,z1,42.733333333333334,0.3506085054013401,15.5,0.12717079174073567,11.683333333333334,0.09585669355941474,12.533333333333333,0.1028305756871325,21.733333333333334,0.17831259401066593,17.7,0.14522083960071105
994B67A8-E4CF-4627-98AC-7E817DF2CA81,6432.0,3.0377798507462686,4.022832103321033,1.0,72.26666666666667,34.93333333333333,0.6741293532338308,0.32587064676616917,z1,34.93333333333333,0.32587064676616917,9.733333333333333,0.09079601990049752,14.233333333333333,0.13277363184079602,21.366666666666667,0.19931592039800994,18.516666666666666,0.17273009950248755,8.416666666666666,0.07851368159203981
F8CEEED2-F680-47C1-B2D4-99B7B70FBD89,6729.0,3.7366622083519094,4.9047921967769295,1.0,78.6,33.55,0.7008470798038342,0.29915292019616585,z6,33.55,0.29915292019616585,8.683333333333334,0.07742606628027938,7.95,0.07088720463664734,7.583333333333333,0.06761777381483133,12.333333333333334,0.10997176400653887,42.05,0.37494427106553724
4487356B-ED84-4E7E-86A0-9A6FCD126F25,5977.0,2.568679939769115,3.787158145065398,1.0,56.06666666666667,43.55,0.5628241592772294,0.4371758407227706,z1,43.55,0.4371758407227706,16.633333333333333,0.16697339802576544,11.216666666666667,0.11259829345825666,8.266666666666667,0.0829847749707211,7.35,0.07378283419775808,12.6,0.12648485862472814
91E7B4FA-37AA-425D-ABF3-6FCF565BFB62,2320.0,3.902155172413793,4.625740441572429,1.0,30.95,7.716666666666667,0.8004310344827587,0.19956896551724138,z6,7.716666666666667,0.19956896551724138,4.533333333333333,0.11724137931034483,4.233333333333333,0.10948275862068965,2.85,0.07370689655172413,6.0,0.15517241379310345,13.333333333333334,0.3448275862068966
920F9FBA-E8AE-4CE2-B987-FAFD90612C77,6750.0,2.921037037037037,4.229638854296389,1.0,66.91666666666667,45.583333333333336,0.5948148148148148,0.4051851851851852,z1,45.583333333333336,0.4051851851851852,12.316666666666666,0.10948148148148149,11.75,0.10444444444444445,10.366666666666667,0.09214814814814815,13.216666666666667,0.11748148148148148,19.266666666666666,0.17125925925925925
F05D1E39-D1D0-4074-B6AC-7FF6F1A126F7,9752.0,2.700881870385562,4.719058295964126,1.0,74.33333333333333,88.2,0.45734208367514356,0.5426579163248565,z1,88.2,0.5426579163248565,7.65,0.04706726825266612,8.0,0.04922067268252666,10.3,0.06337161607875308,20.016666666666666,0.12315422477440525,28.366666666666667,0.17452830188679244
A5918D92-B512-4E8C-B12F-A07CC0237A23,6871.0,3.3001018774559743,4.403100775193798,1.0,77.4,37.11666666666667,0.6758841507786348,0.32411584922136516,z1,37.11666666666667,0.32411584922136516,10.233333333333333,0.08936108281181779,12.25,0.10697132877310435,15.116666666666667,0.13200407509823897,15.683333333333334,0.1369524086741377,24.116666666666667,0.21059525542133606
49BC9A7B-2D19-4240-A40E-7D45E893FFC6,6075.0,4.2739094650205764,4.753349688620494,1.0,88.31666666666666,12.933333333333334,0.8722633744855967,0.1277366255144033,z6,12.933333333333334,0.1277366255144033,12.733333333333333,0.12576131687242798,10.7,0.10567901234567902,6.35,0.06271604938271605,14.366666666666667,0.14189300411522635,44.166666666666664,0.43621399176954734
82B27464-9232-45A8-9BEF-182E33B66C64,845.0,5.233136094674556,5.609536082474227,1.0,12.933333333333334,1.15,0.9183431952662722,0.08165680473372781,z6,1.15,0.08165680473372781,0.0,0.0,0.0,0.0,0.25,0.01775147928994083,4.55,0.3230769230769231,8.133333333333333,0.5775147928994083
963D2544-D93C-4527-8052-CD6A371AC747,7269.0,3.1703122850460863,4.467252747252747,1.0,75.83333333333333,45.31666666666667,0.6259457972210758,0.3740542027789242,z1,45.31666666666667,0.3740542027789242,9.083333333333334,0.07497592516164535,14.65,0.12092447379281882,10.866666666666667,0.0896959691842069,14.216666666666667,0.11734764066584125,27.016666666666666,0.22300178841656348
FC9ED6F2-BC5A-489A-AAC0-3E8776F22CCA,7328.0,3.1589792576419216,4.186505538771399,1.0,82.75,39.38333333333333,0.6775382096069869,0.3224617903930131,z1,39.38333333333333,0.3224617903930131,12.533333333333333,0.10262008733624454,18.033333333333335,0.1476528384279476,13.583333333333334,0.11121724890829694,18.666666666666668,0.15283842794759825,19.933333333333334,0.16320960698689957
5147734F-A87F-48A2-AB20-447BF7239C19,6492.0,3.8495070856438693,4.971446972949764,1.0,77.63333333333334,30.566666666666666,0.7174984596426371,0.2825015403573629,z6,30.566666666666666,0.2825015403573629,7.516666666666667,0.06947011706715958,8.516666666666667,0.07871226124460876,6.55,0.060536044362292055,11.133333333333333,0.10289587184226741,43.916666666666664,0.4058841651263093
44DB5E44-C270-4A67-A2DB-A6F616212DDC,7111.0,3.9718745605400083,5.029170638703527,1.0,87.41666666666667,31.1,0.7375896498382787,0.26241035016172126,z6,31.1,0.26241035016172126,10.55,0.0890170158908733,5.266666666666667,0.04443819434678667,7.416666666666667,0.06257910279848122,12.033333333333333,0.10153283645056954,52.15,0.440022500351568
14A43735-FAB1-4EC6-B333-20644B71384C,6353.0,3.3168581772390997,4.758682328907048,1.0,65.26666666666667,40.61666666666667,0.6164016999842594,0.3835983000157406,z1,40.61666666666667,0.3835983000157406,9.7,0.0916102628679364,7.1,0.06705493467653077,5.55,0.052416181331654335,9.816666666666666,0.09271210451755077,33.1,0.31260821659058713
252A7926-BA83-4610-AC66-073B795E0532,6607.0,4.1711820796125325,4.7588805166846075,1.0,92.9,17.216666666666665,0.8436506735280763,0.1563493264719237,z6,17.216666666666665,0.1563493264719237,13.866666666666667,0.12592704707128802,7.05,0.06402300590283033,10.65,0.09671560466172241,17.383333333333333,0.15786287271076133,43.95,0.3991221431814742
C70E5C0D-3F2C-4FA8-A86E-30A8103CA5E9,7283.0,4.162982287518879,4.977896736314971,1.0,96.51666666666667,24.866666666666667,0.7951393656460249,0.204860634353975,z6,24.866666666666667,0.204860634353975,10.95,0.09021007826445146,8.783333333333333,0.07236029108883701,5.083333333333333,0.04187834683509543,18.333333333333332,0.1510366607167376,53.36666666666667,0.4396539887409035
4CD33078-29DA-4B90-829F-498C8A35CFDE,6193.0,3.9182948490230904,4.8306485799067405,1.0,78.63333333333334,24.583333333333332,0.7618278701760052,0.23817212982399483,z6,24.583333333333332,0.23817212982399483,10.75,0.10414984660100113,6.133333333333334,0.05942192798320685,7.7,0.07460035523978685,15.15,0.14677862102373648,38.9,0.37687711932827384
B2AC3B14-B120-4B6A-BA1C-90A933C32FF0,7823.0,2.963568963313307,4.1483910637425705,1.0,81.31666666666666,49.06666666666667,0.6236737824364055,0.3763262175635945,z1,49.06666666666667,0.3763262175635945,16.416666666666668,0.12591077591716732,16.6,0.12731688610507477,11.633333333333333,0.08922408283267289,11.833333333333334,0.09075802121948101,24.833333333333332,0.19046401636200946
FA691963-5D6A-45BB-AED0-A5FAD2C7B9B2,8189.0,3.5728416168030286,4.771750805585392,1.0,93.1,43.38333333333333,0.6821345707656613,0.31786542923433875,z1,43.38333333333333,0.31786542923433875,9.016666666666667,0.06606423250702162,7.366666666666666,0.05397484430333374,15.866666666666667,0.11625351080718037,24.45,0.1791427524728294,36.4,0.2666992306752961
FCDC4F6B-0499-4EF7-8E48-5436A5B205C9,8005.0,4.517176764522174,5.130721830985915,1.0,113.6,19.816666666666666,0.8514678326046221,0.1485321673953779,z6,19.816666666666666,0.1485321673953779,7.1,0.05321673953778888,10.766666666666667,0.0806995627732667,9.95,0.07457838850718301,18.15,0.13603997501561524,67.63333333333334,0.5069331667707683
E9B9F6B3-C6D6-42CA-BE08-583081AED787,6867.0,3.447648172418815,4.413484971567831,1.0,82.06666666666666,32.38333333333333,0.7170525702635795,0.28294742973642056,z1,32.38333333333333,0.28294742973642056,15.983333333333333,0.1396534148827727,12.6,0.11009174311926606,7.2,0.06290956749672345,14.066666666666666,0.12290665501674676,32.21666666666667,0.28149118974807047
C60A8070-3B61-4934-AC18-5116E0DD2A17,11221.0,4.374565546742715,4.9521970566746685,1.0,159.68333333333334,27.333333333333332,0.8538454683183317,0.1461545316816683,z5,27.333333333333332,0.1461545316816683,6.133333333333334,0.0327956510114963,13.416666666666666,0.07174048658764816,15.483333333333333,0.08279119508065234,71.56666666666666,0.3826753408787096,53.083333333333336,0.2838427947598253
61215E27-DA72-46A6-9DB8-5900AA90A456,7867.0,4.053387568323376,4.833546121927864,1.0,104.43333333333334,26.683333333333334,0.7964916740816067,0.2035083259183933,z6,26.683333333333334,0.2035083259183933,13.95,0.10639379687301385,9.4,0.07169187746281937,7.566666666666666,0.05770941909241134,22.683333333333334,0.1730011440193212,50.833333333333336,0.38769543663404094
E7417F9A-6B31-4AFE-B98F-C1856984154F,7013.0,2.988022244403251,4.266635426429241,1.0,71.13333333333334,45.75,0.60858405817767,0.39141594182232997,z1,45.75,0.39141594182232997,13.683333333333334,0.11706830172536717,12.3,0.105233138457151,7.983333333333333,0.06830172536717524,15.7,0.1343219734778269,21.466666666666665,0.18365891915014973
5918D989-14A6-4DF5-B483-C8EC39C22DEA,6269.0,4.118838730260009,4.717110266159696,1.0,87.66666666666667,16.816666666666666,0.83904929015792,0.16095070984208007,z5,16.816666666666666,0.16095070984208007,6.55,0.06268942415058223,6.25,0.05981815281544106,15.466666666666667,0.1480299888339448,36.583333333333336,0.3501355878130483,22.816666666666666,0.21837613654490348
1D3E850D-05F3-480E-9B50-F9553F79A277,8015.0,4.941983780411728,5.5103497501784435,1.0,116.75,16.833333333333332,0.8739862757330006,0.1260137242669994,z6,16.833333333333332,0.1260137242669994,6.05,0.04529008109794136,6.15,0.046038677479725516,4.55,0.03406113537117904,5.416666666666667,0.040548970679975045,94.58333333333333,0.7080474111041797
C05428F3-D684-42AB-A4B4-3DF8FC4CB646,7222.0,3.8663805040155084,4.56852266850543,1.0,96.68333333333334,23.683333333333334,0.8032400996953752,0.19675990030462476,z6,23.683333333333334,0.19675990030462476,10.416666666666666,0.08654112434228746,13.983333333333333,0.11617280531708668,13.233333333333333,0.10994184436444199,28.316666666666666,0.2352533924120742,30.733333333333334,0.2553309332594849
48BB2254-779A-44D9-B840-531EDBEE3D3B,7033.0,3.7002701549836483,4.869396903015485,1.0,81.8,35.416666666666664,0.6978529788141619,0.3021470211858382,z6,35.416666666666664,0.3021470211858382,8.133333333333333,0.06938717474761837,6.433333333333334,0.05488411773069814,11.533333333333333,0.09839328878145884,17.583333333333332,0.15000710934167497,38.11666666666667,0.32518128821271153
AE7C855B-5F05-484A-8495-3A330E9171BD,7149.0,4.499930060148272,5.132287365813378,1.0,100.91666666666667,18.233333333333334,0.8469716044201986,0.15302839557980136,z6,18.233333333333334,0.15302839557980136,6.733333333333333,0.05651140019583158,9.233333333333333,0.07749335571408589,6.466666666666667,0.05427332494055113,20.0,0.1678556441460344,58.483333333333334,0.4908378794236956
4DA3AAF3-FB3E-4861-8838-F7DD4D5239C5,8151.0,3.999631947000368,4.799533799533799,1.0,107.25,28.6,0.7894736842105263,0.21052631578947367,z6,28.6,0.21052631578947367,10.35,0.07618697092381303,11.45,0.08428413691571586,13.65,0.10047846889952153,25.7,0.18917924181082077,46.1,0.33934486566065514
7EFFABBF-6890-4C3D-B1BF-B6E3991023E9,5540.0,4.367509025270758,4.635938413564607,1.0,85.51666666666667,6.816666666666666,0.9261732851985559,0.07382671480144404,z5,6.816666666666666,0.07382671480144404,8.616666666666667,0.09332129963898916,11.55,0.12509025270758123,9.566666666666666,0.1036101083032491,28.4,0.3075812274368231,27.383333333333333,0.29657039711191335
00D5F345-0E13-4AAE-A3A0-A2407234246D,5979.0,4.278809165412277,4.904401513642701,1.0,83.68333333333334,15.966666666666667,0.8397725372135809,0.16022746278641914,z6,15.966666666666667,0.16022746278641914,11.916666666666666,0.11958521491888276,6.6,0.06623181133968892,6.1,0.061214249874560964,12.016666666666667,0.12058872721190834,47.05,0.4721525338685399
D4C192AF-3FD4-4DC0-94F0-33A786E5F743,5929.0,4.087029853263619,4.888463989802422,1.0,78.45,20.366666666666667,0.7938944172710406,0.20610558272895935,z6,20.366666666666667,0.20610558272895935,10.433333333333334,0.10558272895935233,7.233333333333333,0.07319952774498228,5.783333333333333,0.05852588969472086,12.2,0.1234609546297858,42.8,0.43312531624219935
910B65FB-1F06-4466-AF6F-BEECEDDF8CDC,1666.0,3.5978391356542616,4.407874015748032,1.0,21.166666666666668,6.6,0.7623049219687875,0.23769507803121248,z6,6.6,0.23769507803121248,4.283333333333333,0.15426170468187275,1.8666666666666667,0.06722689075630252,2.95,0.10624249699879952,5.066666666666666,0.18247298919567828,7.0,0.25210084033613445
C7EAAD5E-7120-4C30-BD04-7872188FE9D3,162.0,1.7407407407407407,5.0,1.0,0.5,2.2,0.18518518518518517,0.8148148148148148,z1,2.2,0.8148148148148148,0.0,0.0,0.0,0.0,0.0,0.0,0.5,0.18518518518518517,0.0,0.0
4B5B89D8-7AFC-4284-9361-B1255CB8FC7E,2327.0,3.878813923506661,4.949882075471698,1.0,28.266666666666666,10.516666666666667,0.7288354103996562,0.2711645896003438,z6,10.516666666666667,0.2711645896003438,1.45,0.03738719381177482,3.6666666666666665,0.09454232917920069,2.8333333333333335,0.0730554361839278,7.216666666666667,0.18607649333906318,13.1,0.3377739578856897
79CE53D3-7F3C-499F-80AF-9B1B88E74B79,6620.0,2.4484894259818732,4.338788300835654,1.0,47.86666666666667,62.46666666666667,0.43383685800604227,0.5661631419939577,z1,62.46666666666667,0.5661631419939577,8.766666666666667,0.07945619335347431,6.6,0.05981873111782477,7.4,0.06706948640483383,9.85,0.08927492447129909,15.25,0.13821752265861026
656BB7E4-39F5-46C4-BE5F-DD6E592C0558,8414.0,2.8370572854765865,4.618211610486892,1.0,71.2,69.03333333333333,0.5077252198716425,0.4922747801283575,z1,69.03333333333333,0.4922747801283575,8.416666666666666,0.06001901592583789,8.683333333333334,0.061920608509626815,11.033333333333333,0.0786783931542667,16.6,0.11837413834086047,26.466666666666665,0.18873306394105063
738FBC3D-9BDD-451C-9712-3FDF6204CEC9,7709.0,2.225580490335971,4.3255895811334035,1.0,47.35,81.13333333333334,0.36853028927227915,0.6314697107277208,z1,81.13333333333334,0.6314697107277208,5.783333333333333,0.04501232325852899,7.066666666666666,0.05500064859255416,11.25,0.08755999481125956,12.45,0.09689972759112725,10.8,0.08405759501880919
C5883105-70C5-4BEF-A835-54F80DFC0AF9,4426.0,4.648441030275644,5.094320486815416,1.0,65.73333333333333,8.033333333333333,0.8910980569362856,0.10890194306371441,z6,8.033333333333333,0.10890194306371441,4.983333333333333,0.0675553547220967,5.3,0.07184816990510619,4.066666666666666,0.055128784455490284,15.566666666666666,0.21102575689109807,35.81666666666667,0.48553999096249434
A3373A79-7312-4E5C-9BE8-F2901783F4BA,7766.0,3.286762812258563,4.427055191045929,1.0,86.36666666666666,43.06666666666667,0.6672675766160185,0.33273242338398146,z1,43.06666666666667,0.33273242338398146,9.966666666666667,0.07700231779551893,12.516666666666667,0.09670357970641257,17.416666666666668,0.13456090651558072,23.6,0.18233324748905486,22.866666666666667,0.17666752510945147
F674FEFE-1076-4114-9A14-8F934CB16FE0,7826.0,3.058522872476361,4.183165382335507,1.0,84.35,46.083333333333336,0.646690518783542,0.35330948121645794,z1,46.083333333333336,0.35330948121645794,11.65,0.08931765908510095,17.966666666666665,0.13774597495527727,14.75,0.11308458982877588,23.25,0.17825198057756197,16.733333333333334,0.12829031433682597
93CBE34E-940E-4EBB-98F0-4C6F7008D8ED,6387.0,3.1794269610145607,4.105756358768407,1.0,74.7,31.75,0.7017379051197745,0.2982620948802255,z1,31.75,0.2982620948802255,12.6,0.11836542977923908,15.433333333333334,0.14498199467668701,15.733333333333333,0.14780021919524033,13.333333333333334,0.12525442304681383,17.6,0.16533583842179428
A1362EA4-C319-4C77-85C6-933BA92B1897,6981.0,3.362698753760206,4.662078152753108,1.0,75.06666666666666,41.28333333333333,0.6451797736713938,0.3548202263286062,z1,41.28333333333333,0.3548202263286062,7.516666666666667,0.06460392493912047,11.416666666666666,0.09812347801174617,9.45,0.0812204555221315,17.216666666666665,0.14797306976077926,29.466666666666665,0.2532588454376164
6A34F661-1AFF-4197-9069-25BC0B8E92E3,6157.0,3.104596394347897,4.144382431448678,1.0,68.68333333333334,33.93333333333333,0.669319473769693,0.33068052623030697,z1,33.93333333333333,0.33068052623030697,11.05,0.10768231281468248,10.766666666666667,0.10492122787071625,14.516666666666667,0.1414649991879162,21.916666666666668,0.2135780412538574,10.433333333333334,0.1016728926425207
3DC9A6FE-D31B-437A-8805-0AAA1488EA6E,7519.0,4.440351110520016,4.986438588380336,1.0,108.15,17.166666666666668,0.863013698630137,0.136986301369863,z6,17.166666666666668,0.136986301369863,9.016666666666667,0.07195105732145232,7.483333333333333,0.059715387684532516,11.05,0.08817661923128076,29.0,0.23141375182870064,51.6,0.41175688256417076
CEFCDF29-3782-4A38-B9B1-D07ED0DA9A23,8016.0,3.8594061876247503,4.68564077826017,1.0,103.65,29.95,0.7758233532934131,0.22417664670658682,z6,29.95,0.22417664670658682,13.8,0.10329341317365269,13.516666666666667,0.10117265469061876,11.383333333333333,0.08520459081836328,17.716666666666665,0.13260978043912175,47.233333333333334,0.3535429141716567
8A5CEF7D-CE2C-42C9-815A-A1FBAD9311FE,5.0,1.0,,1.0,0.0,0.08333333333333333,0.0,1.0,z1,0.08333333333333333,1.0,0.0,0.0,0.0,0.0,0.0,0.0,0.0,0.0,0.0,0.0
B357FF59-DE3D-4204-8EB1-EF57CDD85D57,5833.0,3.0269158237613576,4.290564987475647,1.0,59.88333333333333,37.333333333333336,0.615978055888908,0.3840219441110921,z1,37.333333333333336,0.3840219441110921,8.483333333333333,0.0872621292645294,14.216666666666667,0.1462369278244471,7.25,0.07457569003943082,11.283333333333333,0.11606377507286131,18.65,0.19183953368763929
8EF241AC-6431-4E0D-A1EE-42F30500A263,6401.0,3.399312607405093,4.085794655414909,1.0,82.95,23.733333333333334,0.7775347601937197,0.22246523980628027,z1,23.733333333333334,0.22246523980628027,16.033333333333335,0.15028901734104047,18.666666666666668,0.17497266052179347,13.916666666666666,0.1304483674425871,10.816666666666666,0.10139040774878925,23.516666666666666,0.22043430713950946
FEED6114-50ED-4561-87E7-6E82DB98C7B7,6499.0,3.1187875057701184,4.371694417238002,1.0,68.06666666666666,40.25,0.628404369903062,0.37159563009693797,z1,40.25,0.37159563009693797,10.133333333333333,0.09355285428527466,11.65,0.10755500846284044,8.566666666666666,0.07908909062932759,18.216666666666665,0.16817971995691644,19.5,0.18002769656870288
C187C95E-A3CF-48A1-8DF0-6753B1573C8C,6873.0,3.1441873999709005,4.699046184738956,1.0,66.4,48.15,0.5796595373199476,0.4203404626800524,z1,48.15,0.4203404626800524,7.933333333333334,0.06925651098501383,7.466666666666667,0.06518259857413065,8.4,0.07333042339589699,15.45,0.13487560017459624,27.15,0.23701440419030992
ABE22B20-2EC9-427E-A181-4DC5DF1FF2C9,6611.0,2.7333232491302373,4.243419190489669,1.0,58.88333333333333,51.3,0.5344123430645893,0.46558765693541065,z1,51.3,0.46558765693541065,9.816666666666666,0.08909393435183785,10.4,0.09438814097715928,9.6,0.08712751474814703,13.766666666666667,0.12494327635758584,15.3,0.1388594766298593
7A49A70D-18D1-4905-9086-CEFFD7F32677,9007.0,3.633618296880204,4.788086873203449,1.0,104.36666666666666,45.75,0.6952370378594427,0.30476296214055737,z1,45.75,0.30476296214055737,7.766666666666667,0.051737537470856,11.1,0.07394248917508604,15.266666666666667,0.1016986788053736,31.583333333333332,0.21039191739757965,38.65,0.25746641501054734
3024A90E-4804-4139-881E-B9AEB857D7AA,7370.0,3.787516960651289,4.855132294989679,1.0,88.81666666666666,34.016666666666666,0.7230664857530529,0.27693351424694707,z6,34.016666666666666,0.27693351424694707,11.783333333333333,0.09592944369063772,8.0,0.06512890094979647,5.966666666666667,0.0485753052917232,18.616666666666667,0.15156037991858887,44.45,0.36187245590230666
8D89D118-AE9B-40B9-99B8-DE14A36E5E8E,7707.0,4.1880108991825615,5.0265486725663715,1.0,101.7,26.75,0.7917477617750097,0.20825223822499025,z6,26.75,0.20825223822499025,10.55,0.08213312572985597,9.85,0.07668353444920202,7.9,0.061502530167380304,11.45,0.08913974309069676,61.95,0.4822888283378747
1A8A966D-A75A-4CC7-9280-78D4D43349C3,7916.0,3.2555583628095,4.477795091546552,1.0,85.56666666666666,46.36666666666667,0.6485598787266296,0.3514401212733704,z1,46.36666666666667,0.3514401212733704,15.5,0.11748357756442648,10.733333333333333,0.08135421930267812,9.133333333333333,0.06922688226376958,17.783333333333335,0.13479029813036889,32.416666666666664,0.24570490146538657
59370BAE-ABB1-4731-A30F-BFC37D4E4F2E,6752.0,3.619075829383886,5.0054360135900335,1.0,73.58333333333333,38.95,0.6538803317535545,0.3461196682464455,z6,38.95,0.3461196682464455,6.766666666666667,0.060130331753554506,8.016666666666667,0.07123815165876778,6.916666666666667,0.061463270142180094,8.233333333333333,0.07316350710900474,43.65,0.3878850710900474
143E4A22-6DAD-4304-845E-AC2C095DDA69,6267.0,3.5284825275251315,4.491846628470692,1.0,75.63333333333334,28.816666666666666,0.7241104196585288,0.2758895803414712,z1,28.816666666666666,0.2758895803414712,11.2,0.10722833891814265,12.133333333333333,0.11616403382798787,6.983333333333333,0.06685814584330621,18.9,0.18094782192436573,26.416666666666668,0.25291207914472635
F1F46ECB-E3B7-4A55-A7BC-B99A56E196EE,6061.0,2.3121597096188746,3.8484957020057307,1.0,46.53333333333333,54.483333333333334,0.4606500577462465,0.5393499422537535,z1,54.483333333333334,0.5393499422537535,12.0,0.11879227850189737,8.1,0.08018478798878073,8.133333333333333,0.08051476654017489,11.55,0.11433756805807622,6.75,0.06682065665731728
7CF2613E-2CC8-49C0-AA10-30A678ADF25C,8094.0,3.849518161601186,4.917119565217392,1.0,98.13333333333334,36.766666666666666,0.7274524339016556,0.27254756609834446,z6,36.766666666666666,0.27254756609834446,12.433333333333334,0.09216703731158883,9.216666666666667,0.0683222139856684,7.083333333333333,0.05250803063998023,14.716666666666667,0.1090931554237707,54.68333333333333,0.4053619965406474
1209DEEB-47B9-4181-958F-60067933D518,3102.0,3.4216634429400385,4.5788470700333495,1.0,34.983333333333334,16.716666666666665,0.6766602192134107,0.3233397807865893,z1,16.716666666666665,0.3233397807865893,6.15,0.11895551257253385,3.05,0.05899419729206963,4.383333333333334,0.08478401031592521,7.2,0.13926499032882012,14.2,0.2746615087040619
8B1EE283-2515-4BBF-9054-253091042CB1,7053.0,3.698993336169006,4.5481826654240445,1.0,89.41666666666667,28.133333333333333,0.7606692187721537,0.23933078122784632,z5,28.133333333333333,0.23933078122784632,11.25,0.09570395576350489,9.683333333333334,0.08237629377569829,13.316666666666666,0.11328512689635616,29.133333333333333,0.24783779951793564,26.033333333333335,0.22146604281865873
FE96F4B1-0BF7-4C4B-9978-8C020DFBD86A,7384.0,3.3136511375947997,4.455501618122978,1.0,82.4,40.666666666666664,0.6695557963163596,0.3304442036836403,z1,40.666666666666664,0.3304442036836403,12.05,0.09791440953412785,10.433333333333334,0.08477789815817985,11.033333333333333,0.08965330444203684,25.7,0.20882990249187433,23.183333333333334,0.18838028169014084
D8D970F2-5BEE-4957-907E-35E1B1CFA2AA,6357.0,3.871794871794872,4.732570026579432,1.0,81.51666666666667,24.433333333333334,0.7693880761365424,0.2306119238634576,z6,24.433333333333334,0.2306119238634576,10.7,0.10099103350637093,12.333333333333334,0.11640711027214094,5.7,0.053798961774421894,12.116666666666667,0.11436212049708983,40.666666666666664,0.3838288500865188
A320B731-3BD3-49A3-9B6E-BE5BBB4AEDAF,8243.0,4.183307048404707,4.890289103039288,1.0,112.41666666666667,24.966666666666665,0.8182700473128716,0.18172995268712847,z6,24.966666666666665,0.18172995268712847,10.383333333333333,0.07557927938857212,10.283333333333333,0.07485138905738202,11.85,0.08625500424602693,28.666666666666668,0.2086618949411622,51.233333333333334,0.37292247967972825
FEA5F1D0-EDF2-4D3F-879C-07DC0627B297,7123.0,4.208619963498526,5.139648614381453,1.0,92.01666666666667,26.7,0.7750947634423698,0.2249052365576302,z6,26.7,0.2249052365576302,7.25,0.061069773971641164,5.133333333333334,0.04324020777762179,6.4,0.053909869437034956,21.966666666666665,0.1850343956198231,51.266666666666666,0.4318405166362488
2C7C7A88-B628-498A-80E4-9C89F72674C1,7023.0,4.030186529972946,4.708137306150897,1.0,95.65,21.4,0.8171721486544212,0.1828278513455788,z6,21.4,0.1828278513455788,10.45,0.08927808628791115,12.75,0.10892780862879112,14.0,0.1196070055531824,15.516666666666667,0.13256443115477717,42.93333333333333,0.36679481702975936
159F79F9-30CE-40A5-ACDB-6E18086EAEF2,5957.0,2.957025348329696,3.950645406226272,1.0,65.85,33.43333333333333,0.6632533154272284,0.3367466845727715,z1,33.43333333333333,0.3367466845727715,15.633333333333333,0.15746180963572268,14.683333333333334,0.14789323484975658,6.933333333333334,0.06983380896424375,14.5,0.14604666778579822,14.1,0.14201779419170724
D0534E9E-4216-4D43-9B26-5743308191A1,8535.0,3.1291154071470415,4.396000747523828,1.0,89.18333333333334,53.06666666666667,0.6269478617457528,0.3730521382542472,z1,53.06666666666667,0.3730521382542472,13.6,0.09560632688927943,12.333333333333334,0.08670181605155243,11.883333333333333,0.08353837141183362,27.883333333333333,0.19601640304628,23.483333333333334,0.16508494434680726
69CB869B-2769-493B-B8A4-6FA9689DD342,6493.0,3.9519482519636533,4.755289968652038,1.0,85.06666666666666,23.15,0.7860773140304944,0.21392268596950562,z6,23.15,0.21392268596950562,8.116666666666667,0.07500385030032343,9.483333333333333,0.08763283536115817,12.4,0.11458493762513476,20.166666666666668,0.186354535653781,34.9,0.322501155090097
08B5977C-0741-4D96-A90C-A311D3FAA780,6783.0,3.7321244287188557,5.024321389793703,1.0,76.75,36.3,0.6789031402034498,0.32109685979655017,z6,36.3,0.32109685979655017,7.55,0.06678460858027421,7.066666666666666,0.06250921421200059,5.15,0.04555506413091552,13.183333333333334,0.11661506707946337,43.8,0.3874391862007961
CE9B2C3B-E5EA-4B62-B786-BC3C23B9C507,7261.0,3.3283294312078224,4.0417416336811804,1.0,92.63333333333334,28.383333333333333,0.7654593031262912,0.23454069687370885,z1,28.383333333333333,0.23454069687370885,18.333333333333332,0.15149428453381078,16.05,0.13262636000550887,16.5,0.1363448560804297,26.916666666666668,0.222421154111004,14.833333333333334,0.1225726483955378
D0CBA4BF-D630-4E01-B727-4792B6DD8CA8,7815.0,3.470377479206654,4.403137669663318,1.0,94.55,35.7,0.7259117082533589,0.27408829174664107,z6,35.7,0.27408829174664107,16.65,0.12783109404990403,15.466666666666667,0.11874600127959054,13.2,0.10134357005758157,11.583333333333334,0.08893154190658989,37.65,0.2890595009596929
FA972174-A7F5-41B8-81FD-1A76BC6EF65F,7089.0,3.3226124982367047,4.252666930067167,1.0,84.36666666666666,33.78333333333333,0.7140640428833404,0.2859359571166596,z1,33.78333333333333,0.2859359571166596,16.216666666666665,0.13725490196078433,15.1,0.12780363944138806,8.216666666666667,0.06954436450839328,20.816666666666666,0.17618846099590915,24.016666666666666,0.20327267597686557
FE0D7B1F-0A14-483E-8A21-8B58D09E9FFF,1591.0,1.3255813953488371,2.8700361010830324,1.0,4.616666666666666,21.9,0.17410433689503457,0.8258956631049654,z1,21.9,0.8258956631049654,1.5833333333333333,0.059710873664362035,2.05,0.07730986800754243,0.9833333333333333,0.03708359522313011,0.0,0.0,0.0,0.0
6C0FBD51-9AB3-4632-886B-73CD752D6E02,6381.0,3.6450399623883403,4.41314459049545,1.0,82.41666666666667,23.933333333333334,0.7749569033066918,0.22504309669330827,z6,23.933333333333334,0.22504309669330827,15.6,0.1466854724964739,10.933333333333334,0.10280520294624668,10.216666666666667,0.09606644726531892,15.15,0.14245416078984485,30.516666666666666,0.2869456198088074
FED215AF-EC02-45A1-8BDA-364CC5D9B167,8434.0,4.082048849893289,4.682913006517427,1.0,117.63333333333334,22.933333333333334,0.8368508418306854,0.1631491581693147,z6,22.933333333333334,0.1631491581693147,13.133333333333333,0.09343134930045056,14.05,0.09995257291913683,20.2,0.1437040550154138,19.85,0.14121413327009721,50.4,0.3585487313255869
DCB132BC-5E09-4986-AA4B-BB8A59144D60,6087.0,4.490389354361755,4.763684676705049,1.0,94.08333333333333,7.366666666666666,0.9273862329554788,0.0726137670445211,z6,7.366666666666666,0.0726137670445211,11.516666666666667,0.1135206177098735,11.083333333333334,0.10924921964843108,11.95,0.11779201577131591,13.1,0.1291276490882208,46.43333333333333,0.4576967307376376
261372B3-087F-4027-A973-B21FD1784AD2,3754.0,4.403303143313798,4.883282674772037,1.0,54.833333333333336,7.733333333333333,0.8763985082578583,0.12360149174214172,z6,7.733333333333333,0.12360149174214172,5.35,0.08550879062333511,6.816666666666666,0.10895045285029302,5.15,0.08231220031965902,9.083333333333334,0.14517847629195524,28.433333333333334,0.45444858817261585
873ADA68-6D51-48BB-9EEA-C9C5CC65A9B8,7541.0,4.635989921761039,4.8710998164619514,1.0,118.05,7.633333333333334,0.9392653494231534,0.06073465057684657,z6,7.633333333333334,0.06073465057684657,13.7,0.10900411086062857,11.0,0.08752154886619812,10.166666666666666,0.08089112849754675,25.133333333333333,0.19997347831852538,58.05,0.4618750828802546
1EB0DB9F-3FF8-4B79-A150-D8885FC1A27A,6158.0,3.925138031828516,5.021656619781202,1.0,74.65,27.983333333333334,0.7273465410847678,0.27265345891523224,z6,27.983333333333334,0.27265345891523224,9.533333333333333,0.09288730107177655,4.316666666666666,0.04205911010068204,5.75,0.05602468333874635,10.45,0.10181877232867814,44.6,0.4345566742448847
85FCED2B-BA1E-445B-B7C7-D0D40B67E9FD,6889.0,4.246770213383655,4.727833333333334,1.0,100.0,14.816666666666666,0.8709536942952533,0.1290463057047467,z6,14.816666666666666,0.1290463057047467,10.983333333333333,0.09565974742342866,9.35,0.08143417041660618,12.216666666666667,0.10640150965307012,30.8,0.26825373784293804,36.65,0.3192045289592103
01CF9577-FE5A-4A55-AD3B-55444AF8272D,5873.0,4.831602247573642,5.027742974762842,1.0,93.11666666666666,4.766666666666667,0.95130257108803,0.048697428911970035,z6,4.766666666666667,0.048697428911970035,7.316666666666666,0.07474885067256938,10.9,0.11135705772177763,7.966666666666667,0.0813894091605653,12.633333333333333,0.12906521368976673,54.3,0.5547420398433509
EAC9D0A1-B26D-40FD-9B2C-40161CFA1AD6,7393.0,3.565940754768024,4.363475177304965,1.0,94.0,29.216666666666665,0.7628838090085216,0.23711619099147843,z6,29.216666666666665,0.23711619099147843,14.416666666666666,0.11700256999864737,16.533333333333335,0.13418098201000947,13.716666666666667,0.11132152035709456,19.133333333333333,0.15528202353577708,30.2,0.2450967131069931
B5B05F1B-24D2-474F-B380-B320AE9C13C7,215.0,3.0930232558139537,3.5,1.0,3.0,0.5833333333333334,0.8372093023255814,0.16279069767441862,z2,0.5833333333333334,0.16279069767441862,1.0,0.27906976744186046,0.5,0.13953488372093023,0.5,0.13953488372093023,1.0,0.27906976744186046,0.0,0.0
B9055498-ED59-4F19-AE96-5E867E814D4E,6882.0,3.408166230746876,4.063401109057302,1.0,90.16666666666667,24.533333333333335,0.7861086893344957,0.2138913106655042,z1,24.533333333333335,0.2138913106655042,17.316666666666666,0.15097355419936065,15.266666666666667,0.13310084277826215,20.25,0.17654751525719267,19.05,0.16608544027898867,18.283333333333335,0.15940133682069166
0370C2CA-2544-4C33-9AA5-18C3C28555C7,6056.0,4.135237780713342,5.012468300929839,1.0,78.86666666666666,22.066666666666666,0.7813738441215323,0.21862615587846765,z6,22.066666666666666,0.21862615587846765,7.283333333333333,0.07215984147952444,7.65,0.07579260237780713,6.416666666666667,0.06357331571994716,12.966666666666667,0.1284676354029062,44.55,0.44138044914134744
551AFFD4-D822-4AC0-8810-41F594FE4A5F,5663.0,4.146388839837542,4.375899962106859,1.0,87.96666666666667,6.416666666666667,0.9320148331273177,0.06798516687268233,z6,6.416666666666667,0.06798516687268233,9.633333333333333,0.10206604273353347,17.916666666666668,0.18982871269645066,17.6,0.1864736005650715,15.383333333333333,0.16298781564541762,27.433333333333334,0.29065866148684444
9CEC3972-5BC3-422B-BD17-A4A4BDFA72B7,8275.0,3.1546827794561936,4.40852609443701,1.0,87.18333333333334,50.733333333333334,0.6321450151057402,0.36785498489425983,z1,50.733333333333334,0.36785498489425983,10.133333333333333,0.07347432024169184,14.483333333333333,0.10501510574018127,14.55,0.10549848942598188,25.666666666666668,0.18610271903323264,22.35,0.16205438066465258
E4B4CBD5-F997-428A-9035-160232763B93,7062.0,3.770036816765789,4.296040438079191,1.0,98.91666666666667,18.783333333333335,0.8404134806003964,0.1595865193996035,z6,18.783333333333335,0.1595865193996035,18.7,0.1588785046728972,16.666666666666668,0.1416029453412631,12.533333333333333,0.10648541489662985,18.683333333333334,0.15873690172755595,32.333333333333336,0.2747097139620504
8F5AF88C-A37C-4B42-9210-EE07ADCE2457,4490.0,4.249220489977728,5.032338308457711,1.0,60.3,14.533333333333333,0.8057906458797327,0.19420935412026727,z6,14.533333333333333,0.19420935412026727,5.75,0.07683741648106904,2.2666666666666666,0.030289532293986638,3.25,0.043429844097995544,22.05,0.29465478841870824,26.983333333333334,0.3605790645879733
3384CCA9-0E49-48BB-903F-D81E40075177,7235.0,4.718590186592951,4.95008075172515,1.0,113.51666666666667,7.066666666666666,0.94139599170698,0.058604008293020045,z6,7.066666666666666,0.058604008293020045,12.216666666666667,0.10131306150656531,10.966666666666667,0.09094678645473393,8.95,0.07422252937111265,19.516666666666666,0.16185210780926054,61.86666666666667,0.5130615065653076
F7B62F77-2990-4810-AFD1-C4394873B17F,8785.0,4.322026180990324,4.673253618628068,1.0,132.41666666666666,14.0,0.9043824701195219,0.09561752988047809,z6,14.0,0.09561752988047809,19.3,0.13181559476380195,19.9,0.1359134889015367,12.433333333333334,0.08491747296528172,13.916666666666666,0.09504837791690382,66.86666666666666,0.4566875355719977
4E590C66-ABC7-4BFB-B24F-C20266E87F86,6931.0,4.670033184244698,4.9345707656612525,1.0,107.75,7.766666666666667,0.9327658346558938,0.06723416534410619,z6,7.766666666666667,0.06723416534410619,7.533333333333333,0.06521425479728755,14.033333333333333,0.12148319145866397,9.233333333333333,0.07993074592410908,24.1,0.20862790362141106,52.85,0.45750973885442214
99E797F2-BA90-442B-B8B1-A0B740FD9122,6693.0,4.3778574630210665,5.121786690975387,1.0,91.41666666666667,20.133333333333333,0.819512923950396,0.18048707604960407,z6,20.133333333333333,0.18048707604960407,3.8666666666666667,0.03466308083071866,10.35,0.09278350515463918,9.033333333333333,0.0809801284924548,15.7,0.1407440609592111,52.46666666666667,0.4703421485133722
B5E3268D-2B78-4382-827E-1E4CFFFBB01D,8556.0,3.077956989247312,4.538813694267516,1.0,83.73333333333333,58.86666666666667,0.587190275829827,0.412809724170173,z1,58.86666666666667,0.412809724170173,15.633333333333333,0.1096306685366994,10.816666666666666,0.07585320243104254,6.35,0.04453015427769986,14.666666666666666,0.10285179990649837,36.266666666666666,0.25432445067788684
4FAE3B46-D06C-4EE4-8B8A-FD1CE28CB812,5911.0,4.363559465403485,4.858334950514264,1.0,85.88333333333334,12.633333333333333,0.8717645068516325,0.12823549314836746,z6,12.633333333333333,0.12823549314836746,12.483333333333333,0.12671290813737102,7.166666666666667,0.07274572830316359,5.333333333333333,0.05413635594654035,15.95,0.16190153950262223,44.95,0.4562679749619354
B8A107B5-D9E1-4B35-960D-59631B162067,7172.0,4.039598438371445,4.721406623420963,1.0,97.63333333333334,21.9,0.816787506971556,0.18321249302844395,z6,21.9,0.18321249302844395,10.05,0.08407696597880647,11.95,0.09997211377579476,12.333333333333334,0.10317902955939766,24.116666666666667,0.20175683212493029,39.18333333333333,0.3278025655326269
5C18CC02-DA74-4213-8197-CD5D1BB9DA4A,6114.0,4.497383055282957,5.005807418508804,1.0,88.96666666666667,12.933333333333334,0.8730781812234216,0.12692181877657835,z6,12.933333333333334,0.12692181877657835,9.216666666666667,0.09044815178279358,8.166666666666666,0.08014393195943735,5.55,0.05446516192345437,15.983333333333333,0.15685312397775597,50.05,0.49116781157998035
317DC285-6BBB-4425-9924-7A64EFC4BBA0,8480.0,2.5908018867924527,4.145988805970149,1.0,71.46666666666667,69.86666666666666,0.5056603773584906,0.49433962264150944,z1,69.86666666666666,0.49433962264150944,14.566666666666666,0.10306603773584906,12.766666666666667,0.09033018867924528,12.133333333333333,0.08584905660377358,11.666666666666666,0.08254716981132075,20.333333333333332,0.14386792452830188
C837F7DC-328E-4AF2-B1C5-EF73D5647413,7101.0,2.9935220391494157,4.394724220623501,1.0,69.5,48.85,0.5872412336290663,0.41275876637093367,z1,48.85,0.41275876637093367,10.2,0.08618504435994931,13.616666666666667,0.11505421771581467,8.366666666666667,0.0706942684128996,13.183333333333334,0.11139276158287566,24.133333333333333,0.2039149415575271
DFC2854D-C262-4731-9C5E-CEC584A801CB,7950.0,3.6656603773584906,4.694560669456067,1.0,95.6,36.9,0.7215094339622642,0.27849056603773586,z6,36.9,0.27849056603773586,12.383333333333333,0.09345911949685534,10.883333333333333,0.08213836477987421,11.266666666666667,0.0850314465408805,20.083333333333332,0.15157232704402515,40.983333333333334,0.30930817610062894
85374E40-5B49-4CDE-8477-70926CB4DF65,6194.0,3.5290603810138843,4.78747582205029,1.0,68.93333333333334,34.3,0.6677429770745883,0.3322570229254117,z6,34.3,0.3322570229254117,11.783333333333333,0.11414271876009041,8.15,0.07894736842105263,2.066666666666667,0.02001937358734259,7.866666666666666,0.07620277688085243,39.06666666666667,0.37843073942525024
561FB47D-EFBA-4D57-AFBA-442C292FE29F,7691.0,3.3886360681315826,4.366501740883269,1.0,90.95,37.233333333333334,0.7095306202054349,0.29046937979456505,z1,37.233333333333334,0.29046937979456505,13.583333333333334,0.10596801456247562,11.866666666666667,0.09257573787543882,16.766666666666666,0.13080223638018462,25.1,0.19581328825900404,23.633333333333333,0.1843713431283318
FBCAB34B-82F6-4007-8AFC-9FF4F467A4A0,7572.0,4.459587955625991,4.854053258790643,1.0,113.28333333333333,12.916666666666666,0.8976492340200739,0.10235076597992604,z6,12.916666666666666,0.10235076597992604,10.916666666666666,0.08650290544109879,13.933333333333334,0.1104067617538299,13.35,0.10578446909667195,17.65,0.13985736925515055,57.43333333333333,0.45509772847332275
500A4C2D-2636-4921-BC03-7A154A323D47,6806.0,4.279312371436967,4.775841651158856,1.0,98.51666666666667,14.916666666666666,0.8684983837790186,0.1315016162209815,z6,14.916666666666666,0.1315016162209815,7.633333333333334,0.06729356450191008,13.583333333333334,0.1197472818101675,15.35,0.13532177490449604,18.616666666666667,0.1641198942109903,43.333333333333336,0.3820158683514546
E3BB2E3C-51DE-460C-B60F-D4364E3E9CF0,2230.0,1.328251121076233,2.6598639455782314,1.0,7.35,29.816666666666666,0.1977578475336323,0.8022421524663678,z1,29.816666666666666,0.8022421524663678,4.233333333333333,0.11390134529147983,1.5666666666666667,0.042152466367713005,1.3666666666666667,0.036771300448430494,0.18333333333333332,0.004932735426008968,0.0,0.0
763C08BA-35E4-42D3-BE92-85DC14E1936E,2721.0,1.185226019845645,2.4823529411764707,1.0,5.666666666666667,39.68333333333333,0.12495406100698273,0.8750459389930173,z1,39.68333333333333,0.8750459389930173,3.95,0.08710033076074973,0.95,0.020948180815876516,0.5166666666666667,0.01139287026828372,0.25,0.005512679162072767,0.0,0.0
96BCA410-47D6-48BB-B297-029A896D950E,4303.0,1.2542412270508947,2.5365168539325844,1.0,11.866666666666667,59.85,0.16546595398559144,0.8345340460144085,z1,59.85,0.8345340460144085,8.016666666666667,0.11178247734138973,2.15,0.02997908435974901,1.0666666666666667,0.01487334417848013,0.45,0.006274692075296305,0.18333333333333332,0.0025563560306762724
F3A73051-473F-428A-8818-06BB4B519AAF,2634.0,1.3910402429764617,2.4714285714285715,1.0,11.666666666666666,32.233333333333334,0.26575550493545935,0.7342444950645406,z1,32.233333333333334,0.7342444950645406,6.966666666666667,0.15869400151860288,3.9,0.0888382687927107,0.8,0.018223234624145785,0.0,0.0,0.0,0.0
57B409F1-E572-4893-8C30-20D60B25A753,1687.0,1.5666864256075874,2.767097966728281,1.0,9.016666666666667,19.1,0.3206876111440427,0.6793123888559573,z1,19.1,0.6793123888559573,3.6666666666666665,0.13040901007705988,4.183333333333334,0.14878482513337285,0.7666666666666667,0.027267338470657973,0.4,0.014226437462951986,0.0,0.0
DC7CBDB5-86F7-4025-B3A2-C332006B0CEF,2786.0,1.4156496769562097,2.8065522620904835,1.0,10.683333333333334,35.75,0.2300789662598708,0.7699210337401292,z1,35.75,0.7699210337401292,5.0,0.10768126346015794,3.283333333333333,0.07071069633883705,1.8666666666666667,0.04020100502512563,0.5333333333333333,0.01148600143575018,0.0,0.0
B6AC94AC-41F2-44ED-BDF6-D4D89FEDF134,2326.0,1.080395528804815,2.2550335570469797,1.0,2.4833333333333334,36.28333333333333,0.06405846947549441,0.9359415305245056,z1,36.28333333333333,0.9359415305245056,1.9333333333333333,0.04987102321582115,0.4666666666666667,0.012037833190025795,0.08333333333333333,0.0021496130696474634,0.0,0.0,0.0,0.0
5004EEEC-5442-49E7-8D30-25DBFCD83F3C,4926.0,1.210109622411693,2.9418386491557222,1.0,8.883333333333333,73.21666666666667,0.10820138043036946,0.8917986195696306,z1,73.21666666666667,0.8917986195696306,3.6333333333333333,0.04425497360941941,2.716666666666667,0.03308972797401543,1.95,0.023751522533495738,0.5833333333333334,0.007105156313438896,0.0,0.0
EC43F573-9940-4AAF-89CC-A09703B5CD15,8911.0,1.115363034451801,2.454031117397454,1.0,11.783333333333333,136.73333333333332,0.0793401413982718,0.9206598586017282,z1,136.73333333333332,0.9206598586017282,7.683333333333334,0.05173381214229604,3.2666666666666666,0.02199528672427337,0.4166666666666667,0.0028055212658511953,0.4166666666666667,0.0028055212658511953,0.0,0.0
B333FA3A-8129-4041-A7FA-612405FCAAAA,2960.0,2.0023648648648646,3.2460257380772144,1.0,22.016666666666666,27.316666666666666,0.4462837837837838,0.5537162162162163,z1,27.316666666666666,0.5537162162162163,7.516666666666667,0.15236486486486486,6.55,0.13277027027027027,4.45,0.0902027027027027,2.0166666666666666,0.04087837837837838,1.4833333333333334,0.03006756756756757
EB006D25-A706-4C2B-B5AF-55FBBD5725DD,2447.0,1.0445443400081733,2.1847826086956523,1.0,1.5333333333333334,39.25,0.03759705762157744,0.9624029423784226,z1,39.25,0.9624029423784226,1.25,0.03064977523498161,0.2833333333333333,0.006947282386595832,0.0,0.0,0.0,0.0,0.0,0.0
84395543-F0ED-4922-9F68-22A8CB549DF4,6438.0,3.061975768872321,4.1103561387066545,1.0,71.13333333333334,36.166666666666664,0.6629388008698354,0.33706119913016463,z1,36.166666666666664,0.33706119913016463,12.8,0.11929170549860205,12.4,0.11556383970177074,13.733333333333333,0.12799005902454177,18.55,0.17287977632805218,13.65,0.12721342031686858
708D60AE-1851-449B-9BD6-5169BEE785D4,7764.0,2.873261205564142,3.9870609981515712,1.0,81.15,48.25,0.6271251931993818,0.37287480680061824,z1,48.25,0.37287480680061824,12.75,0.09853168469860897,20.433333333333334,0.157908294693457,16.516666666666666,0.12764039155074705,18.016666666666666,0.13923235445646573,13.433333333333334,0.10381246780010304
C1A852AB-42C2-4714-89F5-847CA3B595CB,9557.0,2.733389138851104,4.068345989998148,1.0,89.98333333333333,69.3,0.5649262320811971,0.435073767918803,z1,69.3,0.435073767918803,14.8,0.09291618708799833,19.466666666666665,0.12221408391754734,16.916666666666668,0.1062048760071152,22.383333333333333,0.14052526943601548,16.416666666666668,0.10306581563252067
750E591F-EF20-42D5-8C1B-1988007ECDD8,7594.0,2.9079536476165395,4.0343455497382195,1.0,79.58333333333333,46.983333333333334,0.6287858835923097,0.3712141164076903,z1,46.983333333333334,0.3712141164076903,16.283333333333335,0.1286542006847511,15.283333333333333,0.12075322623123519,13.416666666666666,0.10600474058467212,18.616666666666667,0.14708980774295496,15.983333333333333,0.12628390834869635
2E274972-67BC-44AA-B225-90A291818310,8827.0,3.2413050866659114,4.224250325945241,1.0,102.26666666666667,44.85,0.695139911634757,0.30486008836524303,z1,44.85,0.30486008836524303,13.9,0.09448283675087799,18.033333333333335,0.12257845247535969,17.533333333333335,0.11917978928288207,36.833333333333336,0.2503681885125184,15.966666666666667,0.10853064461311884
D1FD3986-2742-49D8-88DB-5E1E8C49E6AC,7770.0,2.662934362934363,3.8636968085106385,1.0,75.2,54.3,0.5806949806949807,0.4193050193050193,z1,54.3,0.4193050193050193,15.8,0.122007722007722,17.316666666666666,0.1337194337194337,14.6,0.11274131274131274,16.3,0.12586872586872586,11.183333333333334,0.08635778635778636
1BA8445E-3C84-4134-AA9B-B11B41F04059,8869.0,3.2524523621603336,4.4640194208427255,1.0,96.11666666666666,51.7,0.6502424174089525,0.34975758259104744,z1,51.7,0.34975758259104744,12.5,0.08456421242530161,15.733333333333333,0.1064381553726463,10.3,0.06968091103844853,29.833333333333332,0.2018265869883865,27.75,0.18773255158416957
864D7E9B-A7BB-45F9-B995-0BE6014E4D21,7828.0,3.7161471640265713,4.644497771683236,1.0,97.23333333333333,33.233333333333334,0.7452733776188043,0.2547266223811957,z1,33.233333333333334,0.2547266223811957,7.25,0.055569749616760346,13.066666666666666,0.10015329586101175,16.333333333333332,0.1251916198262647,30.933333333333334,0.23709759836484415,29.65,0.22726111394992335
F9EDB09B-C78B-48D1-8EB3-E4EB052B2818,7552.0,3.467425847457627,4.604255319148936,1.0,86.16666666666667,39.7,0.6845868644067796,0.3154131355932203,z1,39.7,0.3154131355932203,11.666666666666666,0.0926906779661017,12.9,0.10248940677966102,9.583333333333334,0.07613877118644068,15.733333333333333,0.125,36.28333333333333,0.2882680084745763
00DB6A7D-24FC-4F4E-AEA1-BB01D0B0CB67,7159.0,4.026120966615449,4.6465241541827975,1.0,99.01666666666667,20.3,0.829864506215952,0.17013549378404805,z6,20.3,0.17013549378404805,10.05,0.08422964101131443,12.7,0.10643944685011873,15.866666666666667,0.13297946640592262,23.983333333333334,0.20100572705685152,36.416666666666664,0.30521022489174465
D016FBF6-7B4F-461E-B668-CD929D22207E,8725.0,3.8931805157593122,4.612852440246171,1.0,116.45,28.966666666666665,0.8008022922636103,0.19919770773638967,z6,28.966666666666665,0.19919770773638967,15.733333333333333,0.1081948424068768,18.683333333333334,0.1284813753581662,13.933333333333334,0.09581661891117478,14.683333333333334,0.10097421203438395,53.416666666666664,0.3673352435530086
1B3E6891-6991-48A7-B8A9-2D3A285492A4,8705.0,4.111545089029294,4.67516960651289,1.0,122.83333333333333,22.25,0.8466398621481906,0.1533601378518093,z6,22.25,0.1533601378518093,9.716666666666667,0.06697300402067777,21.483333333333334,0.14807581849511775,19.116666666666667,0.13176335439402642,21.183333333333334,0.1460080413555428,51.333333333333336,0.35381964388282594
4B38A659-8616-4FFA-AFB9-47ABA860A04E,8159.0,4.411815173428116,4.859281852211285,1.0,120.21666666666667,15.766666666666667,0.8840544184336315,0.11594558156636843,z6,15.766666666666667,0.11594558156636843,12.25,0.09008456918740042,12.616666666666667,0.0927809780610369,15.916666666666666,0.11704865792376516,18.45,0.135678391959799,60.983333333333334,0.4484618213016301
D09F7102-2A32-4F31-9F26-F33403679ACA,8987.0,2.7965950817848,4.118794668727062,1.0,86.28333333333333,63.5,0.5760543006565039,0.4239456993434962,z1,63.5,0.4239456993434962,14.916666666666666,0.09958829420273729,19.8,0.13219094247246022,14.0,0.0934683431623456,15.25,0.1018137309446979,22.316666666666666,0.14899298987426282
18C066F7-3EFE-49E2-805D-6CA80002AE1E,7582.0,3.6404642574518595,4.54148239872634,1.0,94.21666666666667,32.15,0.7455816407280401,0.2544183592719599,z6,32.15,0.2544183592719599,14.166666666666666,0.11210762331838565,13.066666666666666,0.10340279609601688,7.983333333333333,0.06317594302294909,25.583333333333332,0.20245317858084938,33.416666666666664,0.2644420997098391
7C707B5C-8F24-441D-80A1-E19C71485904,9095.0,3.417152281473337,4.529865125240848,1.0,103.8,47.78333333333333,0.6847718526663001,0.31522814733369986,z1,47.78333333333333,0.31522814733369986,13.816666666666666,0.09114898295766904,14.55,0.0959868059373282,16.216666666666665,0.10698185816382628,21.25,0.14018691588785046,37.96666666666667,0.2504672897196262
EF8C2AEC-5D0A-45EF-B223-90B0830642A6,12289.0,3.3077549027585644,4.151461273474831,1.0,149.98333333333332,54.833333333333336,0.7322809016193343,0.26771909838066565,z1,54.833333333333336,0.26771909838066565,27.333333333333332,0.13345268125966311,30.016666666666666,0.1465538286272276,25.933333333333334,0.12661730002441207,26.0,0.12694279436894784,40.7,0.19871429733908375
C7EC0DDC-0A46-4874-95D7-FE2AD52A9A90,8535.0,3.4212067955477448,4.421357615894039,1.0,100.66666666666667,41.583333333333336,0.7076742823667252,0.29232571763327475,z1,41.583333333333336,0.29232571763327475,19.333333333333332,0.13591095489162272,14.033333333333333,0.09865260691271235,9.3,0.06537785588752197,20.883333333333333,0.14680726420620974,37.11666666666667,0.2609256004686585
49EC91B1-F493-4D30-A113-224771989623,8621.0,3.495070177473611,4.7936507936507935,1.0,94.5,49.18333333333333,0.6576963229323745,0.34230367706762554,z1,49.18333333333333,0.34230367706762554,11.983333333333333,0.0834009975640877,9.233333333333333,0.06426168657928315,8.466666666666667,0.05892587866836794,21.433333333333334,0.14917062985732513,43.38333333333333,0.30193713026331054
FDA95D73-4A29-4E56-ADC7-C6286F489A04,7242.0,2.2845898922949464,3.3829405737704916,1.0,65.06666666666666,55.63333333333333,0.5390776028721348,0.46092239712786526,z1,55.63333333333333,0.46092239712786526,19.95,0.16528583264291632,17.3,0.14333057166528584,13.916666666666666,0.11529964098315383,10.75,0.08906379453189726,3.15,0.026097763048881523
22BFE5A3-196E-4085-A16B-EF5CC0D21E19,8523.0,3.6517658101607413,4.740648791790798,1.0,100.7,41.35,0.708905315029919,0.29109468497008095,z6,41.35,0.29109468497008095,12.466666666666667,0.08776252493253549,13.183333333333334,0.09280769682036842,9.266666666666667,0.06523524580546756,18.866666666666667,0.13281708318667135,46.916666666666664,0.33028276428487624
986F0F85-717E-4B68-B7B2-9E5C31102C5A,9231.0,3.333874986458672,4.304294478527607,1.0,108.66666666666667,45.18333333333333,0.7063156754414472,0.2936843245585527,z1,45.18333333333333,0.2936843245585527,17.1,0.11114722131946701,18.1,0.11764705882352941,18.266666666666666,0.11873036507420648,25.033333333333335,0.16271259885169537,30.166666666666668,0.19607843137254902
2A19419F-E2EA-477B-AA31-12B4B4AB266E,8687.0,2.59802002992978,3.82614006514658,1.0,81.86666666666666,62.916666666666664,0.5654426154023253,0.4345573845976747,z1,62.916666666666664,0.4345573845976747,16.1,0.11120064464141821,20.4,0.14090019569471623,19.916666666666668,0.13756187406469436,12.533333333333333,0.08656613330263613,12.916666666666666,0.08921376769886037
3B9E392B-429C-4CB1-A959-EDF742EAA6F3,8767.0,3.741302612067982,4.414748508098891,1.0,117.3,28.816666666666666,0.8027831641382457,0.1972168358617543,z6,28.816666666666666,0.1972168358617543,12.95,0.08862780882856165,22.066666666666666,0.15102087373103684,21.366666666666667,0.1462301813619254,25.216666666666665,0.17257898939203833,35.7,0.24432531082468348
155AE422-BEC7-432D-8443-953169781B5A,8762.0,2.992581602373887,4.027397260273973,1.0,96.11666666666666,49.916666666666664,0.6581830632275736,0.34181693677242636,z1,49.916666666666664,0.34181693677242636,18.35,0.12565624286692537,24.55,0.16811230312713993,10.266666666666667,0.07030358365669938,22.016666666666666,0.15076466560146085,20.933333333333334,0.1433462679753481
1779DA41-6C6A-4DAF-B81F-C7A0CB224486,7924.0,2.690938919737506,3.914093083949543,1.0,76.63333333333334,55.43333333333333,0.5802624936900556,0.4197375063099445,z1,55.43333333333333,0.4197375063099445,15.4,0.1166077738515901,16.866666666666667,0.12771327612317013,15.35,0.11622917718324079,16.95,0.12834427057041897,12.066666666666666,0.09136799596163554
A02A4A12-D2AD-4B5B-A978-F17BFAB17EB5,9110.0,3.660812294182217,4.450042698548249,1.0,117.1,34.733333333333334,0.7712403951701426,0.2287596048298573,z6,34.733333333333334,0.2287596048298573,16.25,0.10702524698133918,21.35,0.14061470911086718,15.4,0.10142700329308452,21.65,0.14259055982436883,42.45,0.279582875960483
4914DEDC-4E03-446A-BBC9-4DA779F221F5,9187.0,3.6206596277348426,4.517825832846289,1.0,114.06666666666666,39.05,0.7449657124197235,0.25503428758027646,z1,39.05,0.25503428758027646,14.616666666666667,0.09546097746816153,16.566666666666666,0.10819636442799609,15.216666666666667,0.09937955807118755,30.466666666666665,0.19897681506476542,37.2,0.24295199738761294
F28CA950-2077-4ECD-8AF0-3F478A58F949,8983.0,3.6975397973950797,4.750503018108652,1.0,107.68333333333334,42.03333333333333,0.7192474674384949,0.28075253256150506,z6,42.03333333333333,0.28075253256150506,16.05,0.10720249359902037,10.466666666666667,0.0699098296782812,9.9,0.06612490259378827,19.15,0.12790827117889347,52.11666666666667,0.34810197038851165
F3AF9523-A60B-40E7-B58C-0755167AA7A1,8079.0,3.4559970293353137,4.513101983002833,1.0,94.13333333333334,40.516666666666666,0.699096422824607,0.300903577175393,z1,40.516666666666666,0.300903577175393,16.766666666666666,0.12452036143087016,11.5,0.08540660972892684,9.716666666666667,0.07216239633618023,18.966666666666665,0.14085901720509963,37.18333333333333,0.2761480381235301
62D3A707-1338-4224-B194-28DC4EF9EC85,9129.0,3.2195202103187643,4.545406824146982,1.0,95.25,56.9,0.6260269470916858,0.3739730529083142,z1,56.9,0.3739730529083142,16.516666666666666,0.10855515390513748,10.416666666666666,0.06846313944572242,10.966666666666667,0.07207799320845656,19.3,0.1268485047650345,38.05,0.2500821557673349
D6B39230-5794-4B8A-A220-E64F9A34B59C,8465.0,3.1145894861193146,4.325901151988108,1.0,89.7,51.38333333333333,0.6357944477259303,0.3642055522740697,z1,51.38333333333333,0.3642055522740697,12.566666666666666,0.08907265209686946,15.016666666666667,0.10643827525103366,14.766666666666667,0.10466627288836385,25.316666666666666,0.17944477259303013,22.033333333333335,0.1561724748966332
4091B9C5-6744-4D32-8656-F8C06930F01A,6088.0,2.593462549277267,3.391765285996055,1.0,67.6,33.86666666666667,0.6662286465177398,0.33377135348226017,z1,33.86666666666667,0.33377135348226017,19.65,0.19365965834428384,19.65,0.19365965834428384,13.316666666666666,0.13124178712220763,12.133333333333333,0.11957950065703023,2.85,0.028088042049934297
0E6B124E-C7EF-4F43-8F89-53374DDE7660,8747.0,3.3817308791585687,4.240472857365065,1.0,107.15,38.63333333333333,0.7349948553789871,0.26500514462101293,z1,38.63333333333333,0.26500514462101293,22.283333333333335,0.15285240653938492,19.066666666666666,0.13078769863953355,13.4,0.09191722876414771,15.4,0.10563621813193094,37.0,0.2538013033039899
25BF630B-2E26-48CB-97A4-F155E7D17C3E,9011.0,3.2828764842969704,4.241058767921853,1.0,105.78333333333333,44.4,0.704361336144712,0.295638663855288,z1,44.4,0.295638663855288,18.65,0.12418155587615137,19.366666666666667,0.12895350127621796,16.466666666666665,0.1096437687271113,20.433333333333334,0.13605593163910776,30.866666666666667,0.20552657862612364
1FF97046-833A-42FD-9927-1DAEA857F290,5780.0,3.3877162629757787,4.580954852101713,1.0,64.23333333333333,32.1,0.6667820069204152,0.3332179930795848,z1,32.1,0.3332179930795848,7.616666666666666,0.07906574394463668,10.3,0.1069204152249135,8.883333333333333,0.09221453287197232,12.016666666666667,0.12474048442906574,25.416666666666668,0.263840830449827
15A0A90B-58AE-431D-A25E-6784A25DF0FE,0.0,,,,,,,,,,,,,,,,,,,,
7A307137-8F31-411D-8322-BFFD598BE301,6913.0,3.500650947490236,4.312320367886568,1.0,86.98333333333333,28.233333333333334,0.7549544336756835,0.2450455663243165,z1,28.233333333333334,0.2450455663243165,12.25,0.10632142340517865,16.75,0.14537827281932592,12.766666666666667,0.11080572833791408,22.016666666666666,0.1910892521336612,23.2,0.20135975697960365
BF85CBAD-FAB3-4C60-9DE9-1935ECA1B83F,5847.0,3.3914828116983067,4.808006535947713,1.0,61.2,36.25,0.6280143663417137,0.3719856336582863,z1,36.25,0.3719856336582863,6.216666666666667,0.0637933983239268,9.683333333333334,0.09936719685308705,3.1666666666666665,0.03249529673336754,12.7,0.13032324268855824,29.433333333333334,0.3020352317427741
F8140883-575E-4450-8A6B-18616C596677,7514.0,3.53673143465531,5.0255543822597675,1.0,78.91666666666667,46.31666666666667,0.6301570401916423,0.36984295980835774,z6,46.31666666666667,0.36984295980835774,8.816666666666666,0.07040191642267767,7.25,0.05789193505456481,5.7,0.04551503859462337,8.483333333333333,0.0677402182592494,48.666666666666664,0.388607931860527
DE5385A3-BE3B-45D5-8B92-48B4D224193C,8331.0,3.328291921738087,4.133602584814216,1.0,103.16666666666667,35.68333333333333,0.7430080422518305,0.25699195774816946,z1,35.68333333333333,0.25699195774816946,22.933333333333334,0.16516624654903372,20.433333333333334,0.1471612051374385,11.183333333333334,0.08054255191453608,17.15,0.12351458408354339,31.466666666666665,0.22662345456727884
1A6D6769-FA01-4DD2-AD1D-54AAF0C7DCBB,7614.0,2.887444181770423,4.076643117105545,1.0,77.85,49.05,0.6134751773049646,0.38652482269503546,z1,49.05,0.38652482269503546,14.666666666666666,0.11557656947727869,16.333333333333332,0.1287102705542422,13.083333333333334,0.10309955345416338,15.9,0.12529550827423167,17.866666666666667,0.14079327554504859
