workout_uuid,date,end_date,duration_sec,duration_min,swim_time_sec,rest_time_sec,distance_m,stroke_count,avg_hr,max_hr,min_hr,pool_length_m,location_type,stroke_style,pace_sec_per_100m,distance_per_stroke_m,strokes_per_100m,week_start,month,quarter_index
1A6D6769-FA01-4DD2-AD1D-54AAF0C7DCBB,2024-05-31 23:13:14+00:00,2024-06-01T01:20:43Z,7648.4282549619675,127.47380424936613,2524.3424648046494,5124.085790157318,2857.5000762939453,876.0001794550541,,,,22.86,,,88.34094129154366,3.2619857202216,30.656173440638668,2024-05-27,2024-05,Q1
DE5385A3-BE3B-45D5-8B92-48B4D224193C,2024-06-01 14:53:02+00:00,2024-06-01T17:16:20Z,8598.736703038216,143.31227838397027,3521.359308362007,5077.3773946762085,1828.800048828125,1374.0002007819817,,,,22.86,,,192.5502632514941,1.3310042078504094,75.13124256872291,2024-05-27,2024-06,Q1
F8140883-575E-4450-8A6B-18616C596677,2024-06-03 23:34:41+00:00,2024-06-04T01:42:36Z,7675.364194989204,127.92273658315341,3442.2826434373856,4233.081551551819,3520.4400939941406,1222.0181765286306,,,,22.86,,,97.77989545426176,2.880841023162686,34.71208553195919,2024-06-03,2024-06,Q1
BF85CBAD-FAB3-4C60-9DE9-1935ECA1B83F,2024-06-04 23:43:21+00:00,2024-06-05T01:23:17Z,5996.203259944916,99.93672099908193,2603.8002237081528,3392.403036236763,2857.5000762939453,1029.00052078231,,,,22.86,,,91.12161519467638,2.7769665987355343,36.01051595130242,2024-06-03,2024-06,Q1
7A307137-8F31-411D-8322-BFFD598BE301,2024-06-05 23:14:48+00:00,2024-06-06T01:13:19Z,7110.850214958191,118.51417024930318,3263.8051426410675,3847.0450723171234,3154.6800842285156,1078.000325738262,,,,22.86,,,103.45914817030453,2.926418488851617,34.171462619224336,2024-06-03,2024-06,Q1
15A0A90B-58AE-431D-A25E-6784A25DF0FE,2024-06-06 01:15:06+00:00,2024-06-06T01:17:24Z,137.64383745193481,2.294063957532247,137.64383745193481,0.0,0.0,,,,,22.86,,,inf,,,2024-06-03,2024-06,Q1
1FF97046-833A-42FD-9927-1DAEA857F290,2024-06-06 23:15:50+00:00,2024-06-07T00:53:24Z,5854.741953015327,97.57903255025546,2104.4787703752518,3750.2631826400757,2446.020065307617,831.0024147292523,,,,22.86,,,86.03685637021084,2.9434572294288115,33.97365485735472,2024-06-03,2024-06,Q1
25BF630B-2E26-48CB-97A4-F155E7D17C3E,2024-06-11 13:50:02+00:00,2024-06-11T16:25:17Z,9314.353752970695,155.23922921617824,3371.686017870903,5942.6677350997925,2080.260055541992,1345.0010404887319,,,,22.86,,,162.0800249895892,1.5466605548394892,64.6554279069837,2024-06-10,2024-06,Q1
0E6B124E-C7EF-4F43-8F89-53374DDE7660,2024-06-12 13:54:05+00:00,2024-06-12T16:23:47Z,8981.674659967422,149.6945776661237,3685.0402052402496,5296.634454727173,5000.0,1479.00051500672,,,,50.0,,,73.700804104805,3.3806614326819773,29.5800103001344,2024-06-10,2024-06,Q1
4091B9C5-6744-4D32-8656-F8C06930F01A,2024-06-13 00:10:19+00:00,2024-06-13T01:52:19Z,6120.214379429817,102.00357299049695,1985.7181290388107,4134.4962503910065,891.5400238037109,397.00048549728047,,,,22.86,,,222.72899432678787,2.2456900088849343,44.529743466086664,2024-06-10,2024-06,Q1
D6B39230-5794-4B8A-A220-E64F9A34B59C,2024-06-13 13:55:39+00:00,2024-06-13T16:17:26Z,8507.08669102192,141.78477818369865,4187.956162452698,4319.1305285692215,5150.0,2040.0056128848498,,,,50.0,,,81.31953713500384,2.5245028579687037,39.61175947349223,2024-06-10,2024-06,Q1
62D3A707-1338-4224-B194-28DC4EF9EC85,2024-06-14 13:53:56+00:00,2024-06-14T16:33:07Z,9551.053379058838,159.18422298431398,4010.480356693268,5540.57302236557,5200.0,1462.000100720934,,,,50.0,,,77.1246222441013,3.556771300792526,28.11538655232565,2024-06-10,2024-06,Q1
F3AF9523-A60B-40E7-B58C-0755167AA7A1,2024-06-15 13:52:13+00:00,2024-06-15T16:11:50Z,8377.768016934395,139.62946694890658,3494.63906621933,4883.128950715065,4500.0,1539.000081632242,,,,50.0,,,77.6586459159851,2.923976453092428,34.20000181404983,2024-06-10,2024-06,Q1
F28CA950-2077-4ECD-8AF0-3F478A58F949,2024-06-17 13:50:24+00:00,2024-06-17T16:26:18Z,9354.651827931404,155.91086379885672,3981.051906466484,5373.59992146492,5300.0,1629.0,,,,50.0,,,75.11418691446197,3.2535297728667896,30.735849056603776,2024-06-17,2024-06,Q1
4914DEDC-4E03-446A-BBC9-4DA779F221F5,2024-06-18 13:52:10+00:00,2024-06-18T16:26:34Z,9264.874419093132,154.4145736515522,3795.667627930641,5469.206791162491,4400.0,1176.0026281456833,,,,50.0,,,86.26517336206003,3.7414882370951026,26.72733245785644,2024-06-17,2024-06,Q1
A02A4A12-D2AD-4B5B-A978-F17BFAB17EB5,2024-06-19 13:53:08+00:00,2024-06-19T16:28:09Z,9301.21463894844,155.020243982474,4264.302445888519,5036.912193059921,4250.0,1632.000213948856,,,,50.0,,,100.3365281385534,2.6041663252705844,38.400005034090725,2024-06-17,2024-06,Q1
1779DA41-6C6A-4DAF-B81F-C7A0CB224486,2024-06-20 00:04:03+00:00,2024-06-20T02:18:02Z,8039.529083013535,133.9921513835589,2320.1180552244186,5719.411027789116,1645.9200439453125,803.0001437460012,,,,22.86,,,140.96177173120975,2.049713261901902,48.78731179560759,2024-06-17,2024-06,Q1
155AE422-BEC7-432D-8443-953169781B5A,2024-06-20 13:55:12+00:00,2024-06-20T16:30:31Z,9318.484207034111,155.3080701172352,4176.309186697006,5142.175020337105,4550.0,1461.0006456193312,,,,50.0,,,91.7870150922419,3.11430389414456,32.10990429932596,2024-06-17,2024-06,Q1
3B9E392B-429C-4CB1-A959-EDF742EAA6F3,2024-06-21 13:56:11+00:00,2024-06-21T16:23:57Z,8866.035929083824,147.76726548473042,3468.67866563797,5397.357263445854,4900.0,1693.0019994175395,,,,50.0,,,70.78936052322388,2.8942671075910105,34.551061212602846,2024-06-17,2024-06,Q1
2A19419F-E2EA-477B-AA31-12B4B4AB266E,2024-06-24 13:53:54+00:00,2024-06-24T16:24:45Z,9050.956190943718,150.84926984906195,5419.903778553009,3631.052412390709,5450.0,1437.0686796887644,,,,50.0,,,99.44777575326623,3.7924422660024453,26.368232654839712,2024-06-24,2024-06,Q1
986F0F85-717E-4B68-B7B2-9E5C31102C5A,2024-06-25 13:56:15+00:00,2024-06-25T16:35:43Z,9567.816450953484,159.4636075158914,4269.610298633575,5298.206152319908,4750.0,1394.0006784286857,,,,50.0,,,89.88653260281212,3.407458886859502,29.347382703761802,2024-06-24,2024-06,Q1
22BFE5A3-196E-4085-A16B-EF5CC0D21E19,2024-06-26 13:54:07+00:00,2024-06-26T16:17:41Z,8613.73243200779,143.56220720012982,5111.535672545433,3502.1967594623566,5250.0,1567.0000309349205,,,,50.0,,,97.36258423896062,3.3503509230103132,29.847619636855626,2024-06-24,2024-06,Q1
FDA95D73-4A29-4E56-ADC7-C6286F489A04,2024-06-27 00:05:26+00:00,2024-06-27T02:10:22Z,7496.490635037422,124.94151058395704,2222.1909699440002,5274.299665093422,1325.8800354003906,611.0000120145984,,,,22.86,,,167.60120905455378,2.1700163818797304,46.08260141952344,2024-06-24,2024-06,Q1
49EC91B1-F493-4D30-A113-224771989623,2024-06-27 13:55:23+00:00,2024-06-27T16:23:49Z,8906.190516114235,148.4365086019039,4500.46776175499,4405.722754359245,5050.0,1857.0002878419732,,,,50.0,,,89.1181735000988,2.719439535396423,36.77228292756383,2024-06-24,2024-06,Q1
C7EC0DDC-0A46-4874-95D7-FE2AD52A9A90,2024-06-28 13:54:15+00:00,2024-06-28T16:21:15Z,8819.32219696045,146.98870328267415,3589.7558339834213,5229.566362977028,4800.0,1526.0000206931131,,,,50.0,,,74.7865798746546,3.1454783321823467,31.791667097773193,2024-06-24,2024-06,Q1
EF8C2AEC-5D0A-45EF-B223-90B0830642A6,2024-06-30 23:11:38+00:00,2024-07-01T02:36:52Z,12314.17157304287,205.23619288404782,3022.105582356453,9292.065990686417,1691.6400451660156,893.0001159042384,,,,22.86,,,178.6494467893651,1.89433351131549,52.78901492407036,2024-06-24,2024-06,Q1
7C707B5C-8F24-441D-80A1-E19C71485904,2024-07-01 13:55:46+00:00,2024-07-01T16:29:03Z,9196.164947032928,153.26941578388215,4815.994223952293,4380.170723080635,4700.0,1496.0008659792786,,,,50.0,,,102.46796221175092,3.141709411326705,31.829805659133587,2024-07-01,2024-07,Q1
18C066F7-3EFE-49E2-805D-6CA80002AE1E,2024-07-02 14:08:12+00:00,2024-07-02T16:16:44Z,7711.791127920151,128.5298521320025,3826.3707060813904,3885.4204218387604,5750.0,1524.0021417190546,,,,50.0,,,66.54557749706765,3.7729605770199734,26.504385073374863,2024-07-01,2024-07,Q1
D09F7102-2A32-4F31-9F26-F33403679ACA,2024-07-03 13:59:09+00:00,2024-07-03T16:33:09Z,9240.338183045387,154.0056363840898,3268.5392191410065,5971.798963904381,4850.0,1307.0013196899329,,,,50.0,,,67.3925612194022,3.7107843174562305,26.94848081834913,2024-07-01,2024-07,Q1
4B38A659-8616-4FFA-AFB9-47ABA860A04E,2024-07-05 15:54:08+00:00,2024-07-05T18:10:58Z,8209.65735900402,136.827622650067,4299.149105668068,3910.5082533359528,4100.0,1589.0000869882354,,,,50.0,,,104.85729526019678,2.5802390028631605,38.756099682639885,2024-07-01,2024-07,Q1
1B3E6891-6991-48A7-B8A9-2D3A285492A4,2024-07-06 14:20:58+00:00,2024-07-06T16:48:08Z,8830.387427091599,147.17312378485997,3176.606085062027,5653.7813420295715,4200.0,1596.000277366364,,,,50.0,,,75.63347821576255,2.631578490030478,38.00000660396105,2024-07-01,2024-07,Q1
D016FBF6-7B4F-461E-B668-CD929D22207E,2024-07-08 13:54:50+00:00,2024-07-08T16:21:49Z,8818.833920001984,146.9805653333664,3430.920207262039,5387.9137127399445,4100.0,1634.0127058591097,,,,50.0,,,83.68098066492779,2.5091604155209772,39.853968435588044,2024-07-08,2024-07,Q1
00DB6A7D-24FC-4F4E-AEA1-BB01D0B0CB67,2024-07-09 13:56:08+00:00,2024-07-09T15:56:30Z,7222.505443096161,120.37509071826935,3373.4531531333923,3849.0522899627686,4450.0,1373.0028720781186,,,,50.0,,,75.80793602546949,3.2410711517774686,30.85399712535098,2024-07-08,2024-07,Q1
F9EDB09B-C78B-48D1-8EB3-E4EB052B2818,2024-07-10 14:00:53+00:00,2024-07-10T16:08:31Z,7658.709929943085,127.64516549905142,2482.484902739525,5176.22502720356,2194.56005859375,882.0174796015991,,,,22.86,,,113.11993458635503,2.4881140219409446,40.1910841376921,2024-07-08,2024-07,Q1
864D7E9B-A7BB-45F9-B995-0BE6014E4D21,2024-07-16 14:01:07+00:00,2024-07-16T16:13:57Z,7970.600758075714,132.84334596792857,4158.687220335007,3811.9135377407074,3589.0200958251953,1173.0001747363108,,,,22.86,,,115.87249748677799,3.0596927205334845,32.683020529775334,2024-07-15,2024-07,Q1
1BA8445E-3C84-4134-AA9B-B11B41F04059,2024-07-17 14:00:34+00:00,2024-07-17T16:30:28Z,8993.866551041603,149.8977758506934,3367.041632294655,5626.824918746948,3840.4801025390625,1382.000117151202,,,,22.86,,,87.67241444809459,2.7789289269060773,35.98508728732947,2024-07-15,2024-07,Q1
D1FD3986-2742-49D8-88DB-5E1E8C49E6AC,2024-07-18 14:02:12+00:00,2024-07-18T16:14:12Z,7919.966825008392,131.9994470834732,3556.3314448595047,4363.635380148888,2971.800079345703,713.0000723095559,,,,22.86,,,119.66926946319003,4.168022128973176,23.99219507614173,2024-07-15,2024-07,Q1
2E274972-67BC-44AA-B225-90A291818310,2024-07-22 14:00:45+00:00,2024-07-22T16:28:08Z,8842.99515902996,147.38325265049934,3797.4377970695496,5045.557361960411,3863.340103149414,1252.0000202680876,,,,22.86,,,98.29416245217084,3.085734856715231,32.40719136395605,2024-07-22,2024-07,Q1
750E591F-EF20-42D5-8C1B-1988007ECDD8,2024-07-23 13:59:24+00:00,2024-07-23T16:09:33Z,7808.968672990799,130.14947788317997,3874.6269949674606,3934.3416780233383,3108.9600830078125,948.001286487244,,,,22.86,,,124.62774984292793,3.2794893080027965,30.492552531265865,2024-07-22,2024-07,Q1
C1A852AB-42C2-4714-89F5-847CA3B595CB,2024-07-24 14:02:13+00:00,2024-07-24T16:45:26Z,9792.87581896782,163.214596982797,4092.924373626709,5699.95144534111,2446.020065307617,1077.0009388998,,,,22.86,,,167.32995904970113,2.2711401420005495,44.030748323577384,2024-07-22,2024-07,Q1
708D60AE-1851-449B-9BD6-5169BEE785D4,2024-07-25 13:59:36+00:00,2024-07-25T16:12:54Z,7997.7695080041885,133.29615846673647,3723.634911417961,4274.134596586227,3246.120086669922,869.0010584385502,,,,22.86,,,114.71032531140597,3.7354616028922423,26.770453194478925,2024-07-22,2024-07,Q1
84395543-F0ED-4922-9F68-22A8CB549DF4,2024-07-26 14:03:49+00:00,2024-07-26T15:52:41Z,6531.584427952766,108.85974046587944,1533.257783293724,4998.326644659042,1760.2200469970703,527.0002447296763,,,,22.86,,,87.10602892572761,3.34007443943403,29.9394524922459,2024-07-22,2024-07,Q1
EB006D25-A706-4C2B-B5AF-55FBBD5725DD,2024-08-04 02:30:39+00:00,2024-08-04T03:14:39Z,2640.2166187763214,44.00361031293869,2595.7501668930054,44.46645188331604,249.1471710205078,383.0,,,,,,,1041.8541604389093,0.650514806842057,153.7244025012327,2024-07-29,2024-08,Q1
B333FA3A-8129-4041-A7FA-612405FCAAAA,2024-08-04 22:53:01+00:00,2024-08-04T23:44:05Z,3064.4318330287933,51.073863883813225,3063.880936026573,0.5508970022201538,395.52874755859375,268.0,,,,,,,774.6291400911862,1.4758535356663947,67.7574011128732,2024-07-29,2024-08,Q1
EC43F573-9940-4AAF-89CC-A09703B5CD15,2024-08-05 23:48:43+00:00,2024-08-06T02:36:23Z,10060.26764202118,167.67112736701966,10059.70991396904,0.5577280521392822,1504.2489013671875,899.0,,,,,,,668.7530171918977,1.673246831331688,59.76404564317205,2024-08-05,2024-08,Q1
5004EEEC-5442-49E7-8D30-25DBFCD83F3C,2024-08-07 01:09:28+00:00,2024-08-07T02:38:04Z,5316.019886016846,88.6003314336141,5315.447889924049,0.5719960927963257,743.419921875,354.0,,,,,,,714.9993877642949,2.100056276483051,47.61777154251756,2024-08-05,2024-08,Q1
B6AC94AC-41F2-44ED-BDF6-D4D89FEDF134,2024-08-08 01:13:11+00:00,2024-08-08T01:55:48Z,2556.3766080141068,42.606276800235115,2555.8807170391083,0.4958909749984741,597.608642578125,338.0,,,,,,,427.68469780036344,1.7680729070358727,56.55875365889032,2024-08-05,2024-08,Q1
DC7CBDB5-86F7-4025-B3A2-C332006B0CEF,2024-08-09 01:25:07+00:00,2024-08-09T02:13:36Z,2908.647600054741,48.47746000091235,2908.14076089859,0.5068391561508179,555.4638671875,361.0,,,,,,,523.5517434506556,1.5386810725415512,64.99072600849163,2024-08-05,2024-08,Q1
57B409F1-E572-4893-8C30-20D60B25A753,2024-08-09 23:32:42+00:00,2024-08-10T00:04:46Z,1924.1167559623718,32.06861259937286,1923.5429899692535,0.5737659931182861,531.03173828125,254.0,,,,,,,362.2275000351276,2.0906761349655514,47.8314160321382,2024-08-05,2024-08,Q1
F3A73051-473F-428A-8818-06BB4B519AAF,2024-08-10 19:41:35+00:00,2024-08-10T20:29:45Z,2890.6012949943542,48.1766882499059,2890.0910999774933,0.5101950168609619,1136.619140625,271.0,,,,,,,254.27084558758182,4.194166570571956,23.84263913160775,2024-08-05,2024-08,Q1
96BCA410-47D6-48BB-B297-029A896D950E,2024-08-11 22:12:59+00:00,2024-08-11T23:27:55Z,4495.807057023048,74.93011761705081,4495.278329014778,0.5287280082702637,1270.0556640625,221.0,,,,,,,353.9434102152521,5.746858208427602,17.400812126067926,2024-08-05,2024-08,Q1
763C08BA-35E4-42D3-BE92-85DC14E1936E,2024-08-13 01:43:33+00:00,2024-08-13T02:32:54Z,2960.5226789712906,49.34204464952151,2959.9969630241394,0.5257159471511841,1210.486328125,138.0,,,,,,,244.52956586540458,8.771640058876812,11.400376591923765,2024-08-12,2024-08,Q1
E3BB2E3C-51DE-460C-B60F-D4364E3E9CF0,2024-08-14 00:54:09+00:00,2024-08-14T01:32:55Z,2325.504963040352,38.75841605067253,2324.938626050949,0.566336989402771,1117.1240234375,145.0,,,,,,,208.11821939849483,7.704303609913793,12.979758465297417,2024-08-12,2024-08,Q1
500A4C2D-2636-4921-BC03-7A154A323D47,2024-08-14 23:50:40+00:00,2024-08-15T01:44:26Z,6825.50123500824,113.758353916804,2593.5429779291153,4231.958257079124,1531.6200408935547,418.0001127027196,,,,22.86,,,169.3333143131262,3.664161789312335,27.29137132854806,2024-08-12,2024-08,Q1
FBCAB34B-82F6-4007-8AFC-9FF4F467A4A0,2024-08-15 23:17:54+00:00,2024-08-16T01:25:02Z,7628.787335038185,127.14645558396975,3456.420881509781,4172.366453528404,2766.060073852539,748.0003957370861,,,,22.86,,,124.95827238834023,3.6979393187711342,27.04208787104465,2024-08-12,2024-08,Q1
561FB47D-EFBA-4D57-AFBA-442C292FE29F,2024-08-16 23:15:03+00:00,2024-08-17T01:25:46Z,7842.865543007851,130.7144257167975,3935.5533459186554,3907.3121970891953,2354.580062866211,648.0000842749831,,,,22.86,,,167.14459652427104,3.633610735561308,27.520834585092764,2024-08-12,2024-08,Q1
85374E40-5B49-4CDE-8477-70926CB4DF65,2024-08-19 23:37:10+00:00,2024-08-20T01:23:33Z,6382.590183973312,106.37650306622187,2757.2066497802734,3625.383534193039,2903.2200775146484,856.0000932900468,,,,22.86,,,94.97063867581915,3.391611870456797,29.48450583955869,2024-08-19,2024-08,Q1
DFC2854D-C262-4731-9C5E-CEC584A801CB,2024-08-20 23:13:58+00:00,2024-08-21T01:31:52Z,8274.343063950539,137.90571773250898,3245.1222900152206,5029.220773935318,3086.100082397461,1025.0004183366211,,,,22.86,,,105.15285322484493,3.0108281198612667,33.21345358120536,2024-08-19,2024-08,Q1
C837F7DC-328E-4AF2-B1C5-EF73D5647413,2024-08-21 23:40:57+00:00,2024-08-22T01:46:24Z,7526.707884073257,125.44513140122096,3144.762493491173,4381.945390582085,2400.300064086914,805.0006234093531,,,,22.86,,,131.01539013987636,2.9817369009245236,33.53749955906365,2024-08-19,2024-08,Q1
317DC285-6BBB-4425-9924-7A64EFC4BBA0,2024-08-22 23:15:50+00:00,2024-08-23T01:45:13Z,8963.392701029778,149.3898783504963,2534.1134333610535,6429.279267668724,2286.0000610351562,909.0001006028647,,,,22.86,,,110.8536030490544,2.5148512739647018,39.763782866709434,2024-08-19,2024-08,Q1
5C18CC02-DA74-4213-8197-CD5D1BB9DA4A,2024-08-26 23:45:33+00:00,2024-08-27T01:28:07Z,6154.295753002167,102.57159588336944,3542.0574810504913,2612.2382719516754,3726.1800994873047,1050.0000985770127,,,,22.86,,,95.05867635163025,3.5487426187265316,28.178994856461316,2024-08-26,2024-08,Q1
B8A107B5-D9E1-4B35-960D-59631B162067,2024-08-27 23:16:25+00:00,2024-08-28T01:20:13Z,7428.144593954086,123.80240989923477,3543.621569752693,3884.523024201393,3291.840087890625,917.0001064901373,,,,22.86,,,107.64865470799363,3.589792481584657,27.8567634516457,2024-08-26,2024-08,Q1
4FAE3B46-D06C-4EE4-8B8A-FD1CE28CB812,2024-08-28 23:45:32+00:00,2024-08-29T01:29:20Z,6228.0698980093,103.80116496682167,2505.432974934578,3722.6369230747223,3040.380081176758,1060.0,,,,22.86,,,82.40525552860706,2.8682830954497716,34.864062113896445,2024-08-26,2024-08,Q1
B5E3268D-2B78-4382-827E-1E4CFFFBB01D,2024-08-29 23:17:13+00:00,2024-08-30T01:45:29Z,8895.984503984451,148.26640839974087,3619.22787296772,5276.756631016731,3314.7000885009766,1023.0019843704769,,,,22.86,,,109.18718968039312,3.2401697544513937,30.86258053690505,2024-08-26,2024-08,Q1
99E797F2-BA90-442B-B8B1-A0B740FD9122,2024-08-30 23:20:18+00:00,2024-08-31T01:14:53Z,6875.368833899498,114.58948056499163,2623.2560156583786,4252.112818241119,2880.360076904297,1028.0000739795541,,,,22.86,,,91.07389165307957,2.8019064879576887,35.689984812052046,2024-08-26,2024-08,Q1
4E590C66-ABC7-4BFB-B24F-C20266E87F86,2024-09-03 23:35:23+00:00,2024-09-04T01:31:04Z,6941.443382978439,115.69072304964065,2608.5083414316177,4332.935041546822,2926.080078125,901.0,,,,22.86,,,89.14685421402142,3.24759165163707,30.792048609187443,2024-09-02,2024-09,Q1
F7B62F77-2990-4810-AFD1-C4394873B17F,2024-09-05 23:15:27+00:00,2024-09-06T01:47:06Z,9099.3095099926,151.65515849987665,3318.06469643116,5781.2448135614395,3634.7400970458984,1078.0045307975824,,,,22.86,,,91.28753660070184,3.371729889072605,29.658366265959994,2024-09-02,2024-09,Q1
3384CCA9-0E49-48BB-903F-D81E40075177,2024-09-09 23:36:44+00:00,2024-09-10T01:42:40Z,7555.788905978203,125.92981509963671,3735.128355383873,3820.66055059433,4160.520111083984,1298.0000593868758,,,,22.86,,,89.77551497547552,3.205331217819243,31.19802391842529,2024-09-09,2024-09,Q1
8F5AF88C-A37C-4B42-9210-EE07ADCE2457,2024-09-10 23:22:38+00:00,2024-09-11T00:44:34Z,4915.931534171104,81.93219223618507,2606.3166024684906,2309.614931702614,2811.780075073242,669.0052679087665,,,,22.86,,,92.69276162719093,4.20292665835434,23.79294432873951,2024-09-09,2024-09,Q1
E4B4CBD5-F997-428A-9035-160232763B93,2024-09-11 23:41:28+00:00,2024-09-12T01:50:40Z,7752.440778017044,129.20734630028406,3379.8507257699966,4372.590052247047,3177.540084838867,994.0000007458574,,,,22.86,,,106.36689500461137,3.196720404883873,31.28206015365698,2024-09-09,2024-09,Q1
9CEC3972-5BC3-422B-BD17-A4A4BDFA72B7,2024-09-12 23:13:07+00:00,2024-09-13T01:45:42Z,9154.081266999245,152.56802111665408,3814.7681469917297,5339.313120007515,3589.0200958251953,1121.0001666839244,,,,22.86,,,106.28996342007468,3.201623159827014,31.234156866045122,2024-09-09,2024-09,Q1
551AFFD4-D822-4AC0-8810-41F594FE4A5F,2024-09-14 13:57:42+00:00,2024-09-14T15:37:52Z,6010.548480987549,100.17580801645914,2489.7940378189087,3520.75444316864,2583.1800689697266,956.0,,,,22.86,,,96.38484237809779,2.7020712018511786,37.0086472671373,2024-09-09,2024-09,Q1
0370C2CA-2544-4C33-9AA5-18C3C28555C7,2024-09-16 23:44:49+00:00,2024-09-17T01:46:16Z,7286.887547969818,121.44812579949696,4021.094040751457,3265.793507218361,4297.680114746094,1408.0000011277846,,,,22.86,,,93.56429360469102,3.0523296245054854,32.76186136554672,2024-09-16,2024-09,Q1
B9055498-ED59-4F19-AE96-5E867E814D4E,2024-09-17 23:18:04+00:00,2024-09-18T01:27:25Z,7761.747276067734,129.3624546011289,3788.598519921303,3973.148756146431,3657.60009765625,1136.00031320462,,,,22.86,,,103.58154032063251,3.2197175081213483,31.05862540665822,2024-09-16,2024-09,Q1
B5B05F1B-24D2-474F-B380-B320AE9C13C7,2024-09-18 23:47:14+00:00,2024-09-19T01:50:05Z,7371.312222957611,122.85520371596019,3701.892512202263,3669.419710755348,3314.7000885009766,936.0007366386643,,,,22.86,,,111.68106957985415,3.541343461335961,28.23787104859784,2024-09-16,2024-09,Q1
EAC9D0A1-B26D-40FD-9B2C-40161CFA1AD6,2024-09-19 23:27:14+00:00,2024-09-20T01:38:24Z,7869.890802979469,131.1648467163245,2818.51515853405,5051.375644445419,2171.7000579833984,844.0001731370904,,,,22.86,,,129.78381375332614,2.5731038062602987,38.863570042025685,2024-09-16,2024-09,Q1
01CF9577-FE5A-4A55-AD3B-55444AF8272D,2024-09-23 23:44:53+00:00,2024-09-24T01:34:50Z,6596.8381670713425,109.94730278452238,3331.9228163957596,3264.915350675583,3611.880096435547,1224.000309903821,,,,22.86,,,92.24898743687343,2.950881684596436,33.888176717487084,2024-09-23,2024-09,Q1
85FCED2B-BA1E-445B-B7C7-D0D40B67E9FD,2024-09-24 23:14:50+00:00,2024-09-25T01:19:02Z,7452.232156991959,124.20386928319931,3479.9065366983414,3972.3256202936172,4137.660110473633,1435.0103789232076,,,,22.86,,,84.10324782090429,2.88336598204845,34.6816882152977,2024-09-23,2024-09,Q1
1EB0DB9F-3FF8-4B79-A150-D8885FC1A27A,2024-09-25 23:42:49+00:00,2024-09-26T01:33:06Z,6617.2454479932785,110.28742413322131,3816.634196996689,2800.6112509965897,3360.4200897216797,1012.0000575242058,,,,22.86,,,113.57610343630562,3.320573022439085,30.11528411639816,2024-09-23,2024-09,Q1
873ADA68-6D51-48BB-9EEA-C9C5CC65A9B8,2024-09-26 23:16:54+00:00,2024-09-27T01:25:48Z,7733.844969987869,128.8974161664645,3794.8497281074524,3938.995241880417,4046.2201080322266,1329.000766043208,,,,22.86,,,93.78752580894513,3.0445581458007056,32.845488642720746,2024-09-23,2024-09,Q1
261372B3-087F-4027-A973-B21FD1784AD2,2024-09-27 23:25:57+00:00,2024-09-28T00:32:34Z,3996.900517463684,66.61500862439473,1852.2667173147202,2144.633800148964,2034.540054321289,613.0001003861789,,,,22.86,,,91.04105438379416,3.318988125841359,30.129664888346092,2024-09-23,2024-09,Q1
DCB132BC-5E09-4986-AA4B-BB8A59144D60,2024-09-30 23:48:48+00:00,2024-10-01T01:48:22Z,7173.5625,119.559375,3624.713510990143,3548.848989009857,4274.820114135742,1342.0009313703538,,,,22.86,,,84.7921880736955,3.1854077103885516,31.393155630869664,2024-09-30,2024-09,Q1
FED215AF-EC02-45A1-8BDA-364CC5D9B167,2024-10-01 23:20:12+00:00,2024-10-02T01:48:21Z,8888.686637997627,148.14477729996045,5382.051386594772,3506.635251402855,3177.540084838867,836.0000678502861,,,,22.86,,,169.37792263500887,3.800884960463798,26.30966236552385,2024-09-30,2024-10,Q1
6C0FBD51-9AB3-4632-886B-73CD752D6E02,2024-10-03 23:21:47+00:00,2024-10-04T01:17:03Z,6915.5951499938965,115.25991916656494,3004.698720097542,3910.8964298963547,2994.6600799560547,1054.0031429645267,,,,22.86,,,100.33521801718592,2.841225000082227,35.196086194196496,2024-09-30,2024-10,Q1
FE0D7B1F-0A14-483E-8A21-8B58D09E9FFF,2024-10-05 16:26:21+00:00,2024-10-05T17:09:21Z,2579.7287600040436,42.99547933340072,1896.0646579265594,683.6641020774841,326.8834319313464,146.0,,,,,,,580.0430589962663,2.238927615968126,44.664239829280675,2024-09-30,2024-10,Q1
FA972174-A7F5-41B8-81FD-1A76BC6EF65F,2024-10-08 23:41:25+00:00,2024-10-09T01:52:53Z,7887.384997010231,131.45641661683717,4749.178750157356,3138.2062468528748,4069.080108642578,1016.0004955659787,,,,22.86,,,116.71381794795028,4.004998153446603,24.968800525898484,2024-10-07,2024-10,Q1
D0CBA4BF-D630-4E01-B727-4792B6DD8CA8,2024-10-10 23:20:10+00:00,2024-10-11T01:38:15Z,8284.273037075996,138.07121728459995,5351.80266058445,2932.4703764915466,3726.1800994873047,1007.0000473983745,,,,22.86,,,143.6270528448375,3.7002779782523767,27.024996659096818,2024-10-07,2024-10,Q1
CE9B2C3B-E5EA-4B62-B786-BC3C23B9C507,2024-10-11 23:24:59+00:00,2024-10-12T01:31:20Z,7580.95694899559,126.34928248325984,2700.339341878891,4880.617607116699,2263.1400604248047,793.0,,,,22.86,,,119.31826001842862,2.8538966714058067,35.039811007152124,2024-10-07,2024-10,Q1
08B5977C-0741-4D96-A90C-A311D3FAA780,2024-10-12 14:01:01+00:00,2024-10-12T16:01:17Z,7216.04817199707,120.26746953328451,4288.032321333885,2928.015850663185,4503.420120239258,1192.0020854687648,,,,22.86,,,95.21723949454821,3.7780304037540757,26.468818223546865,2024-10-07,2024-10,Q1
69CB869B-2769-493B-B8A4-6FA9689DD342,2024-10-14 23:39:04+00:00,2024-10-15T01:39:17Z,7212.509178996086,120.20848631660144,4285.0918226242065,2927.4173563718796,3931.9201049804688,1378.0002949861685,,,,22.86,,,108.98216922557464,2.8533521504216623,35.046497848231674,2024-10-14,2024-10,Q1
D0534E9E-4216-4D43-9B26-5743308191A1,2024-10-15 23:19:00+00:00,2024-10-16T01:49:27Z,9027.549163937569,150.4591527322928,3852.520502924919,5175.0286610126495,3611.880096435547,872.0002837587325,,,,22.86,,,106.6624694082966,4.142062982900235,24.142559012944055,2024-10-14,2024-10,Q1
159F79F9-30CE-40A5-ACDB-6E18086EAEF2,2024-10-16 23:49:04+00:00,2024-10-17T01:42:52Z,6828.581552028656,113.80969253381093,2730.9772773981094,4097.604274630547,2377.4400634765625,738.0002972870345,,,,22.86,,,114.87049954919009,3.221462202950701,31.041804528516558,2024-10-14,2024-10,Q1
2C7C7A88-B628-498A-80E4-9C89F72674C1,2024-10-18 23:27:09+00:00,2024-10-19T01:28:57Z,7308.365249991417,121.80608749985694,2811.3674278259277,4496.997822165489,2788.9200744628906,793.0005509426355,,,,22.86,,,100.80487618015945,3.5169207274165397,28.43396475230137,2024-10-14,2024-10,Q1
FEA5F1D0-EDF2-4D3F-879C-07DC0627B297,2024-10-21 23:47:32+00:00,2024-10-22T01:49:26Z,7314.197792053223,121.90329653422037,3870.5168809890747,3443.680911064148,4069.080108642578,943.0014927746076,,,,22.86,,,95.12019369606996,4.3150304000792845,23.17480775990885,2024-10-21,2024-10,Q1
A320B731-3BD3-49A3-9B6E-BE5BBB4AEDAF,2024-10-22 23:26:43+00:00,2024-10-23T01:52:27Z,8744.783932089806,145.74639886816342,3422.376342654228,5322.407589435577,4069.080108642578,1157.0014263680173,,,,22.86,,,84.1068804564753,3.5169188351097946,28.43398005142706,2024-10-21,2024-10,Q1
D8D970F2-5BEE-4957-907E-35E1B1CFA2AA,2024-10-23 23:53:50+00:00,2024-10-24T01:46:32Z,6762.712646961212,112.71187744935354,3859.459660887718,2903.252986073494,3794.7601013183594,1237.0009742286225,,,,22.86,,,101.70497100849356,3.0677098728113146,32.597606731420754,2024-10-21,2024-10,Q1
FE96F4B1-0BF7-4C4B-9978-8C020DFBD86A,2024-10-24 23:22:31+00:00,2024-10-25T01:41:36Z,8345.01460492611,139.08357674876848,3230.9475617408752,5114.067043185234,3520.4400939941406,1116.0008524999848,,,,22.86,,,91.77680845224042,3.154513803558397,31.700606251016133,2024-10-21,2024-10,Q1
8B1EE283-2515-4BBF-9054-253091042CB1,2024-10-25 23:24:45+00:00,2024-10-26T01:32:08Z,7642.7938580513,127.37989763418834,3541.7083986997604,4101.08545935154,2857.5000762939453,883.0012338868642,,,,22.86,,,123.94429760762084,3.236122404626296,30.90117971342555,2024-10-21,2024-10,Q1
1209DEEB-47B9-4181-958F-60067933D518,2024-10-26 16:10:40+00:00,2024-10-26T17:10:59Z,3619.0291332006454,60.317152220010755,1259.8842273950577,2359.1449058055878,1668.780044555664,589.0,,,,22.86,,,75.49732102234717,2.833242860026594,35.29524468617609,2024-10-21,2024-10,Q1
7CF2613E-2CC8-49C0-AA10-30A678ADF25C,2024-10-29 23:31:18+00:00,2024-10-30T01:55:23Z,8645.740790009499,144.09567983349163,6024.429993629456,2621.310796380043,4297.680114746094,1422.0016556478654,,,,22.86,,,140.17865063894774,3.0222750428430873,33.08765700752666,2024-10-28,2024-10,Q1
F1F46ECB-E3B7-4A55-A7BC-B99A56E196EE,2024-10-30 23:47:41+00:00,2024-10-31T01:49:27Z,7305.570405006409,121.75950675010681,3182.813128232956,4122.757276773453,3360.4200897216797,919.001050257131,,,,22.86,,,94.71473932583727,3.656600924211625,27.34780252826204,2024-10-28,2024-10,Q1
143E4A22-6DAD-4304-845E-AC2C095DDA69,2024-10-31 23:29:05+00:00,2024-11-01T01:28:05Z,7139.801425099373,118.99669041832288,2985.9998960494995,4153.801529049873,3520.4400939941406,1309.000313828486,,,,22.86,,,84.81893786926258,2.6894111917343757,37.18286006518436,2024-10-28,2024-10,Q1
59370BAE-ABB1-4731-A30F-BFC37D4E4F2E,2024-11-01 23:19:26+00:00,2024-11-02T01:28:38Z,7751.807147979736,129.19678579966228,4035.6107569932938,3716.1963909864426,4549.140121459961,1443.000195594684,,,,22.86,,,88.71150699350497,3.1525568294085957,31.720284648686096,2024-10-28,2024-11,Q1
1A8A966D-A75A-4CC7-9280-78D4D43349C3,2024-11-02 15:02:02+00:00,2024-11-02T17:21:10Z,8347.84151995182,139.130691999197,3172.110797405243,5175.730722546577,3611.880096435547,1049.0068490857752,,,,22.86,,,87.82436605621824,3.443142530082957,29.043235685509266,2024-10-28,2024-11,Q1
8D89D118-AE9B-40B9-99B8-DE14A36E5E8E,2024-11-05 00:37:53+00:00,2024-11-05T02:50:36Z,7963.262459993362,132.72104099988937,4460.226580142975,3503.0358798503876,4434.840118408203,1271.001085055235,,,,22.86,,,100.57243240019854,3.4892496714237455,28.65945673620891,2024-11-04,2024-11,Q1
3024A90E-4804-4139-881E-B9AEB857D7AA,2024-11-06 00:37:03+00:00,2024-11-06T02:47:29Z,7826.696321964264,130.4449386994044,3404.1235469579697,4422.572775006294,3863.340103149414,1278.000163309669,,,,22.86,,,88.11348356783061,3.02295744090081,33.0801878475011,2024-11-04,2024-11,Q1
7A49A70D-18D1-4905-9086-CEFFD7F32677,2024-11-07 00:18:11+00:00,2024-11-07T02:54:14Z,9363.389811038971,156.05649685064952,4539.208179235458,4824.181631803513,4434.840118408203,1365.0002071571757,,,,22.86,,,102.35336693185495,3.2489666266384267,30.77901729740632,2024-11-04,2024-11,Q1
ABE22B20-2EC9-427E-A181-4DC5DF1FF2C9,2024-11-08 00:30:56+00:00,2024-11-08T02:40:59Z,7802.944406032562,130.04907343387603,3076.3495568037033,4726.594849228859,3200.4000854492188,1080.0015881094146,,,,22.86,,,96.12390559513115,2.963329054961526,33.745830498496005,2024-11-04,2024-11,Q1
C187C95E-A3CF-48A1-8DF0-6753B1573C8C,2024-11-09 00:33:52+00:00,2024-11-09T02:40:19Z,7586.530835032463,126.44218058387439,2966.7654572725296,4619.7653777599335,3063.2400817871094,1117.0001229437041,,,,22.86,,,96.85056926852772,2.7423811500703783,36.46466137554719,2024-11-04,2024-11,Q1
FEED6114-50ED-4561-87E7-6E82DB98C7B7,2024-11-13 00:47:46+00:00,2024-11-13T02:48:57Z,7271.004638910294,121.18341064850489,3187.3156118392944,4083.689027070999,3246.120086669922,872.000191771837,,,,22.86,,,98.18846890254905,3.7226139596071155,26.862844518681705,2024-11-11,2024-11,Q1
8EF241AC-6431-4E0D-A1EE-42F30500A263,2024-11-14 00:30:12+00:00,2024-11-14T02:42:24Z,7931.9662100076675,132.19943683346114,3719.360507249832,4212.605702757835,4343.400115966797,1627.0033144983445,,,,22.86,,,85.6324632302944,2.6695705394466276,37.45920870880186,2024-11-11,2024-11,Q1
B357FF59-DE3D-4204-8EB1-EF57CDD85D57,2024-11-15 00:46:04+00:00,2024-11-15T02:38:06Z,6721.112539052963,112.01854231754939,3637.6004614830017,3083.5120775699615,2971.800079345703,835.0001362495477,,,,22.86,,,122.4039425385535,3.5590414304525964,28.09745319185093,2024-11-11,2024-11,Q1
8A5CEF7D-CE2C-42C9-815A-A1FBAD9311FE,2024-11-15 02:39:29+00:00,2024-11-15T02:54:08Z,879.1478649377823,14.652464415629705,879.1478649377823,0.0,0.0,,,,,22.86,,,inf,,,2024-11-11,2024-11,Q1
CEFCDF29-3782-4A38-B9B1-D07ED0DA9A23,2024-11-19 00:25:59+00:00,2024-11-19T03:05:50Z,9591.611874938011,159.8601979156335,4099.300091981888,5492.311782956123,4594.860122680664,1424.040195557716,,,,22.86,,,89.21490497060738,3.2266365352707735,30.992024948235507,2024-11-18,2024-11,Q1
3DC9A6FE-D31B-437A-8805-0AAA1488EA6E,2024-11-20 00:26:58+00:00,2024-11-20T02:43:32Z,8194.087558031082,136.5681259671847,3955.847329854965,4238.240228176117,4640.580123901367,1434.0004476759073,,,,22.86,,,85.2446725244614,3.2361078627432662,30.90131857200503,2024-11-18,2024-11,Q1
6A34F661-1AFF-4197-9069-25BC0B8E92E3,2024-11-21 00:39:24+00:00,2024-11-21T02:46:22Z,7618.8814960718155,126.9813582678636,3620.4871085882187,3998.394387483597,4046.2201080322266,1280.000316732531,,,,22.86,,,89.47825407226667,3.1611086771924017,31.634470754361054,2024-11-18,2024-11,Q1
A1362EA4-C319-4C77-85C6-933BA92B1897,2024-11-22 00:31:30+00:00,2024-11-22T02:46:37Z,8106.266807079315,135.10444678465527,3523.1448521614075,4583.121954917908,4183.380111694336,1234.0033052699894,,,,22.86,,,84.21766031522479,3.390088254892517,29.49775713233475,2024-11-18,2024-11,Q1
93CBE34E-940E-4EBB-98F0-4C6F7008D8ED,2024-11-23 00:25:59+00:00,2024-11-23T02:26:59Z,7260.460587978363,121.00767646630605,2638.6386942863464,4621.821893692017,2880.360076904297,908.0006445648052,,,,22.86,,,91.60794566776028,3.1722004760082765,31.523858834368035,2024-11-18,2024-11,Q1
F674FEFE-1076-4114-9A14-8F934CB16FE0,2024-11-27 00:29:16+00:00,2024-11-27T02:52:53Z,8617.185987949371,143.61976646582286,3296.51110124588,5320.674886703491,3360.4200897216797,1237.0002199482649,,,,22.86,,,98.09818454926888,2.7165881101154716,36.81088039354975,2024-11-25,2024-11,Q1
A3373A79-7312-4E5C-9BE8-F2901783F4BA,2024-11-27 23:05:52+00:00,2024-11-28T01:24:00Z,8288.583732962608,138.14306221604346,3525.9092485904694,4762.674484372139,3794.7601013183594,1123.002766249465,,,,22.86,,,92.91520819367508,3.3791191040355706,29.593511480720903,2024-11-25,2024-11,Q1
C5883105-70C5-4BEF-A835-54F80DFC0AF9,2024-11-29 23:11:42+00:00,2024-11-30T00:36:24Z,5082.175082564354,84.70291804273923,2751.5220922231674,2330.6529903411865,2834.6400756835938,938.0232694780441,,,,22.86,,,97.06777646398788,3.0219293784267287,33.09144175038988,2024-11-25,2024-11,Q1
738FBC3D-9BDD-451C-9712-3FDF6204CEC9,2024-11-30 16:08:55+00:00,2024-11-30T18:31:48Z,8573.081966042519,142.88469943404198,3195.3530852794647,5377.728880763054,2674.620071411133,986.0001071591106,,,,22.86,,,119.46941995367561,2.7125961265027834,36.86505301064669,2024-11-25,2024-11,Q2
656BB7E4-39F5-46C4-BE5F-DD6E592C0558,2024-12-03 00:41:19+00:00,2024-12-03T03:12:56Z,9097.112095952034,151.6185349325339,2632.4923861026764,6464.619709849358,2926.080078125,1063.0008266589894,,,,22.86,,,89.96651888589285,2.7526602094202195,36.328494035616025,2024-12-02,2024-12,Q2
79CE53D3-7F3C-499F-80AF-9B1B88E74B79,2024-12-04 01:05:14+00:00,2024-12-04T03:06:16Z,7261.769396901131,121.02948994835218,1782.6591612100601,5479.110235691071,1943.1000518798828,705.0355654224061,,,,22.86,,,91.74304532004919,2.7560312517223418,36.28405880285517,2024-12-02,2024-12,Q2
4B5B89D8-7AFC-4284-9361-B1255CB8FC7E,2024-12-04 17:10:26+00:00,2024-12-04T17:49:20Z,2334.153401017189,38.902556683619814,1091.2445032596588,1242.9088977575302,1303.020034790039,465.0,,,,22.86,,,83.74733113259425,2.802193623204385,35.68632772979023,2024-12-02,2024-12,Q2
C7EAAD5E-7120-4C30-BD04-7872188FE9D3,2024-12-04 17:50:45+00:00,2024-12-04T18:31:48Z,2462.5338962078094,41.04223160346349,2462.5338962078094,0.0,0.0,,,,,22.86,,,inf,,,2024-12-02,2024-12,Q2
910B65FB-1F06-4466-AF6F-BEECEDDF8CDC,2024-12-12 01:45:31+00:00,2024-12-12T02:21:48Z,2176.9251660108566,36.28208610018094,1087.5279655456543,1089.3972004652023,1120.1400299072266,297.00016822357145,,,,22.86,,,97.08857254532067,3.7715131159926614,26.514557135161926,2024-12-09,2024-12,Q2
D4C192AF-3FD4-4DC0-94F0-33A786E5F743,2024-12-13 00:36:54+00:00,2024-12-13T02:31:11Z,6856.925527095795,114.28209211826325,3603.4765684604645,3253.44895863533,3726.1800994873047,1065.0004051438132,,,,22.86,,,96.7069887189907,3.4987593258090235,28.581560115420867,2024-12-09,2024-12,Q2
00D5F345-0E13-4AAE-A3A0-A2407234246D,2024-12-14 00:30:58+00:00,2024-12-14T02:18:59Z,6480.756461977959,108.01260769963264,4006.802384853363,2473.9540771245956,3840.4801025390625,1118.0007073213726,,,,22.86,,,104.33076797362757,3.4351320865802504,29.110962105550996,2024-12-09,2024-12,Q2
7EFFABBF-6890-4C3D-B1BF-B6E3991023E9,2024-12-17 00:34:50+00:00,2024-12-17T02:25:10Z,6620.441340088844,110.34068900148074,4115.17827129364,2505.263068795204,4183.380111694336,1302.000351433641,,,,22.86,,,98.36969535208999,3.213040693182601,31.123166355215808,2024-12-16,2024-12,Q2
4DA3AAF3-FB3E-4861-8838-F7DD4D5239C5,2024-12-18 00:22:11+00:00,2024-12-18T02:50:35Z,8904.08206808567,148.40136780142785,5317.16585457325,3586.9162135124207,4937.7601318359375,1157.0021848824676,,,,22.86,,,107.68376171801289,4.267718934634106,23.431721144629112,2024-12-16,2024-12,Q2
AE7C855B-5F05-484A-8495-3A330E9171BD,2024-12-20 00:19:09+00:00,2024-12-20T02:40:11Z,8461.95678806305,141.03261313438415,4321.632030367851,4140.324757695198,4869.180130004883,1345.000068384167,,,,22.86,,,88.75481939427691,3.6202080910334336,27.622721535726345,2024-12-16,2024-12,Q2
48BB2254-779A-44D9-B840-531EDBEE3D3B,2024-12-21 00:22:13+00:00,2024-12-21T02:39:21Z,8227.202468037605,137.1200411339601,4121.614137768745,4105.58833026886,4297.680114746094,1187.0002192804832,,,,22.86,,,95.90323215603611,3.6206228482006453,27.619557239908975,2024-12-16,2024-12,Q2
C05428F3-D684-42AB-A4B4-3DF8FC4CB646,2024-12-21 16:08:12+00:00,2024-12-21T18:16:12Z,7679.342279076576,127.98903798460961,3337.208852291107,4342.133426785469,3840.4801025390625,1115.0001575752462,,,,22.86,,,86.89561625601895,3.444376286807732,29.032832557525413,2024-12-16,2024-12,Q2
1D3E850D-05F3-480E-9B50-F9553F79A277,2024-12-23 16:06:47+00:00,2024-12-23T18:23:55Z,8227.206810951233,137.1201135158539,6359.408287763596,1867.7985231876373,6355.080169677734,2076.0018616111374,,,,22.86,,,100.0681048542316,3.06121120948596,32.66680838294462,2024-12-23,2024-12,Q2
5918D989-14A6-4DF5-B483-C8EC39C22DEA,2024-12-27 00:06:29+00:00,2024-12-27T02:11:50Z,7520.801365971565,125.34668943285942,4300.415764093399,3220.385601878166,4663.440124511719,1364.001582744857,,,,22.86,,,92.21552436129262,3.4189404055728563,29.248828039529585,2024-12-23,2024-12,Q2
E7417F9A-6B31-4AFE-B98F-C1856984154F,2024-12-28 00:07:20+00:00,2024-12-28T02:21:35Z,8055.079167962074,134.25131946603457,3814.2340381145477,4240.845129847527,4114.800109863281,1436.0001800462014,,,,22.86,,,92.69548790405958,2.8654593272619877,34.89841891964745,2024-12-23,2024-12,Q2
61215E27-DA72-46A6-9DB8-5900AA90A456,2024-12-31 00:08:11+00:00,2024-12-31T02:23:06Z,8094.496796011925,134.90827993353207,3106.104421377182,4988.392374634743,3017.5200805664062,889.0001476355064,,,,22.86,,,102.93566698632037,3.394285241225406,29.461283567287346,2024-12-30,2024-12,Q2
C60A8070-3B61-4934-AC18-5116E0DD2A17,2024-12-31 16:01:28+00:00,2024-12-31T19:15:07Z,11619.348685979843,193.65581143299738,8533.021969795227,3086.326716184616,9144.000244140625,2894.0006682857806,,,,22.86,,,93.31826052020388,3.1596399905314954,31.6491753173369,2024-12-30,2024-12,Q2
E9B9F6B3-C6D6-42CA-BE08-583081AED787,2025-01-02 01:16:54+00:00,2025-01-02T03:34:53Z,8279.160464048386,137.98600773413975,4200.587703943253,4078.572760105133,3863.340103149414,1107.0006258852288,,,,22.86,,,108.72943079794896,3.48991681920689,28.653978068946,2024-12-30,2025-01,Q2
FCDC4F6B-0499-4EF7-8E48-5436A5B205C9,2025-01-03 00:01:18+00:00,2025-01-03T02:21:25Z,8407.543969035149,140.12573281725247,4298.619386792183,4108.924582242966,4457.700119018555,1250.0005801266368,,,,22.86,,,96.43132718713711,3.566158440156042,28.04137888938675,2024-12-30,2025-01,Q2
FA691963-5D6A-45BB-AED0-A5FAD2C7B9B2,2025-01-04 00:02:07+00:00,2025-01-04T02:28:13Z,8766.013260006905,146.10022100011508,4318.993848204613,4447.019411802292,4457.700119018555,1191.0001543989422,,,,22.86,,,96.88838936872047,3.7428207734097283,26.717816869681286,2024-12-30,2025-01,Q2
B2AC3B14-B120-4B6A-BA1C-90A933C32FF0,2025-01-04 16:05:44+00:00,2025-01-04T18:24:01Z,8296.952849984169,138.28254749973615,3684.9687515497208,4611.984098434448,3611.880096435547,1099.0013042388325,,,,22.86,,,102.0235626090219,3.286511201128312,30.427402762439513,2024-12-30,2025-01,Q2
4CD33078-29DA-4B90-829F-498C8A35CFDE,2025-01-07 00:48:11+00:00,2025-01-07T02:49:18Z,7266.551213026047,121.10918688376745,3086.717105984688,4179.834107041359,3886.2001037597656,1389.0008731624994,,,,22.86,,,79.42764200429089,2.7978384886912298,35.74187731143048,2025-01-06,2025-01,Q2
C70E5C0D-3F2C-4FA8-A86E-30A8103CA5E9,2025-01-09 00:44:42+00:00,2025-01-09T02:52:15Z,7652.673811912537,127.54456353187561,4409.293899655342,3243.3799122571945,4572.0001220703125,1518.0021540866296,,,,22.86,,,96.44124632391102,3.0118535140164213,33.20214596580635,2025-01-06,2025-01,Q2
252A7926-BA83-4610-AC66-073B795E0532,2025-01-10 00:36:06+00:00,2025-01-10T02:41:44Z,7537.875560998917,125.63125934998195,4181.282008528709,3356.593552470207,4411.980117797852,1387.000259113328,,,,22.86,,,94.77109816659168,3.1809511849826992,31.437137568190593,2025-01-06,2025-01,Q2
14A43735-FAB1-4EC6-B333-20644B71384C,2025-01-11 00:37:32+00:00,2025-01-11T02:38:55Z,7283.079916000366,121.38466526667277,3939.894833087921,3343.185082912445,3154.6800842285156,905.0001361139188,,,,22.86,,,124.8904715500314,3.485833822937032,28.6875407949722,2025-01-06,2025-01,Q2
44DB5E44-C270-4A67-A2DB-A6F616212DDC,2025-01-14 00:43:21+00:00,2025-01-14T02:55:49Z,7947.987366914749,132.46645611524582,5299.292780280113,2648.694586634636,4549.140121459961,1400.0002119285236,,,,22.86,,,116.48998797116421,3.2493853091589497,30.77505142838335,2025-01-13,2025-01,Q2
5147734F-A87F-48A2-AB20-447BF7239C19,2025-01-15 00:39:28+00:00,2025-01-15T02:43:17Z,7429.279940009117,123.82133233348529,3638.5923072099686,3790.6876327991486,4526.280120849609,1558.0005766045351,,,,22.86,,,80.3881379424432,2.9051851384510163,34.421214220212455,2025-01-13,2025-01,Q2
FC9ED6F2-BC5A-489A-AAC0-3E8776F22CCA,2025-01-16 00:41:56+00:00,2025-01-16T02:47:59Z,7562.184554934502,126.03640924890836,2442.2483407258987,5119.936214208603,2606.040069580078,952.0005142941694,,,,22.86,,,93.71491901578582,2.7374355690471908,36.53054016347374,2025-01-13,2025-01,Q2
963D2544-D93C-4527-8052-CD6A371AC747,2025-01-17 00:36:07+00:00,2025-01-17T02:57:32Z,8484.387116074562,141.40645193457604,3875.179334998131,4609.207781076431,4572.0001220703125,1361.0016399694414,,,,22.86,,,84.75895082092333,3.359290678130974,29.768189055803152,2025-01-13,2025-01,Q2
82B27464-9232-45A8-9BEF-182E33B66C64,2025-01-22 00:36:29+00:00,2025-01-22T00:53:41Z,1032.4358489513397,17.207264149188994,764.8487738370895,267.5870751142502,365.760009765625,258.0014377185469,,,,22.86,,,209.1121919881827,1.417666556434587,70.53844893646833,2025-01-20,2025-01,Q2
49BC9A7B-2D19-4240-A40E-7D45E893FFC6,2025-01-22 00:54:02+00:00,2025-01-22T02:40:08Z,6365.78258395195,106.09637639919917,3616.5850949287415,2749.1974890232086,3600.0,1044.0001714008513,,,,50.0,,,100.46069708135393,3.4482752959412633,29.000004761134758,2025-01-20,2025-01,Q2
A5918D92-B512-4E8C-B12F-A07CC0237A23,2025-01-23 00:40:56+00:00,2025-01-23T02:46:13Z,7517.770946025848,125.29618243376414,3824.2533279657364,3693.517618060112,4100.0,1424.0000252226046,,,,50.0,,,93.27447141379844,2.8792134321479903,34.73170793225865,2025-01-20,2025-01,Q2
F05D1E39-D1D0-4074-B6AC-7FF6F1A126F7,2025-01-24 00:37:35+00:00,2025-01-24T03:33:41Z,10565.836730003357,176.09727883338928,3646.0897073745728,6919.747022628784,3900.0,1462.0000702221175,,,,50.0,,,93.48947967627109,2.667578531242809,37.4871812877466,2025-01-20,2025-01,Q2
920F9FBA-E8AE-4CE2-B987-FAFD90612C77,2025-01-25 00:23:02+00:00,2025-01-25T02:26:53Z,7431.10745203495,123.85179086724916,3020.171094059944,4410.936357975006,2650.0,850.0003550805084,,,,50.0,,,113.96872053056393,3.1176457564526587,32.07548509737768,2025-01-20,2025-01,Q2
91E7B4FA-37AA-425D-ABF3-6FCF565BFB62,2025-01-25 16:03:30+00:00,2025-01-25T16:42:47Z,2356.4929089546204,39.27488181591034,1394.0693150758743,962.423593878746,3050.0,558.0000663402786,,,,50.0,,,45.707190658225386,5.465949170945177,18.29508414230422,2025-01-20,2025-01,Q2
4487356B-ED84-4E7E-86A0-9A6FCD126F25,2025-01-25 16:43:00+00:00,2025-01-25T18:27:29Z,6268.265228033066,104.47108713388442,1056.3364191055298,5211.928808927536,1165.8600311279297,433.0,,,,22.86,,,90.60576663594517,2.6925173929051494,37.13996435584873,2025-01-20,2025-01,Q2
F8CEEED2-F680-47C1-B2D4-99B7B70FBD89,2025-01-28 00:45:04+00:00,2025-01-28T02:51:31Z,7587.56414103508,126.45940235058467,3560.3654943704605,4027.1986466646194,4114.800109863281,1408.0000263124725,,,,22.86,,,86.52584328060489,2.9224432052319425,34.21794470495566,2025-01-27,2025-01,Q2
994B67A8-E4CF-4627-98AC-7E817DF2CA81,2025-01-29 00:38:12+00:00,2025-01-29T02:40:11Z,7318.917449951172,121.9819574991862,3950.8401066064835,3368.0773433446884,3909.060104370117,1053.0042466320317,,,,22.86,,,101.06879917731781,3.7122928201600343,26.93753021230935,2025-01-27,2025-01,Q2
4807D6B6-9E6D-4181-AEF9-CB4A4929ECFD,2025-01-30 00:38:58+00:00,2025-01-30T02:51:20Z,7942.3975529670715,132.37329254945118,2701.905937552452,5240.491615414619,3268.9800872802734,1047.0000266147217,,,,22.86,,,82.65287231530321,3.1222349610151467,32.02833907397108,2025-01-27,2025-01,Q2
715F1284-7914-476D-B9F8-A02A82E36C32,2025-01-31 00:39:53+00:00,2025-01-31T01:19:35Z,2381.812564969063,39.69687608281772,1530.9776380062103,850.8349269628525,1600.2000427246094,524.0000786183325,,,,22.86,,,95.67414055304384,3.053816417249341,32.74591080038558,2025-01-27,2025-01,Q2
DE02B0CD-566C-4287-B4A5-EB6BF460677E,2025-02-01 00:31:47+00:00,2025-02-01T02:37:26Z,7539.2520840168,125.65420140028,2932.0220886468887,4607.229995369911,3200.4000854492188,1006.0003303059827,,,,22.86,,,91.6142360443457,3.1813111676372836,31.433580285159167,2025-01-27,2025-02,Q2
66CA288C-5C01-4B24-AC58-427261896E01,2025-02-05 00:32:46+00:00,2025-02-05T02:32:56Z,7209.625305056572,120.16042175094286,24.084332942962646,7185.540972113609,0.0,,,,,22.86,,,inf,,,2025-02-03,2025-02,Q2
652C63D5-A49A-41EA-97D2-EA698786D3B5,2025-02-11 00:31:19+00:00,2025-02-11T03:16:54Z,9935.579039931297,165.59298399885495,4439.115081310272,5496.463958621025,4503.420120239258,1309.0001445000335,,,,22.86,,,98.57208438892951,3.4403511253692933,29.06680055491889,2025-02-10,2025-02,Q2
B4869D8E-2897-4C77-8A48-A5479197BEB9,2025-02-12 00:35:49+00:00,2025-02-12T02:44:41Z,7732.786253929138,128.87977089881898,3956.0199123620987,3776.7663415670395,4114.800109863281,1426.0000278785596,,,,22.86,,,96.14124153636084,2.8855540178248185,34.655390050671016,2025-02-10,2025-02,Q2
72854626-73F0-4DAF-AE39-778231AE8829,2025-02-13 00:51:01+00:00,2025-02-13T02:51:38Z,7236.5645480155945,120.60940913359325,3501.1932615041733,3735.371286511421,3703.320098876953,1324.0002302134696,,,,22.86,,,94.54201008889089,2.797069074738653,35.751709138375,2025-02-10,2025-02,Q2
0AAB9137-BEF8-4069-A705-7F39D90DD512,2025-02-14 00:23:29+00:00,2025-02-14T02:41:07Z,8258.16761302948,137.63612688382466,4659.510896325111,3598.6567167043686,4732.020126342773,1612.00005094039,,,,22.86,,,98.46768973753917,2.935496263528194,34.06579025238114,2025-02-10,2025-02,Q2
7850AFA3-A52E-4566-85B5-6C9A7855532B,2025-02-15 00:27:57+00:00,2025-02-15T02:41:21Z,8004.689805030823,133.41149675051372,4851.213885545731,3153.475919485092,2766.060073852539,1037.000074243668,,,,22.86,,,175.3835331128225,2.6673672862270084,37.49015012531327,2025-02-10,2025-02,Q2
82F56DAB-027C-4EA8-9B5B-4A343EFBDA48,2025-02-15 16:17:11+00:00,2025-02-15T18:11:39Z,6868.0626130104065,114.4677102168401,1822.4496363401413,5045.612976670265,2194.56005859375,758.0000157534926,,,,22.86,,,83.04396269327653,2.8951979063117035,34.53995313480783,2025-02-10,2025-02,Q2
54B14EEB-BB92-4E62-B2D3-0B46EFAC1BCA,2025-02-18 00:31:07+00:00,2025-02-18T02:57:28Z,8781.88647699356,146.36477461655934,4745.467005133629,4036.419471859932,4526.280120849609,1383.0031491359966,,,,22.86,,,104.84253909240766,3.272790899772941,30.55496151829858,2025-02-17,2025-02,Q2
B4C0CE7D-9DBE-47F7-964E-69C8AF38D49A,2025-02-20 00:35:15+00:00,2025-02-20T02:41:38Z,7583.286445021629,126.38810741702716,3382.875591278076,4200.410853743553,3931.9201049804688,1446.0000481565046,,,,22.86,,,86.03622405737768,2.719170106524717,36.77592650788837,2025-02-17,2025-02,Q2
A62CF23F-99EB-494E-9590-A4CCC3FBAFE8,2025-02-21 00:17:39+00:00,2025-02-21T02:52:46Z,9306.676983952522,155.11128306587537,3890.4990149736404,5416.177968978882,4206.2401123046875,1604.0001135113448,,,,22.86,,,92.49350752926833,2.622344024089084,38.13382190947914,2025-02-17,2025-02,Q2
B5470FEF-8C22-485B-BF6F-B3713865BE02,2025-02-22 00:31:15+00:00,2025-02-22T02:40:24Z,7748.952895998955,129.1492149333159,2793.8951667547226,4955.057729244232,2697.4800720214844,913.0138107265055,,,,22.86,,,103.57426532018769,2.9544789359484485,33.846915875166985,2025-02-17,2025-02,Q2
2D387C42-8D2B-454E-9102-7F4CE8A0F0B8,2025-02-22 16:25:11+00:00,2025-02-22T18:16:09Z,6658.325600028038,110.97209333380063,2557.680434703827,4100.645165324211,3131.820083618164,1025.000075827505,,,,22.86,,,81.66754048492344,3.055434001885099,32.728574709289546,2025-02-17,2025-02,Q2
C66DC826-B00F-427F-B1A2-78EFCE704224,2025-02-25 00:42:56+00:00,2025-02-25T02:40:31Z,7054.483926057816,117.57473210096359,3680.831573009491,3373.6523530483246,3543.300094604492,1195.0044546657568,,,,22.86,,,103.88145160536706,2.965093628538443,33.72574782715786,2025-02-24,2025-02,Q2
1C6329AD-82CB-493A-9C25-0560384FB8B0,2025-02-26 00:40:52+00:00,2025-02-26T02:31:06Z,6614.401845097542,110.2400307516257,3653.451849579811,2960.9499955177307,3726.1800994873047,1105.0027218157124,,,,22.86,,,98.04818210699207,3.37210038122308,29.65510770581789,2025-02-24,2025-02,Q2
697012A8-F7D0-40E0-9009-60DFEDB33BFB,2025-02-27 00:37:07+00:00,2025-02-27T02:40:05Z,7377.972144007683,122.96620240012804,3690.0374546051025,3687.9346894025803,4000.500106811524,1402.0013817556367,,,,22.86,,,92.23940397657266,2.853420944423003,35.04565290145833,2025-02-24,2025-02,Q2
F1EDE395-251C-4476-A8B7-21F2441D2170,2025-02-28 01:59:41+00:00,2025-02-28T03:34:53Z,5712.199833989143,95.20333056648572,2570.305899620056,3141.893934369087,2125.9800567626953,708.0000916792866,,,,22.86,,,120.89981236860478,3.002796301509142,33.3022922499745,2025-02-24,2025-02,Q2
FBFBD067-FA7F-4AB6-AAF5-51C57509CACF,2025-03-01 21:32:19+00:00,2025-03-02T00:10:30Z,9490.787129044533,158.17978548407555,2547.943994164467,6942.843134880066,2766.060073852539,962.0000682870087,,,,22.86,,,92.114557389772,2.8753221179889734,34.778712052596354,2025-02-24,2025-03,Q2
00FE425A-0592-455D-92E3-3A91466A5AC1,2025-03-03 23:54:09+00:00,2025-03-04T01:38:09Z,6240.428058028221,104.00713430047036,2213.734467983246,4026.6935900449753,1668.780044555664,585.0000219056384,,,,22.86,,,132.65585690609595,2.8526153539612027,35.055549939860576,2025-03-03,2025-03,Q2
38BA9258-1798-45F6-869D-7215AB8C88A9,2025-03-06 00:41:11+00:00,2025-03-06T02:56:25Z,8113.834513068199,135.2305752178033,3267.6825003623962,4846.152012705803,3794.7601013183594,1467.0001575468048,,,,22.86,,,86.11038413804214,2.58674825752177,38.65857441257343,2025-03-03,2025-03,Q2
D2425532-5F4D-4AAD-B90A-30ECB6FAB75B,2025-03-07 00:31:04+00:00,2025-03-07T03:07:40Z,9395.46645796299,156.5911076327165,5809.344376921654,3586.122081041336,4229.100112915039,1265.000355295127,,,,22.86,,,137.36596963455145,3.3431612056175126,29.9118091679127,2025-03-03,2025-03,Q2
FEF46BC6-3098-49DB-90E4-0EE656A2BE74,2025-03-10 23:32:01+00:00,2025-03-11T01:58:57Z,8815.903735041618,146.93172891736032,3647.626521706581,5168.277213335037,4114.800109863281,1336.0000248202,,,,22.86,,,88.64650588890399,3.0799401447743646,32.46816343806771,2025-03-10,2025-03,Q2
620B6734-6688-4999-9182-0BA2CA785B18,2025-03-13 23:30:38+00:00,2025-03-14T01:52:33Z,8514.399077892303,141.90665129820505,3552.989046216011,4961.410031676292,3771.900100708008,1022.0105363949648,,,,22.86,,,94.1962658435491,3.6906665502813607,27.095376576997026,2025-03-10,2025-03,Q2
1AF3D66E-AFB1-48C5-8252-319739798815,2025-03-18 00:03:50+00:00,2025-03-18T00:56:31Z,3160.641651034355,52.67736085057258,1689.3549218177795,1471.2867292165756,1600.2000427246094,508.0,,,,22.86,,,105.57148335912858,3.150000084103562,31.746030898427215,2025-03-17,2025-03,Q2
5140A6AB-CB27-4C97-8FFB-3CD5C0EFB849,2025-03-20 00:38:38+00:00,2025-03-20T01:44:21Z,3943.852683067322,65.73087805112203,1327.5703612565994,2616.2823218107224,1005.8400268554688,394.0,,,,22.86,,,131.98623298050165,2.5528934691763165,39.17123891278734,2025-03-17,2025-03,Q2
9F2EA5C0-8674-4851-BC2E-E4C1FE8EACDE,2025-03-20 23:39:19+00:00,2025-03-21T01:52:07Z,7968.557221055031,132.80928701758384,3069.888311624527,4898.668909430504,3680.4600982666016,1257.0000251029458,,,,22.86,,,83.41044949978841,2.927971380084244,34.15333929839259,2025-03-17,2025-03,Q2
37DB851C-E28B-4A31-98A7-9EDFE4FE10EF,2025-03-24 23:38:14+00:00,2025-03-25T01:37:34Z,7160.356441020966,119.3392740170161,3944.647688150406,3215.7087528705597,4617.720123291016,1360.0007594611463,,,,22.86,,,85.42413967997446,3.395380547523098,29.45177973436562,2025-03-24,2025-03,Q2
8B8CB5F3-A8C3-4B69-AB3D-FBE57D8CDAA2,2025-03-26 23:43:17+00:00,2025-03-27T01:37:23Z,6846.1083970069885,114.10180661678314,3201.3707530498505,3644.737643957138,3268.9800872802734,1076.008252240315,,,,22.86,,,97.93179118791535,3.038062282955597,32.91571754832965,2025-03-24,2025-03,Q2
F9ADA0B9-403D-4D0B-B030-E7078C472146,2025-03-27 22:47:14+00:00,2025-03-28T00:16:00Z,5325.652026057243,88.76086710095406,1976.7714927196503,3348.880533337593,2125.9800567626953,632.0000136128934,,,,22.86,,,92.98165739756514,3.363892422421497,29.727466708942796,2025-03-24,2025-03,Q2
6FCEF934-7031-41D4-B223-0B99AADC9CEF,2025-03-31 23:43:46+00:00,2025-04-01T01:57:01Z,7995.4817279577255,133.25802879929543,3864.048928976059,4131.432798981667,4229.100112915039,1324.0007847864488,,,,22.86,,,91.36811202874652,3.1941824819969127,31.30691516956878,2025-03-31,2025-03,Q2
29EA7900-E956-400C-A251-7AF2F0C64353,2025-04-01 23:28:21+00:00,2025-04-02T01:55:18Z,8816.232730031013,146.93721216718356,3587.9348299503326,5228.297900080681,3794.7601013183594,1167.0015264078008,,,,22.86,,,94.54971418888451,3.251718198689233,30.752972394812684,2025-03-31,2025-04,Q2
35D8CD30-2115-44BD-ACB6-B5EBF619E0EE,2025-04-03 23:37:55+00:00,2025-04-04T01:35:35Z,7059.742935061455,117.66238225102424,3439.865155339241,3619.8777797222137,3543.300094604492,1112.0010545170371,,,,22.86,,,97.08083039811515,3.186417926683904,31.38320280041536,2025-03-31,2025-04,Q2
A76F1F02-FD5A-426B-9E3B-32EC4065E78B,2025-04-07 23:37:58+00:00,2025-04-08T01:39:36Z,7297.833997011185,121.63056661685307,3141.3979004621506,4156.436096549034,3726.1800994873047,1246.000116388766,,,,22.86,,,84.3061209224531,2.990513444161425,33.43907388051926,2025-04-07,2025-04,Q2
E9FD3F5B-12E8-48F6-B285-D59FDC03CB6A,2025-04-08 23:43:05+00:00,2025-04-09T01:34:07Z,6661.51305603981,111.02521760066351,3125.5043991804123,3536.008656859398,3291.840087890625,1001.0002475156172,,,,22.86,,,94.94703010264394,3.2885507231997635,30.408532030395413,2025-04-07,2025-04,Q2
41FE2B86-C143-43D3-A690-E5E97BD386E2,2025-04-09 23:32:38+00:00,2025-04-10T01:37:47Z,7509.430597066879,125.15717661778132,3514.0851135253906,3995.3454835414886,3863.340103149414,1262.0050225740754,,,,22.86,,,90.95976589430195,3.061271575028656,32.66616422264461,2025-04-07,2025-04,Q2
7416E7C5-8C16-4DC9-9C2F-E8D8395ED8D3,2025-04-10 23:43:21+00:00,2025-04-11T02:02:49Z,8367.348886966705,139.45581478277842,3656.8548716306686,4710.494015336037,2994.6600799560547,951.0002136455273,,,,22.86,,,122.11251941770738,3.148958367187365,31.75653290371049,2025-04-07,2025-04,Q2
3CA27BED-A427-4AF0-AE95-9EE1775B8A44,2025-04-11 23:25:53+00:00,2025-04-12T01:37:17Z,7884.35781788826,131.405963631471,2090.337311267853,5794.020506620407,2263.1400604248047,831.0000585176037,,,,22.86,,,92.36446951831537,2.7233933827416967,36.71889659191576,2025-04-07,2025-04,Q2
D57B6A59-C81E-4BCF-B134-450761F7ADC1,2025-04-14 23:30:20+00:00,2025-04-15T01:37:11Z,7611.473343014717,126.85788905024529,3786.291672706604,3825.181670308113,4709.160125732422,1301.0005084816632,,,,22.86,,,80.40269541944525,3.6196451077703746,27.627017849160886,2025-04-14,2025-04,Q2
EB7B8863-C6E7-40AB-A149-4234870A63E7,2025-04-15 23:38:37+00:00,2025-04-16T01:46:57Z,7700.676674962044,128.3446112493674,2856.6134680509567,4844.063206911087,3406.140090942383,1290.0000208490956,,,,22.86,,,83.86658774391785,2.6404186324744514,37.872782281605716,2025-04-14,2025-04,Q2
F953FB1B-B039-43EA-8700-BD12E52433DD,2025-04-16 23:33:24+00:00,2025-04-17T01:49:36Z,8171.423264026642,136.19038773377736,3690.1650755405426,4481.258188486099,4160.520111083984,1340.0002445179907,,,,22.86,,,88.69480202029608,3.1048651879765576,32.20751753964882,2025-04-14,2025-04,Q2
24BE27F4-6FF6-4B1F-9111-3CB43267E7F0,2025-04-17 23:35:44+00:00,2025-04-18T01:43:00Z,7635.988753080368,127.26647921800614,3916.829476237297,3719.159276843071,3634.7400970458984,1027.002477492658,,,,22.86,,,107.76092297275022,3.539173640476328,28.255183316335184,2025-04-14,2025-04,Q2
74930FB1-7F52-489B-864F-BA68C87E13E6,2025-04-18 23:35:46+00:00,2025-04-19T01:50:02Z,8055.658151984215,134.2609691997369,2298.674696087837,5756.983455896378,2148.840057373047,836.0003444041063,,,,22.86,,,106.9728148542597,2.570381784836131,38.90472636786729,2025-04-14,2025-04,Q2
15DFD47F-A92D-4D85-B114-79CE89677638,2025-04-19 14:14:49+00:00,2025-04-19T16:18:18Z,7408.871786952019,123.48119644920031,2234.285107254982,5174.586679697037,2606.040069580078,770.0036948916734,,,,22.86,,,85.73487159063527,3.3844513823361644,29.546886246294257,2025-04-14,2025-04,Q2
9CB9E064-20F8-4A11-9C47-5A76E9179CFF,2025-04-21 23:33:00+00:00,2025-04-22T01:38:47Z,7547.263159990311,125.78771933317185,4366.253270506859,3181.009889483452,5029.200134277344,1487.0311117785932,,,,22.86,,,86.81804569175799,3.3820409636635436,29.567944644785303,2025-04-21,2025-04,Q2
83E39301-82AA-4D9A-A164-E616FBC189C3,2025-04-22 23:36:20+00:00,2025-04-23T01:20:26Z,6246.040039181709,104.10066731969515,3079.54594373703,3166.4940954446793,3680.4600982666016,1488.000015668096,,,,22.86,,,83.67285234765659,2.4734274593499346,40.42972823883906,2025-04-21,2025-04,Q2
A6EF97C2-B8EF-4253-A17A-5389EEFF287A,2025-04-23 23:35:08+00:00,2025-04-24T01:55:29Z,8420.835147023201,140.3472524503867,3625.388942718506,4795.446204304695,3840.4801025390625,1333.0002268383776,,,,22.86,,,94.39936794156665,2.881079856713865,34.70920799608073,2025-04-21,2025-04,Q2
722F76A8-B870-4C20-924B-79BE5F74707F,2025-04-24 23:39:58+00:00,2025-04-25T01:44:32Z,7473.336616039276,124.55561026732127,2831.2349061965942,4642.101709842682,2880.360076904297,946.0011516650081,,,,22.86,,,98.29447814175718,3.0447743872560014,32.8431559390913,2025-04-21,2025-04,Q2
1FE5CDDD-D6F8-44C7-A007-2F31C32E0251,2025-04-28 23:37:57+00:00,2025-04-29T01:55:34Z,8256.469606041908,137.60782676736514,3717.5276186466217,4538.941987395287,4000.500106811524,1284.0000095373434,,,,22.86,,,92.92657216323794,3.115654265651448,32.095987382955386,2025-04-28,2025-04,Q2
81A533CA-58EC-4299-B8B2-53B5A1FD9BEA,2025-04-29 01:57:31+00:00,2025-04-29T02:16:09Z,1118.1185027360916,18.63530837893486,1118.1185027360916,0.0,0.0,,,,,22.86,,,inf,,,2025-04-28,2025-04,Q2
07C3163F-201E-49E5-A1FA-6EA022D4FC52,2025-04-29 23:34:10+00:00,2025-04-30T01:34:57Z,7247.182739019394,120.78637898365656,3580.7283267974854,3666.4544122219086,3657.60009765625,1400.0009913826275,,,,22.86,,,97.89830028416657,2.6125696482857768,38.27649152458555,2025-04-28,2025-04,Q2
8134304F-AF2D-4436-B05D-28AF8355247B,2025-04-30 23:42:14+00:00,2025-05-01T01:39:05Z,7011.533821940422,116.85889703234037,2723.237466454506,4288.296355485916,3040.380081176758,1077.0005855824797,,,,22.86,,,89.5689813031697,2.8230068970040656,35.42322199287775,2025-04-28,2025-04,Q2
DC12BC7C-B00B-402B-8474-46E311CC2BB6,2025-05-01 23:36:32+00:00,2025-05-02T01:47:11Z,7839.474189043045,130.65790315071743,2752.0621604919434,5087.412028551102,3520.4400939941406,1216.0006896270943,,,,22.86,,,78.17381029113241,2.8950971196190185,34.5411555703387,2025-04-28,2025-05,Q2
2ED466F1-E347-41EA-86C7-391CC81FB67A,2025-05-02 01:48:54+00:00,2025-05-02T02:14:15Z,1521.2870376110077,25.35478396018346,1521.2870376110077,0.0,0.0,,,,,22.86,,,inf,,,2025-04-28,2025-05,Q2
85769989-32A9-4179-83B3-F5286912F567,2025-05-02 23:29:01+00:00,2025-05-03T01:22:41Z,6819.818050026894,113.66363416711489,2837.10460293293,3982.7134470939636,2400.300064086914,835.0004025995134,,,,22.86,,,118.19791389341059,2.874609469186276,34.787334095962365,2025-04-28,2025-05,Q2
A2AF0114-3DEB-4B02-B42B-812B52FE7FE0,2025-05-03 15:13:02+00:00,2025-05-03T17:23:33Z,7830.959913015366,130.51599855025609,2244.7931849956512,5586.166728019714,2743.2000732421875,912.0010338924874,,,,22.86,,,81.83118711944807,3.007891407243266,33.24588107110225,2025-04-28,2025-05,Q2
E57ACF66-7675-4B6A-A39B-B3E349967D5C,2025-05-03 18:50:53+00:00,2025-05-03T18:50:54Z,0.06355404853820801,0.0010592341423034668,0.06355404853820801,0.0,0.0,,,,,,,,inf,,,2025-04-28,2025-05,Q2
271AE2CC-523A-4CE8-80EC-48DB38B8625A,2025-05-05 23:40:32+00:00,2025-05-06T01:26:10Z,6338.141358017921,105.6356893002987,3089.3286641836166,3248.812693834305,3200.4000854492188,1060.0001192359236,,,,22.86,,,96.52945199662398,3.0192450240063677,33.12086273385843,2025-05-05,2025-05,Q2
E8796BC2-6892-4DB4-873F-1C370D33FBB9,2025-05-06 23:32:33+00:00,2025-05-07T01:04:11Z,5497.996327996254,91.63327213327089,2678.3393120765686,2819.6570159196854,2011.6800537109375,621.0000631384373,,,,22.86,,,133.13942777012912,3.239420046987146,30.869723144735723,2025-05-05,2025-05,Q2
03443DC0-797F-4C4A-A5C4-80282E33007E,2025-05-08 00:34:39+00:00,2025-05-08T01:24:26Z,2987.368875980377,49.78948126633962,1195.6869012117386,1791.6819747686386,1120.1400299072266,340.000000964705,,,,22.86,,,106.74441313473719,3.2945294903793454,30.353347964259864,2025-05-05,2025-05,Q2
2E58D90E-A2C8-4CEF-B57B-4F4E228767B1,2025-05-08 23:28:47+00:00,2025-05-09T01:14:06Z,6319.388797044754,105.32314661741256,1759.1152905225754,4560.273506522179,1668.780044555664,520.0011006145777,,,,22.86,,,105.41325061152469,3.2091856009215562,31.160553621854653,2025-05-05,2025-05,Q2
57C52E36-1E93-46D3-BA37-795394D0A228,2025-05-12 23:35:18+00:00,2025-05-13T01:44:13Z,7734.207760095596,128.90346266825995,3718.3809723854065,4015.82678771019,4434.840118408203,1391.0010250569296,,,,22.86,,,83.84475816729206,3.188236412857207,31.3653026471719,2025-05-12,2025-05,Q2
BC8A92A1-117D-4E4C-A510-02F04ADE9BF4,2025-05-13 23:49:50+00:00,2025-05-14T01:35:36Z,6345.326797962189,105.75544663270314,3181.4850095510483,3163.8417884111404,2674.620071411133,854.0009972949593,,,,22.86,,,118.95091357302545,3.1318699625445032,31.929805897418074,2025-05-12,2025-05,Q2
993CADE4-0B48-424C-832F-6FD5D7C14B3D,2025-05-14 23:43:20+00:00,2025-05-15T01:50:55Z,7654.267433047295,127.57112388412158,3213.6270711421967,4440.640361905098,3131.820083618164,1082.0003458238016,,,,22.86,,,102.61212283400143,2.894472349945224,34.54861125271846,2025-05-12,2025-05,Q2
40129A75-76B4-4E75-BBCA-47B73C575127,2025-05-15 23:42:29+00:00,2025-05-16T01:36:12Z,6823.3140280246735,113.72190046707789,2778.4941232204437,4044.8199048042297,3131.820083618164,1094.004095191853,,,,22.86,,,88.7181909891348,2.8627133091937322,34.931894744348135,2025-05-12,2025-05,Q2
9C68F9B0-34C8-4CAD-A866-F14FB2518F8C,2025-05-16 23:29:03+00:00,2025-05-17T00:35:09Z,3966.5076419115067,66.1084606985251,1775.7200932502747,2190.787548661232,2103.1200561523438,786.0000633923834,,,,22.86,,,84.43265461977253,2.675725046478061,37.37304777694764,2025-05-12,2025-05,Q2
87C74DC4-FBB9-492F-A52F-F09DF7C01940,2025-05-19 23:40:42+00:00,2025-05-20T01:40:41Z,7198.294708013535,119.97157846689224,3041.3834052085876,4156.911302804947,3817.620101928711,1358.0001736000568,,,,22.86,,,79.66699996346,2.811207374008064,35.57190441537065,2025-05-19,2025-05,Q2
555AE5D6-667F-4D5E-816C-BA08094D4ED5,2025-05-22 23:36:02+00:00,2025-05-23T01:39:32Z,7410.149574995041,123.50249291658402,3017.3905515670776,4392.759023427963,3108.9600830078125,730.0018106146113,,,,22.86,,,97.054657216694,4.258838865605391,23.48057842892468,2025-05-19,2025-05,Q2
4313196C-2E31-454D-A64D-8185308275D9,2025-05-23 23:29:24+00:00,2025-05-24T01:19:56Z,6631.802096962929,110.53003494938214,2192.723167657852,4439.078929305077,2651.7600708007812,921.0000264778512,,,,22.86,,,82.6893500585704,2.8792182351414435,34.7316499942518,2025-05-19,2025-05,Q2
324E8DA5-2D12-4916-9CA4-5166B05CE78A,2025-05-28 23:35:00+00:00,2025-05-29T01:49:16Z,8056.918074011803,134.28196790019672,3251.201229929924,4805.716844081879,3589.0200958251953,1276.000954292321,,,,22.86,,,90.58743453991167,2.8127095702806044,35.552906370643775,2025-05-26,2025-05,Q2
3B9D1642-DCCE-4CEC-9386-5E42410D36E8,2025-05-29 12:58:54+00:00,2025-05-29T14:54:52Z,6958.0698499679565,115.96783083279928,3053.5522332191467,3904.51761674881,3177.540084838867,968.0001654561114,,,,22.86,,,96.09799252537178,3.282582171193787,30.46382231572064,2025-05-26,2025-05,Q2
4E488DBE-5686-4A4E-BC4C-4DDBBF74F51E,2025-05-30 23:31:56+00:00,2025-05-31T01:36:15Z,7458.941593050957,124.31569321751594,3048.8560178279877,4410.085575222969,3040.380081176758,1057.0002318104598,,,,22.86,,,100.27877885083201,2.876423287030987,34.76539786438001,2025-05-26,2025-05,Q2
CCB6F4D0-1038-42C1-A001-87C0F45A63C6,2025-05-31 14:02:37+00:00,2025-05-31T16:08:14Z,7536.988324999809,125.61647208333015,3563.7155311107635,3973.2727938890457,3223.2600860595703,1027.000051818934,,,,22.86,,,110.56245651797214,3.1385198864895965,31.862152739726312,2025-05-26,2025-05,Q2
042099DB-AB74-4ADB-A832-E092F9F68474,2025-06-02 13:57:45+00:00,2025-06-02T14:00:05Z,140.08326303958893,2.3347210506598155,20.954302191734314,119.12896084785461,68.58000183105469,17.0,,,,22.86,,,30.55453722989797,4.034117754767923,24.788567433811277,2025-06-02,2025-06,Q2
487C4225-AC1B-422D-9FE5-19D492E7DEBA,2025-06-02 14:00:18+00:00,2025-06-02T15:57:22Z,7024.617035031319,117.07695058385531,3687.031301379204,3337.585733652115,3500.0,1264.0094617570694,,,,50.0,,,105.34375146797726,2.768966614486203,36.11455605020198,2025-06-02,2025-06,Q2
6A886D2F-0BC1-4E88-AC46-BE0597992C36,2025-06-03 23:26:02+00:00,2025-06-04T01:19:29Z,6806.72515296936,113.44541921615601,3354.816107392311,3451.9090455770493,3337.560089111328,1417.001168636963,,,,22.86,,,100.5170249469749,2.3553686214117824,42.45619946319107,2025-06-02,2025-06,Q2
4548382D-3829-4ED3-9CBD-F891E1EB3D9D,2025-06-04 13:55:21+00:00,2025-06-04T15:38:49Z,6208.092342019081,103.46820570031802,3288.979514837265,2919.112827181816,2900.0,896.0000019535961,,,,50.0,,,113.41308671852639,3.2366071358001975,30.896551791503313,2025-06-02,2025-06,Q2
FD434C8D-0E31-4FC7-AEF1-7C6C648BE2B1,2025-06-05 14:37:26+00:00,2025-06-05T16:29:19Z,6712.933179020882,111.88221965034803,2575.677025079727,4137.2561539411545,2500.0,976.0,,,,50.0,,,103.0270810031891,2.5614754098360657,39.04,2025-06-02,2025-06,Q2
BD0DDC65-487E-4CF7-BC32-B77A3C3F4F4B,2025-06-09 14:20:13+00:00,2025-06-09T16:18:10Z,7076.467944979668,117.94113241632779,3021.803804397583,4054.6641405820847,1371.6000366210938,1136.000090058873,,,,22.86,,,220.3123158148734,1.2073943027152496,82.82298481541193,2025-06-09,2025-06,Q2
C02254EB-99E2-4DD1-B7A2-D00D2BDB9C93,2025-06-10 13:54:05+00:00,2025-06-10T16:23:49Z,8983.999015927315,149.7333169321219,5202.799064874649,3781.1999510526657,2080.260055541992,1690.0002092645548,,,,22.86,,,250.10330083558273,1.2309229573689038,81.23985290984406,2025-06-09,2025-06,Q2
C40CAD22-0A3A-4AE2-805D-5C84F1747D97,2025-06-11 00:12:18+00:00,2025-06-11T01:40:22Z,5283.548228025436,88.05913713375728,2153.7523608207703,3129.795867204666,1851.6600494384766,793.0000072865803,,,,22.86,,,116.31467457938105,2.3350063460583423,42.826436068924245,2025-06-09,2025-06,Q2
1E660AEB-7A14-46D7-8E4D-FD74F90314DD,2025-06-11 14:09:11+00:00,2025-06-11T16:41:42Z,9151.27047598362,152.521174599727,3861.4977699518204,5289.772706031799,3909.060104370117,1227.0000225514966,,,,22.86,,,98.78327953143712,3.185867997167095,31.38862002095535,2025-06-09,2025-06,Q3
A6C202EF-B29F-4390-BD15-B0125FE896D6,2025-06-12 14:10:30+00:00,2025-06-12T16:29:26Z,8336.363911032677,138.9393985172113,3690.7837245464325,4645.580186486244,3611.880096435547,951.0117727128326,,,,22.86,,,102.1845583464621,3.7979341581991015,26.33010363913677,2025-06-09,2025-06,Q3
0ACBD59B-1CA8-4D6A-A67B-2967B7882D81,2025-06-13 00:16:42+00:00,2025-06-13T01:51:40Z,5697.9693390131,94.96615565021833,2804.5504425764084,2893.4188964366913,1577.3400421142578,760.0001027284184,,,,22.86,,,177.80252625915745,2.075447143298494,48.182388225541935,2025-06-09,2025-06,Q3
FD79D6B9-B516-4CA0-89B2-BB316BCB5772,2025-06-13 13:58:59+00:00,2025-06-13T17:06:30Z,11251.17911195755,187.51965186595916,3413.508787035942,7837.670324921608,2125.9800567626953,1226.0001097037657,,,,22.86,,,160.5616560784588,1.7340781945577384,57.66752636290667,2025-06-09,2025-06,Q3
C31BBE88-3D56-4A5D-BB15-EDC92E7422E1,2025-06-14 14:52:13+00:00,2025-06-14T14:53:45Z,92.39032304286957,1.5398387173811594,92.39032304286957,0.0,0.0,,,,,22.86,,,inf,,,2025-06-09,2025-06,Q3
23F7AB8C-D0F7-45CC-8BE5-BA7D45765C2A,2025-06-14 14:53:57+00:00,2025-06-14T17:13:54Z,8397.7906229496,139.96317704916,4000.2145659923553,4397.576056957245,3600.0,1421.000291814796,,,,50.0,,,111.11707127756543,2.5334266437076853,39.47223032818877,2025-06-09,2025-06,Q3
7BB8B6B8-E02B-49F2-B7C4-12CEB93AC7C5,2025-06-16 14:00:04+00:00,2025-06-16T16:23:11Z,8587.471791028976,143.12452985048293,5844.1236563920975,2743.348134636879,4550.0,1948.0000953925887,,,,50.0,,,128.44227816246368,2.335728838392597,42.813188909727224,2025-06-16,2025-06,Q3
A59EAFD1-DE6E-441B-ACB6-1B3FDFEA1927,2025-06-17 13:58:46+00:00,2025-06-17T16:52:44Z,10438.070415019989,173.96784025033315,6404.547747135162,4033.5226678848267,4450.0,1445.0002849916764,,,,50.0,,,143.92242128393625,3.0795841677122113,32.47191651666689,2025-06-16,2025-06,Q3
D9F93B46-EEBF-4D24-90E0-8331CDBBCD11,2025-06-18 13:59:55+00:00,2025-06-18T16:14:58Z,8102.3299379348755,135.0388322989146,4347.499358415604,3754.830579519272,4200.0,1822.0000437997194,,,,50.0,,,103.5118894860858,2.3051591103373643,43.38095342380284,2025-06-16,2025-06,Q3
83F2366B-0A57-4335-B0FA-6CE9DC072A6A,2025-06-19 14:00:04+00:00,2025-06-19T16:14:08Z,8044.279453992844,134.07132423321406,4510.914382338524,3533.3650716543198,4700.0,1259.0004227664622,,,,50.0,,,95.97690175188347,3.7331202714550833,26.7872430375843,2025-06-16,2025-06,Q3
E45D252D-9239-4E9F-914F-BEEBBB4497BB,2025-06-20 00:11:27+00:00,2025-06-20T02:08:03Z,6996.091647028923,116.60152745048205,3636.261967778206,3359.829679250717,1874.5200500488281,589.0,,,,22.86,,,193.98362624520806,3.1825467742764486,31.42137636696164,2025-06-16,2025-06,Q3
72EC8C55-054A-44BE-B3FD-1B4F816869E7,2025-06-20 14:04:19+00:00,2025-06-20T16:19:14Z,8095.748250961304,134.92913751602174,3745.9667131900787,4349.781537771225,3350.0,1207.0,,,,50.0,,,111.819901886271,2.775476387738194,36.02985074626866,2025-06-16,2025-06,Q3
847F9954-8DC7-4E49-8BF7-344E53634B43,2025-06-21 15:07:31+00:00,2025-06-21T17:24:28Z,8217.070520997047,136.9511753499508,3123.6612187623978,5093.40930223465,2606.040069580078,810.0010213816868,,,,22.86,,,119.86236340816225,3.217329362294799,31.081679473646982,2025-06-16,2025-06,Q3
26C08C89-C4C9-4EEE-A6FB-1C328EF2AA85,2025-06-24 00:07:16+00:00,2025-06-24T02:00:24Z,6788.441591978073,113.14069319963455,3242.92247235775,3545.519119620323,3451.860092163086,958.0000974794865,,,,22.86,,,93.9471005710893,3.6031938840559463,27.753155455358037,2025-06-23,2025-06,Q3
E3BC0A2B-407E-4592-BAB6-7C7897D37A91,2025-06-24 13:58:02+00:00,2025-06-24T16:43:26Z,9924.248031020164,165.40413385033608,5542.030060887337,4382.217970132828,4550.0,1358.0000364247594,,,,50.0,,,121.80285848104037,3.35051537404881,29.846154646698007,2025-06-23,2025-06,Q3
567DE34B-361A-47CA-A7C3-7C6407B35CDF,2025-06-25 00:06:06+00:00,2025-06-25T01:44:09Z,5883.47635102272,98.05793918371201,2500.4659653902054,3383.010385632515,2263.1400604248047,742.0002380118716,,,,22.86,,,110.48657611234425,3.0500530114231523,32.78631539369215,2025-06-23,2025-06,Q3
FD585264-CE90-4128-9689-779E23FB1DC5,2025-06-25 14:03:59+00:00,2025-06-25T16:15:02Z,7863.24951505661,131.05415858427685,5224.0014513731,2639.24806368351,4850.0,2039.0003179303376,,,,50.0,,,107.71137013140412,2.3786165982175684,42.04124366866676,2025-06-23,2025-06,Q3
202E7581-F328-4DBF-BE77-0559D85B60E1,2025-06-26 14:04:29+00:00,2025-06-26T16:23:10Z,8321.572839021683,138.6928806503614,4051.4481143951416,4270.124724626541,3600.0,1191.0,,,,50.0,,,112.54022539986504,3.022670025188917,33.08333333333333,2025-06-23,2025-06,Q3
C4B61B76-747B-4D3A-97F3-EB2BAE90D1C1,2025-06-27 00:07:24+00:00,2025-06-27T01:40:52Z,5607.912419080734,93.4652069846789,2201.7306879758835,3406.1817311048508,1828.800048828125,587.0000277452261,,,,22.86,,,120.39209477201887,3.1155024912909774,32.09755096634918,2025-06-23,2025-06,Q3
3FFB4BB3-EBD0-4DF0-AEBD-51C1E3BF2F9F,2025-06-30 14:08:05+00:00,2025-06-30T16:23:05Z,8100.333800077438,135.005563334624,3599.103994011879,4501.229806065559,4274.820114135742,1240.0000024472427,,,,22.86,,,84.1931098366118,3.4474355691121215,29.007068586275203,2025-06-30,2025-06,Q3
6408984F-DF61-4E81-B654-5D337F8CCC7D,2025-07-01 14:08:16+00:00,2025-07-01T16:45:03Z,9407.278410077095,156.7879735012849,4480.832651972771,4926.445758104324,4700.0,1329.000743647575,,,,50.0,,,95.33686493559087,3.536491625354837,28.276611566969684,2025-06-30,2025-07,Q3
37FBA84C-D1C4-4027-9DD9-A90703434E5E,2025-07-02 00:06:51+00:00,2025-07-02T01:00:24Z,3213.6039168834686,53.56006528139115,1735.8841528892517,1477.719763994217,1668.780044555664,607.0,,,,22.86,,,104.02114757738818,2.7492257735678156,36.37387695162799,2025-06-30,2025-07,Q3
80F72575-8945-4041-A5E6-4A910EF9676B,2025-07-02 14:03:37+00:00,2025-07-02T15:42:57Z,5959.523303031921,99.32538838386536,3348.3806183338165,2611.142684698105,1897.3800506591797,1020.000290299646,,,,22.86,,,176.47390237767792,1.8601759908340667,53.75835431311096,2025-06-30,2025-07,Q3
47C41CFF-100C-4649-A8F8-E5D6062D340F,2025-07-03 14:04:31+00:00,2025-07-03T16:02:14Z,7062.347056865692,117.70578428109486,3872.135921359062,3190.21113550663,2331.7200622558594,1727.0001911373658,,,,22.86,,,166.06349896105894,1.3501562270935463,74.06550293462554,2025-06-30,2025-07,Q3
6F4EA4D3-A5EA-4833-A20F-3C59B03029F9,2025-07-07 14:03:53+00:00,2025-07-07T16:31:52Z,8879.18323802948,147.98638730049134,4945.688880085945,3933.494357943535,4550.0,1641.0000922461677,,,,50.0,,,108.6964589029878,2.77269941756801,36.065936093322364,2025-07-07,2025-07,Q3
40440D82-0247-4857-923D-8C1D81EB375D,2025-07-08 14:09:30+00:00,2025-07-08T16:41:15Z,9104.859736919403,151.74766228199005,4672.316562414169,4432.543174505234,3500.0,1426.0009845291231,,,,50.0,,,133.49475892611912,2.454416257752955,40.74288527226066,2025-07-07,2025-07,Q3
1D15371D-D45E-4B29-AE8E-C6627058335A,2025-07-09 14:08:47+00:00,2025-07-09T16:38:59Z,9012.363207936287,150.20605346560478,3770.7051339149475,5241.658074021339,3650.0,1268.0000341878801,,,,50.0,,,103.30698997027254,2.8785488182874746,34.739726964051506,2025-07-07,2025-07,Q3
DABFF5C1-FB60-4480-879C-6DDE868E4E74,2025-07-10 14:06:55+00:00,2025-07-10T16:05:04Z,7089.590201020241,118.15983668367068,3643.0091428756714,3446.5810581445694,3900.0,1363.0005897453777,,,,50.0,,,93.41049084296593,2.8613340517545627,34.9487330703943,2025-07-07,2025-07,Q3
FE11C9D9-068B-4CBC-A3A1-F825F4B02984,2025-07-11 14:05:54+00:00,2025-07-11T14:25:17Z,1162.9516897201538,19.382528162002565,534.9894260168076,627.9622637033463,450.0,180.0,,,,50.0,,,118.88653911484613,2.5,40.0,2025-07-07,2025-07,Q3
63DE59A2-CEC2-4BF8-8BE9-30B6E71D952B,2025-07-12 14:39:04+00:00,2025-07-12T16:49:29Z,7824.599869966507,130.4099978327751,2989.303173661232,4835.296696305275,3150.0,1123.0004356235731,,,,50.0,,,94.89851344956291,2.804985554837195,35.650807480113436,2025-07-07,2025-07,Q3
CEECB1F9-70FA-4967-8911-BF5EBBA49372,2025-07-14 14:09:30+00:00,2025-07-14T16:26:48Z,8238.454653978348,137.3075775663058,3900.7189853191376,4337.73566865921,2700.0,1032.0,,,,50.0,,,144.47107353033843,2.616279069767442,38.22222222222222,2025-07-14,2025-07,Q3
6945CEDC-510A-4EE1-B37F-EA92BF905729,2025-07-15 14:33:42+00:00,2025-07-15T16:34:19Z,7237.106426000595,120.61844043334325,3880.3996891975403,3356.706736803055,2850.0,1135.0,,,,50.0,,,136.15437505956282,2.511013215859031,39.824561403508774,2025-07-14,2025-07,Q3
BEB35005-5E23-4F9A-8BCC-D568D88E311B,2025-07-16 16:01:34+00:00,2025-07-16T17:32:32Z,5458.5403200387955,90.9756720006466,1513.3164749145508,3945.2238451242447,1050.0,402.0,,,,50.0,,,144.12537856329055,2.611940298507463,38.285714285714285,2025-07-14,2025-07,Q3
DFB1CAB5-BC3A-4A14-8D87-B9EE17AC9F38,2025-07-22 14:30:50+00:00,2025-07-22T16:33:59Z,7389.074735999107,123.15124559998512,4391.906298995018,2997.1684370040894,3000.0,1093.0004143294368,,,,50.0,,,146.39687663316727,2.7447382093084753,36.43334714431456,2025-07-21,2025-07,Q3
BE3D7FCA-04E8-4F52-8634-31C496878569,2025-07-23 14:38:50+00:00,2025-07-23T15:53:27Z,4477.146844983101,74.61911408305168,1980.0287036895752,2497.1181412935257,1737.3600463867188,625.0,,,,22.86,,,113.96766650686756,2.77977607421875,35.97412069535305,2025-07-21,2025-07,Q3
70DB6C0B-7B11-4897-9ED8-FC021D8E63BA,2025-07-24 14:40:40+00:00,2025-07-24T16:07:08Z,5188.77815592289,86.47963593204817,3068.269391179085,2120.508764743805,1760.2200469970703,515.0000630610853,,,,22.86,,,174.31169451873603,3.4179025853600464,29.257709224461664,2025-07-21,2025-07,Q3
2D815ED3-9E9E-4E05-B9E0-76E930233BBB,2025-08-05 18:51:25+00:00,2025-08-05T21:20:18Z,8933.241999030113,148.8873666505019,4198.0327669382095,4735.209232091904,3550.0,982.0002281336516,,,,25.0,,,118.25444413910449,3.615070443259449,27.661978257285963,2025-08-04,2025-08,Q3
31825C71-A8F1-4366-AAD8-078E536118C5,2025-08-14 00:05:01+00:00,2025-08-14T01:54:42Z,6581.53949701786,109.69232495029767,3031.6487785577774,3549.890718460083,2514.600067138672,636.0005748709164,,,,22.86,,,120.56186660360062,3.9537701167157575,25.29231519486168,2025-08-11,2025-08,Q3
E3F35A96-7FBD-45A7-A9A5-9DBAFEA22B86,2025-08-14 23:25:48+00:00,2025-08-15T01:30:52Z,7504.67878305912,125.077979717652,3514.868592619896,3989.8101904392242,3017.5200805664062,938.0000780677839,,,,22.86,,,116.48202824751823,3.2169720995997055,31.08513126751805,2025-08-11,2025-08,Q3
29952E67-F9F8-4328-8430-93E255A9D8EA,2025-08-15 23:22:46+00:00,2025-08-16T01:45:40Z,8574.063138008118,142.9010523001353,4238.642831921577,4335.42030608654,2560.320068359375,910.0009559673523,,,,22.86,,,165.55128729032901,2.8135355810013354,35.542468584815296,2025-08-11,2025-08,Q3
8E32D180-2C42-4596-8685-8FD8B19A1C56,2025-08-18 23:27:01+00:00,2025-08-19T01:31:59Z,7497.703408956528,124.96172348260879,3276.0482589006424,4221.655150055885,3040.380081176758,830.0027565492505,,,,22.86,,,107.75127357210783,3.6630963658689346,27.299309112300318,2025-08-18,2025-08,Q3
A985C14E-5694-40F1-8F07-6A4504380CFB,2025-08-19 23:22:42+00:00,2025-08-20T00:54:58Z,5536.054122924805,92.26756871541342,2542.4223014116287,2993.631821513176,1920.2400512695312,647.000394211798,,,,22.86,,,132.4012745037139,2.967911717594616,33.69372458323873,2025-08-18,2025-08,Q3
08D1A856-3E89-4FFF-83C3-4E7C6BA7C1C5,2025-08-20 23:23:38+00:00,2025-08-20T23:26:04Z,146.1250250339508,2.43541708389918,146.1250250339508,0.0,0.0,,,,,22.86,,,inf,,,2025-08-18,2025-08,Q3
9AC8AFF6-83BA-451F-BE0E-AAFBB5587AD6,2025-08-22 23:47:54+00:00,2025-08-23T00:43:51Z,3357.4758970737457,55.95793161789576,1861.3703280687332,1496.1055690050125,1783.0800476074219,563.000824736537,,,,22.86,,,104.39073279779913,3.1671002408243996,31.57462422912446,2025-08-18,2025-08,Q3
FD131227-E5EB-4A5F-9B52-78B6E7A1BB67,2025-08-25 23:24:40+00:00,2025-08-26T00:53:35Z,5335.350841522217,88.92251402537028,2557.7317640781403,2777.6190774440765,2788.9200744628906,971.0030745521005,,,,22.86,,,91.7104720030647,2.8722051943546623,34.816453990317484,2025-08-25,2025-08,Q3
E4850E51-FE4D-4D83-8F74-029EB98F4EF8,2025-08-26 23:26:42+00:00,2025-08-27T01:44:54Z,8291.678308010101,138.19463846683502,3845.742460846901,4445.9358471632,3131.820083618164,1178.0308549542965,,,,22.86,,,122.79576598167634,2.6585212691561186,37.614895603879255,2025-08-25,2025-08,Q3
8AA94670-13DE-4013-BBEA-4F6FAB5842E8,2025-08-27 23:24:28+00:00,2025-08-28T01:19:46Z,6917.813934087753,115.29689890146255,3373.9285364151,3543.885397672653,3314.7000885009766,961.0001385213506,,,,22.86,,,101.7868418358449,3.4492191578673053,28.99206905189267,2025-08-25,2025-08,Q3
90DE7FAB-871B-4D53-8E55-B74A7544C78E,2025-08-28 23:21:52+00:00,2025-08-29T00:32:34Z,4241.2069219350815,70.68678203225136,2086.4577530622482,2154.7491688728333,1737.3600463867188,535.0,,,,22.86,,,120.09357285506633,3.2474019558630256,30.793847315222212,2025-08-25,2025-08,Q3
B2BF711F-2821-4F66-83D2-9196C636467A,2025-09-02 23:22:34+00:00,2025-09-03T01:20:26Z,7072.693075060844,117.87821791768074,3639.6703604459763,3433.022714614868,3817.620101928711,1113.0015470349601,,,,22.86,,,95.33872578382453,3.4300222781350698,29.15432959064359,2025-09-01,2025-09,Q3
EF0CF059-9966-4710-A42D-494702DB153F,2025-09-03 23:26:27+00:00,2025-09-04T01:37:31Z,7864.382686972618,131.07304478287696,3492.145115494728,4372.23757147789,3017.5200805664062,940.000112909442,,,,22.86,,,115.72897685039538,3.21012735969438,31.15141201423251,2025-09-01,2025-09,Q3
3155875F-A84D-4262-A149-7E1BFBB161A5,2025-09-05 23:22:00+00:00,2025-09-06T02:13:51Z,10310.427160978317,171.84045268297194,4064.0096254348755,6246.417535543442,4046.2201080322266,1263.0003546996068,,,,22.86,,,100.43965767871438,3.2036571430691194,31.214326481952902,2025-09-01,2025-09,Q3
B39BAFB8-87B8-490A-8BAE-CAFE1F9652D8,2025-09-06 15:06:22+00:00,2025-09-06T18:04:28Z,10686.444805026054,178.1074134171009,5406.84407556057,5279.600729465485,1234.4400329589844,779.0010757914497,,,,22.86,,,437.9997351997915,1.584644837242128,63.10562319695385,2025-09-01,2025-09,Q3
92B93937-068B-4873-A8B5-6BC0618D0F24,2025-09-08 23:20:36+00:00,2025-09-09T01:29:21Z,7725.499884963036,128.7583314160506,3818.3540867567062,3907.1457982063293,3657.60009765625,1157.0015988969244,,,,22.86,,,104.39506738868106,3.161274886001346,31.63280752421016,2025-09-08,2025-09,Q3
589F769D-89FB-4CEA-B3B1-0C1A772063B3,2025-09-09 23:20:32+00:00,2025-09-10T00:53:06Z,5553.554251909256,92.55923753182093,2305.2638605833054,3248.2903913259506,2377.4400634765625,903.0000394687781,,,,22.86,,,96.9641210307648,2.632823875484187,37.982031738302126,2025-09-08,2025-09,Q3
BEB9F967-CAAB-41AD-80D4-1C27385B197A,2025-09-10 23:28:51+00:00,2025-09-11T00:52:15Z,5004.265751004219,83.40442918340365,2536.0989702939987,2468.1667807102203,2514.600067138672,881.000137953236,,,,22.86,,,100.85496311863977,2.854256155941883,35.035397853771386,2025-09-08,2025-09,Q3
1CF6FEE5-4929-4F8A-A283-8058B1AC03FF,2025-09-11 23:28:51+00:00,2025-09-12T01:27:48Z,7136.756392002106,118.94593986670176,3510.1874064207077,3626.568985581398,3177.540084838867,1130.000344865367,,,,22.86,,,110.46870575037006,2.8119815177733,35.562111403629046,2025-09-08,2025-09,Q3
04F4AE7F-AF12-473F-A2DA-EA2164CEF92C,2025-09-12 23:26:04+00:00,2025-09-13T01:04:23Z,5898.712696075439,98.31187826792399,2486.671243429184,3412.0414526462555,2537.4600677490234,844.0016003087877,,,,22.86,,,97.99843847927451,3.0064635740271872,33.261670244036594,2025-09-08,2025-09,Q3
5A1809B8-11B2-4F2D-8E48-047988D2204B,2025-09-13 14:40:23+00:00,2025-09-13T15:02:55Z,1351.7906200885773,22.529843668142956,535.1350075006485,816.6556125879288,205.74000549316406,130.0,,,,22.86,,,260.10255332593977,1.5826154268704928,63.18654443912679,2025-09-08,2025-09,Q3
043BFAAC-CF8C-42F3-94FF-A6278CA4EA87,2025-09-13 15:03:14+00:00,2025-09-13T17:17:35Z,8061.351932048798,134.35586553414663,3284.519762992859,4776.832169055939,2400.0,928.000781180469,,,,50.0,,,136.85499012470245,2.5862047195122675,38.66669921585287,2025-09-08,2025-09,Q3
D12347FE-5C0C-4F98-BD41-36E153600989,2025-09-15 23:33:32+00:00,2025-09-16T01:24:38Z,6665.3847769498825,111.08974628249804,3052.4770426750183,3612.907734274864,3520.4400939941406,1238.0000121857931,,,,22.86,,,86.70725708079891,2.843651098014537,35.166058195332376,2025-09-15,2025-09,Q3
BE3AE2C6-8BC6-4A9F-9312-510BCAE3BE24,2025-09-16 23:26:02+00:00,2025-09-17T01:19:12Z,6789.953302025795,113.16588836709658,3109.614313483238,3680.3389885425568,3268.9800872802734,1009.0004352798753,,,,22.86,,,95.1249083952168,3.239820294402081,30.86590949898822,2025-09-15,2025-09,Q3
C5FD64E8-2334-4539-97CE-D8FE27DF86E1,2025-09-17 23:25:45+00:00,2025-09-18T01:26:42Z,7256.124614953995,120.93541024923324,2875.724296927452,4380.400318026543,2994.6600799560547,1088.0022266552369,,,,22.86,,,96.02840456502335,2.7524392934032056,36.33140982969936,2025-09-15,2025-09,Q3
DA52790B-9940-49FF-9C0E-D1A9015A22BE,2025-09-18 23:23:11+00:00,2025-09-19T01:25:41Z,7349.879778981209,122.49799631635348,3656.8681156635284,3693.0116633176804,3497.580093383789,1107.000167346159,,,,22.86,,,104.55423515764677,3.1595118018533195,31.650459397347902,2025-09-15,2025-09,Q3
078FF11C-FBE3-4BA3-B4B7-D01F619F092C,2025-09-19 13:02:02+00:00,2025-09-19T13:58:11Z,3368.887034058571,56.14811723430952,1633.6394517421722,1735.2475823163986,1874.5200500488281,576.0000696621312,,,,22.86,,,87.14974543481776,3.254374693302346,30.727869229626396,2025-09-15,2025-09,Q3
B7D523CF-3ED1-408D-8A18-B79CFEB58B3F,2025-09-20 14:15:51+00:00,2025-09-20T16:23:53Z,7682.74975001812,128.04582916696867,2578.2779759168625,5104.471774101257,2468.8800659179688,976.0,,,,22.86,,,104.43107429595686,2.5295902314733287,39.53209446960753,2025-09-15,2025-09,Q3
143AC893-F11F-4404-A19A-2B0C0FD4B7AF,2025-09-22 23:29:51+00:00,2025-09-23T01:25:43Z,6951.821241021156,115.8636873503526,3193.8545418977737,3757.9666991233826,3268.9800872802734,1033.0001021500827,,,,22.86,,,97.7018659221934,3.1645496263516626,31.600073251272644,2025-09-22,2025-09,Q3
C67532BE-1BCA-4C0B-981B-4E1C711F56F6,2025-09-23 23:29:35+00:00,2025-09-24T01:46:07Z,8191.807104945183,136.53011841575304,4190.473433971405,4001.3336709737778,3840.4801025390625,1097.0004453553743,,,,22.86,,,109.11327027058286,3.50089201768276,28.564148649803258,2025-09-22,2025-09,Q3
C9B94B92-68CF-44CD-AC5B-8AD380BCFEFA,2025-09-24 23:30:56+00:00,2025-09-25T01:53:58Z,8582.363405942917,143.0393900990486,3892.400663256645,4689.962742686272,3611.880096435547,1209.0008880182795,,,,22.86,,,107.76660795295878,2.987491681958911,33.47289654524814,2025-09-22,2025-09,Q3
615337D3-82AA-496E-AC94-C784AEC64659,2025-09-25 13:06:09+00:00,2025-09-25T13:58:09Z,3120.153491973877,52.00255819956462,1797.6816164255142,1322.4718755483627,1943.1000518798828,608.0,,,,22.86,,,92.5161632663392,3.1958882432234916,31.290205535828214,2025-09-22,2025-09,Q3
3C80246F-ED21-46B3-9267-F26935812930,2025-09-29 23:30:00+00:00,2025-09-30T01:31:18Z,7278.045127034187,121.30075211723646,3286.828550219536,3991.2165768146515,3863.340103149414,1336.0001271370174,,,,22.86,,,85.0773802580854,2.8917213589106177,34.58147849959944,2025-09-29,2025-09,Q3
242786CB-D197-4807-93D2-8F8C124DE963,2025-09-30 23:22:41+00:00,2025-10-01T00:34:44Z,4322.92756998539,72.04879283308983,1711.215131521225,2611.7124384641647,1805.9400482177734,734.0006589293822,,,,22.86,,,94.75481388266296,2.4604065762719185,40.643689122113706,2025-09-29,2025-09,Q3
CB34DCBF-B72A-4FEA-9CD6-B50ED6894137,2025-10-01 23:22:48+00:00,2025-10-02T02:07:05Z,9857.2836009264,164.28806001543998,4340.7837373018265,5516.499863624573,3566.1600952148438,1261.0000471316218,,,,22.86,,,121.7215049634589,2.8280412069188543,35.36016369045408,2025-09-29,2025-10,Q3
A0D32B45-4F2D-47CA-90DD-187E1E73FDC5,2025-10-02 23:26:43+00:00,2025-10-03T00:56:59Z,5416.1096149683,90.268493582805,2479.0544644594193,2937.0551505088806,2651.7600708007812,952.0003916090502,,,,22.86,,,93.48713300863572,2.785461113433824,35.90069863754922,2025-09-29,2025-10,Q3
E3A3C88F-127B-49B5-8CEB-0E432418CF10,2025-10-03 23:42:26+00:00,2025-10-04T00:17:54Z,2128.201048016548,35.47001746694247,966.7948050498962,1161.406242966652,1143.0000305175781,361.00012596086356,,,,22.86,,,84.58397018695688,3.166203965927403,31.583562232924344,2025-09-29,2025-10,Q3
1F7E3453-3272-4093-A2E7-8C0332A78538,2025-10-09 23:31:04+00:00,2025-10-10T01:02:33Z,5489.293478965759,91.48822464942933,2935.031413078308,2554.262065887451,2743.2000732421875,790.0006043489598,,,,22.86,,,106.99297662271476,3.472402499619429,28.798504784788015,2025-10-06,2025-10,Q3
A6C7FE1D-05DD-4D39-A07B-BD985B5C68F2,2025-10-10 23:37:19+00:00,2025-10-11T01:34:04Z,7004.871677041054,116.74786128401756,3394.2428002357483,3610.6288768053055,3337.560089111328,1275.0050529383402,,,,22.86,,,101.69832780866915,2.6176838134246467,38.2017107975973,2025-10-06,2025-10,Q3
E4060BC6-7F6B-42EC-9A1B-D3B54814FE2F,2025-10-11 15:03:35+00:00,2025-10-11T16:39:19Z,5743.651242017746,95.72752070029577,3879.695814847946,1863.9554271697998,4389.1201171875,1248.0254314121726,,,,22.86,,,88.39347548624421,3.5168515053584275,28.434524416977986,2025-10-06,2025-10,Q3
F484BD7E-4FCE-42BA-99BA-98B849D9B1CB,2025-10-13 23:28:18+00:00,2025-10-14T01:36:45Z,7706.78049993515,128.44634166558583,4485.953675270081,3220.8268246650696,4457.700119018555,1510.0001242062099,,,,22.86,,,100.6338146465031,2.952119041289429,33.873972763754786,2025-10-13,2025-10,Q3
37F3F816-9354-437B-AE07-4BFA9E790CA4,2025-10-14 23:29:19+00:00,2025-10-15T01:24:34Z,6915.4594740867615,115.25765790144602,3930.277289390564,2985.1821846961975,4480.560119628906,1656.0009623698866,,,,22.86,,,87.71843663412514,2.7056506737875448,36.959686248045294,2025-10-13,2025-10,Q3
2B39AF45-C539-452D-9EF7-8E7B7D5E8464,2025-10-15 23:30:47+00:00,2025-10-16T01:53:41Z,8574.519489049911,142.90865815083185,4490.452912926674,4084.0665761232376,3726.1800994873047,1122.0009336014655,,,,22.86,,,120.51089300660823,3.32101336807875,30.111291017732732,2025-10-13,2025-10,Q3
CBCE0207-40D2-42E2-837A-E72A53E36154,2025-10-16 23:27:36+00:00,2025-10-17T01:15:13Z,6457.278634905815,107.62131058176358,3198.713727235794,3258.564907670021,3520.4400939941406,1164.0005776756668,,,,22.86,,,90.8611889943189,3.0244315694618704,33.064064338474275,2025-10-13,2025-10,Q3
05C049D1-C06B-49EE-A126-BCAE0709DD0E,2025-10-17 23:41:06+00:00,2025-10-18T01:35:27Z,6861.278204917908,114.35463674863179,3847.4234647750854,3013.8547401428223,3680.4600982666016,765.0004566692413,,,,22.86,,,104.53648082170812,4.811056080006891,20.785457150575716,2025-10-13,2025-10,Q3
8599379D-A468-4908-83A4-327F004111E4,2025-10-18 15:15:58+00:00,2025-10-18T17:41:15Z,8717.075492024422,145.28459153374035,3220.2517417669296,5496.823750257492,2606.040069580078,682.0003409004408,,,,22.86,,,123.56877314959405,3.8211712125236468,26.169986749679346,2025-10-13,2025-10,Q3
A63B027B-E5EB-4F3A-BB6B-73E812DFC537,2025-10-20 23:29:54+00:00,2025-10-21T01:21:41Z,6707.367823004723,111.78946371674537,3495.3531326055527,3212.01469039917,4023.360107421875,1187.000333268506,,,,22.86,,,86.87646741234248,3.389518936648663,29.50271170305764,2025-10-20,2025-10,Q3
6D4D1F76-4FAC-4CB3-B940-08DC8EA14018,2025-10-21 23:29:30+00:00,2025-10-22T01:18:46Z,6555.859934926033,109.26433224876722,3310.357155919075,3245.502779006958,3566.1600952148438,1207.0000477731824,,,,22.86,,,92.82693618721686,2.954564999226074,33.84592995117529,2025-10-20,2025-10,Q3
CBD33845-DF34-4EA0-9ABC-45AB10A56E24,2025-10-23 23:28:48+00:00,2025-10-24T01:35:36Z,7607.411278009415,126.79018796682358,3315.032176733017,4292.379101276398,3360.4200897216797,1286.0214017383532,,,,22.86,,,98.64933812509072,2.6130358990754745,38.26966175067908,2025-10-20,2025-10,Q3
1364C7B2-6167-4197-94E1-1EB1C4A4BA2C,2025-10-24 23:30:06+00:00,2025-10-25T01:21:12Z,6665.567524075508,111.09279206792513,3255.1645389795303,3410.402985095978,3246.120086669922,1043.0015098639547,,,,22.86,,,100.27862346641916,3.1122870446211857,32.130712420252216,2025-10-20,2025-10,Q3
D09E705A-B556-47A0-B123-66735A5CD39A,2025-10-27 23:32:55+00:00,2025-10-28T01:29:01Z,6966.005059957504,116.10008433262507,3456.1656017303467,3509.8394582271576,3954.7801055908203,1424.003182721894,,,,22.86,,,87.3921054888592,2.777227012956181,36.00713932764048,2025-10-27,2025-10,Q3
E6C9AB37-F681-40A3-8B5C-5BEB9E01E75D,2025-10-28 23:29:20+00:00,2025-10-29T00:45:12Z,4551.659047961235,75.86098413268725,2684.746238589287,1866.9128093719482,2926.080078125,867.0005050803965,,,,22.86,,,91.75231596223583,3.374946220883304,29.63010177205953,2025-10-27,2025-10,Q3
E377C593-C191-421E-925C-D44964112D77,2025-10-29 23:29:53+00:00,2025-10-30T01:24:15Z,6862.238730072975,114.37064550121626,3504.9069439172745,3357.3317861557007,3589.0200958251953,1022.0001485366886,,,,22.86,,,97.65637556597238,3.5117608358120056,28.475743273923023,2025-10-27,2025-10,Q3
AE41FBEC-A204-474D-A27E-9224414126D8,2025-10-30 23:38:43+00:00,2025-10-31T01:27:44Z,6541.7608560323715,109.02934760053952,3415.9504413604736,3125.810414671898,3429.0000915527344,1224.0000051185511,,,,22.86,,,99.61943278378999,2.801470651318026,35.69553725396065,2025-10-27,2025-10,Q3
746B7C30-65A0-482C-93DD-E20F6F124CD7,2025-11-04 00:30:57+00:00,2025-11-04T02:31:18Z,7220.8594299554825,120.3476571659247,4135.696061372757,3085.1633685827255,3954.7801055908203,1387.0006034281093,,,,22.86,,,104.57461479403565,2.851318230010996,35.07149743843722,2025-11-03,2025-11,Q3
F86B3C55-1A3F-4072-A21F-E335BE607EE8,2025-11-07 00:29:41+00:00,2025-11-07T02:44:46Z,8104.309697031975,135.07182828386624,3922.7101962566376,4181.599500775337,3771.900100708008,1240.0001476948323,,,,22.86,,,103.9982526451409,3.041854557614362,32.8746815818923,2025-11-03,2025-11,Q3
F35398E3-A99F-46B4-B35E-FCA795984357,2025-11-08 00:41:23+00:00,2025-11-08T03:15:22Z,9239.394924998283,153.98991541663807,4007.2833539247513,5232.111571073532,3177.540084838867,1164.0000496611315,,,,22.86,,,126.11275536837046,2.729845317243694,36.632112218346975,2025-11-03,2025-11,Q3
6CB8D0B9-D9DE-4616-BBF1-A89917F0444F,2025-11-10 13:40:57+00:00,2025-11-10T14:18:42Z,2264.4074980020523,37.74012496670087,791.045952796936,1473.3615452051163,845.8200225830078,271.00438139811394,,,,22.86,,,93.5241459975374,3.1210566346544475,32.04043108018501,2025-11-10,2025-11,Q3
8A7CEA23-9BAA-40DA-8F72-6E45FCF7B3BB,2025-11-12 13:35:13+00:00,2025-11-12T14:06:28Z,1874.4631350040436,31.241052250067394,699.5006411075592,1174.9624938964844,571.5000152587891,141.0,,,,22.86,,,122.39730926180437,4.0531915975800645,24.67191535176981,2025-11-10,2025-11,Q3
3FD1B399-DF72-4CE3-B28A-39F60600589D,2025-11-13 00:31:43+00:00,2025-11-13T02:04:59Z,5595.70723092556,93.26178718209266,3227.8678649663925,2367.8393659591675,3703.320098876953,1270.0005332305507,,,,22.86,,,87.16145995441379,2.915998853525416,34.29356629516535,2025-11-10,2025-11,Q3
F660CC60-2A69-47E4-8DF5-6204434E16A1,2025-11-14 00:24:26+00:00,2025-11-14T02:40:50Z,8183.7994430065155,136.39665738344192,3890.8810933828354,4292.91834962368,4023.360107421875,1327.0070481323198,,,,22.86,,,96.70725437192023,3.0319056052373687,32.98255718359378,2025-11-10,2025-11,Q3
71CF64BB-B663-4EF1-88A3-758C3612CEC7,2025-11-15 00:48:59+00:00,2025-11-15T02:03:57Z,4498.0594609975815,74.96765768329303,2548.1964608430862,1949.8630001544952,2514.600067138672,776.0001308457905,,,,22.86,,,101.33605316183115,3.2404634576516353,30.85978327077634,2025-11-10,2025-11,Q3
EB62F104-A230-4F3E-B56F-B17B171963D3,2025-11-15 15:15:04+00:00,2025-11-15T17:07:55Z,6771.3594880104065,112.85599146684011,2415.246828556061,4356.112659454346,2057.4000549316406,759.0010951067414,,,,22.86,,,117.3931546646289,2.710668098103732,36.89127417331386,2025-11-10,2025-11,Q3
50438C34-9B1E-4326-8E01-15B27F54FBD3,2025-11-18 00:31:17+00:00,2025-11-18T02:40:17Z,7739.681625008583,128.99469375014306,4108.482350826263,3631.1992741823196,4846.320129394531,1597.0008323581783,,,,22.86,,,84.77529839407352,3.034638449272636,32.95285473759443,2025-11-17,2025-11,Q3
8372C1AA-1394-4ED2-926F-4BA0F1BA6D51,2025-11-19 00:28:23+00:00,2025-11-19T02:28:04Z,7180.97252202034,119.68287536700566,3567.1609473228455,3613.8115746974945,4183.380111694336,1260.00071925085,,,,22.86,,,85.2698261234045,3.320141050539733,30.119202310318617,2025-11-17,2025-11,Q3
406F2123-752A-4F32-8D40-99F7E70E7F4C,2025-11-20 01:04:56+00:00,2025-11-20T03:06:27Z,7290.587226986885,121.50978711644808,3018.861909866333,4271.725317120552,3223.2600860595703,1065.000272890998,,,,22.86,,,93.65865084616509,3.0265345165685873,33.04109021475084,2025-11-17,2025-11,Q3
7AD4464E-A983-4712-9D4C-651D443A3744,2025-11-22 00:22:43+00:00,2025-11-22T02:26:09Z,7406.405590057373,123.44009316762289,2286.018933534622,5120.386656522751,2468.8800659179688,738.0209575371484,,,,22.86,,,92.59335700799399,3.3452709448209634,29.892944891299955,2025-11-17,2025-11,Q3
1E2D3BB1-9CC5-48A3-835D-0F84971F4A83,2025-11-25 00:33:14+00:00,2025-11-25T02:20:39Z,6445.168310761452,107.4194718460242,3562.1002653837204,2883.0680453777313,4389.1201171875,1486.0005413461083,,,,22.86,,,81.15750242137997,2.953646378359709,33.85645645757175,2025-11-24,2025-11,Q3
3DFA53A0-44DE-42B9-91C0-2498F9E82C8F,2025-11-26 00:57:36+00:00,2025-11-26T03:12:01Z,8064.472651004791,134.4078775167465,3961.0025659799576,4103.470085024834,4069.080108642578,1265.0007307215221,,,,22.86,,,97.34393180333147,3.216662259413625,31.088125496342688,2025-11-24,2025-11,Q3
B49494CB-8906-4EC6-83BF-BA87D7BB7B8E,2025-11-26 16:33:39+00:00,2025-11-26T21:47:29Z,18829.941039919853,313.83235066533086,12269.025874614716,6560.915165305138,3657.60009765625,1298.001234486853,,,,22.86,,,335.4392373971275,2.817871047019637,35.48778433483196,2025-11-24,2025-11,Q3
AA5AF956-DD4C-407E-B07C-600856CCDAF6,2025-11-29 16:35:31+00:00,2025-11-29T18:50:01Z,8069.973713040352,134.49956188400586,3250.4077451229095,4819.565967917442,2651.7600708007812,801.0024315906088,,,,22.86,,,122.57548414405939,3.31055183632213,30.20644440689241,2025-11-24,2025-11,Q3
2FF448B4-B5E9-410B-8989-1E05E5B2B5A3,2025-12-02 00:41:14+00:00,2025-12-02T03:04:54Z,8620.3345079422,143.67224179903667,3939.162047982216,4681.172459959984,4343.400115966797,1373.0007941611354,,,,22.86,,,90.69305020970646,3.1634359822934344,31.611197621739702,2025-12-01,2025-12,Q3
CCF15A77-C9E9-41DB-9E84-F01EFCE2D046,2025-12-03 00:50:17+00:00,2025-12-03T02:55:41Z,7523.739886045456,125.39566476742426,3600.425359725952,3923.314526319504,3246.120086669922,1068.000422629631,,,,22.86,,,110.91473092788442,3.039437080630852,32.90082911643772,2025-12-01,2025-12,Q3
D7C636E4-29A2-496C-818F-89E1384FA378,2025-12-04 01:04:34+00:00,2025-12-04T03:16:14Z,7900.049847006798,131.6674974501133,3344.7597655057907,4555.290081501007,3749.0401000976562,1319.0009351580024,,,,22.86,,,89.21643077167046,2.842333163053111,35.18236401695582,2025-12-01,2025-12,Q3
97C65654-7B3B-4E58-A0C0-2F276BC2C047,2025-12-05 00:54:46+00:00,2025-12-05T02:43:44Z,6537.592033982277,108.95986723303795,3552.7497560977936,2984.8422778844833,3108.9600830078125,791.0006001837389,,,,22.86,,,114.27453750582188,3.9304143161024685,25.44261036051878,2025-12-01,2025-12,Q3
22259088-F071-4EA1-A047-AE24D4773BC1,2025-12-06 01:05:20+00:00,2025-12-06T03:10:38Z,7517.68240904808,125.29470681746801,3712.24951839447,3805.4328906536102,3200.4000854492188,962.0002795834885,,,,22.86,,,115.99329519057322,3.326818248779384,30.058750590504967,2025-12-01,2025-12,Q3
18AFE9FE-FFDB-4A33-A655-6992E0A3CB81,2025-12-06 16:28:18+00:00,2025-12-06T18:44:38Z,8180.129227042198,136.33548711736998,3023.2607278823853,5156.868499159813,3291.840087890625,1146.0009870975223,,,,22.86,,,91.84105689106113,2.8724583355097026,34.81338572044267,2025-12-01,2025-12,Q3
11922A25-30C2-42C1-957D-2AA7A43AE996,2025-12-09 00:35:49+00:00,2025-12-09T02:57:00Z,8470.315664052963,141.17192773421604,3972.2070968151093,4498.108567237854,4091.9401092529297,1180.002476747216,,,,22.86,,,97.07393047696193,3.4677385767297153,28.8372372332363,2025-12-08,2025-12,Q3
07C17340-E55C-45D0-875D-5661C0F11852,2025-12-10 00:55:55+00:00,2025-12-10T02:42:54Z,6418.951887011528,106.98253145019213,3305.1608704328537,3113.7910165786743,2971.800079345703,821.0001797264987,,,,22.86,,,111.21747029364593,3.619731338348433,27.626359708128724,2025-12-08,2025-12,Q3
4232926A-B1BA-45D9-B2EA-A21089F71B4C,2025-12-11 00:56:33+00:00,2025-12-11T03:22:39Z,8765.461424946785,146.09102374911308,4010.2096621990204,4755.251762747765,4389.1201171875,1409.0000554255728,,,,22.86,,,91.36705205435842,3.1150602871068127,32.10210743397118,2025-12-08,2025-12,Q3
22A6C669-AFF5-42FB-8FBF-46FDA9817735,2025-12-12 01:04:10+00:00,2025-12-12T02:46:52Z,6162.379536986351,102.70632561643919,3342.174369096756,2820.205167889595,3200.4000854492188,976.0000154625163,,,,22.86,,,104.429892509131,3.2790983962562565,30.496187645411894,2025-12-08,2025-12,Q3
8F03975A-3FF2-4850-B874-7B493FE980F5,2025-12-13 00:44:25+00:00,2025-12-13T02:49:48Z,7523.126371026039,125.38543951710065,3664.2414739131927,3858.8848971128464,2903.2200775146484,1011.0001255765286,,,,22.86,,,126.21301093543104,2.8716317674630067,34.82340637579266,2025-12-08,2025-12,Q3
01995A03-84A2-4811-82B7-8350C0914C0F,2025-12-13 16:28:11+00:00,2025-12-13T18:59:17Z,9065.94335103035,151.09905585050583,4924.373866558075,4141.569484472275,3246.120086669922,1037.0001715690414,,,,22.86,,,151.70029866670194,3.1302985049253693,31.945835147240736,2025-12-08,2025-12,Q3
BAD61878-67A3-497F-AAFE-A32E23EB3E83,2025-12-17 00:58:10+00:00,2025-12-17T02:44:01Z,6350.84648001194,105.84744133353233,3428.6940129995346,2922.1524670124054,2743.2000732421875,1005.0000065656509,,,,22.86,,,124.98884228109407,2.7295522938516417,36.63604475549032,2025-12-15,2025-12,Q4
F3DCA043-BAED-4CA8-BF05-8BF24A97B7EB,2025-12-20 00:37:18+00:00,2025-12-20T02:56:48Z,8370.366317987442,139.5061052997907,3594.578729867935,4775.787588119507,2994.6600799560547,1139.0019636701795,,,,22.86,,,120.0329464411428,2.629196590940398,38.03443239831393,2025-12-15,2025-12,Q4
5255F63D-C104-4DA1-86FB-3672CD8A56CE,2025-12-20 16:23:58+00:00,2025-12-20T18:25:22Z,7283.718057990074,121.39530096650124,2834.4131211042404,4449.304936885834,2971.800079345703,1065.0342314139532,,,,22.86,,,95.37697844493931,2.790332922351522,35.838017463423725,2025-12-15,2025-12,Q4
D7DB5388-DC53-4410-9997-BC09B10FA16D,2025-12-22 16:19:43+00:00,2025-12-22T18:44:27Z,8683.160846114159,144.719347435236,4601.907768249512,4081.253077864647,4091.9401092529297,1343.0000260528147,,,,22.86,,,112.46273516671013,3.046865249347367,32.82061785352005,2025-12-22,2025-12,Q4
75A2FE85-77D8-4F05-902F-E83DCB524CB0,2025-12-27 01:05:08+00:00,2025-12-27T02:47:08Z,6119.738358974457,101.99563931624094,2734.133940219879,3385.6044187545776,2700.0,704.0,,,,25.0,,,101.26422000814368,3.835227272727273,26.074074074074073,2025-12-22,2025-12,Q4
729BBDDD-4123-428E-B948-B79D2A7E8D2F,2025-12-27 16:33:54+00:00,2025-12-27T18:43:14Z,7760.101823925972,129.3350303987662,3857.2632150650024,3902.8386088609695,4137.660110473633,1346.0107999956995,,,,22.86,,,93.22329800123352,3.0740170216218567,32.53072422716769,2025-12-22,2025-12,Q4
82EA95A1-26A9-4A80-9509-6C8FC9C4D912,2025-12-29 16:18:56+00:00,2025-12-29T18:48:42Z,8985.288020014763,149.75480033357937,4701.733597755432,4283.554422259331,4434.840118408203,1329.01216535468,,,,22.86,,,106.01810825692235,3.336944712785722,29.967532760385108,2025-12-29,2025-12,Q4
23A7832F-ECDB-4376-9B44-9261E7792196,2025-12-30 16:36:40+00:00,2025-12-30T18:51:39Z,8099.066848993301,134.9844474832217,3785.127676963806,4313.939172029495,4297.680114746094,1633.0007159944869,,,,22.86,,,88.07374155131672,2.6317686652873475,37.997260670736644,2025-12-29,2025-12,Q4
CB6DAE00-C6BE-487D-AC29-3AA407483E8D,2025-12-31 17:05:27+00:00,2025-12-31T19:16:02Z,7835.420304894447,130.59033841490745,2491.2469680309296,5344.173336863518,2926.080078125,1112.0000943063692,,,,22.86,,,85.13939815438316,2.6313667535704637,38.00306432553024,2025-12-29,2025-12,Q4
14D36078-203E-4EC7-B683-96D6CEBFB18A,2026-01-02 16:28:41+00:00,2026-01-02T18:57:47Z,8945.899504065514,149.09832506775857,3683.4822914600372,5262.417212605476,3977.640106201172,1376.0008084719443,,,,22.86,,,92.60471518570671,2.8907251229149793,34.59339637909293,2025-12-29,2026-01,Q4
244AD216-A18F-4309-816F-EC23A04A92E1,2026-01-03 16:22:43+00:00,2026-01-03T18:52:24Z,8981.026259064674,149.68377098441124,3351.533190011978,5629.493069052696,2537.4600677490234,985.0,,,,22.86,,,132.08220427228702,2.5761015916233743,38.818344868527994,2025-12-29,2026-01,Q4
876754B8-78F5-4321-B207-CE45B134C125,2026-01-06 01:11:44+00:00,2026-01-06T03:10:28Z,7123.649433016777,118.72749055027961,2912.7285174131393,4210.920915603638,3200.4000854492188,1033.0002017925679,,,,22.86,,,91.01138731547994,3.0981601745048613,32.27722079152402,2026-01-05,2026-01,Q4
85635F03-F56F-4A3D-AD7F-097B4465C782,2026-01-07 00:49:57+00:00,2026-01-07T03:01:17Z,7879.438152909279,131.32396921515465,3116.662612438202,4762.775540471077,3154.6800842285156,1186.000284402442,,,,22.86,,,98.79488662002915,2.659931979542466,37.59494632535715,2026-01-05,2026-01,Q4
FD224FC3-9214-4B67-8E6D-13FBB3FEFEB6,2026-01-08 01:01:01+00:00,2026-01-08T03:07:58Z,7616.777647972107,126.94629413286845,2517.45576775074,5099.321880221367,2674.620071411133,838.000176964633,,,,22.86,,,94.12386434468532,3.1916700556066977,31.331559421166805,2026-01-05,2026-01,Q4
C6D3CDC3-A73A-498A-99C6-FD07F8DAE50C,2026-01-09 01:26:44+00:00,2026-01-09T03:18:20Z,6696.170159935951,111.60283599893252,2799.4253141880035,3896.7448457479477,2628.9000701904297,984.000117055181,,,,22.86,,,106.48656241943884,2.671646094980094,37.430107298977816,2026-01-05,2026-01,Q4
890E7A0E-6076-4BA1-93FA-CC398D40D0EA,2026-01-10 00:50:09+00:00,2026-01-10T02:50:58Z,7249.70804309845,120.82846738497416,3054.7670102119446,4194.941032886505,2606.040069580078,991.0003570237719,,,,22.86,,,117.21872759631711,2.6297064891143775,38.02705754955855,2026-01-05,2026-01,Q4
95E476AC-F363-4BA9-B3E9-E16DB05946FD,2026-01-10 16:37:02+00:00,2026-01-10T19:33:08Z,10566.179171919823,176.1029861986637,4298.081961393356,6268.097210526466,2674.620071411133,971.0012439954819,,,,22.86,,,160.69878512224292,2.7544970595563707,36.30426819773249,2026-01-05,2026-01,Q4
C4EBB236-6CB6-4960-AD40-4A2209C84E74,2026-01-13 01:12:58+00:00,2026-01-13T03:19:06Z,7567.583166003227,126.1263861000538,3246.9598727226257,4320.6232932806015,1531.6200408935547,560.0060038018211,,,,22.86,,,211.99512842808807,2.735006465101355,36.562984868956846,2026-01-12,2026-01,Q4
F322EF40-A32D-4222-96F8-3112B803BBF5,2026-01-14 01:00:31+00:00,2026-01-14T02:19:17Z,4725.808538913727,78.7634756485621,1967.6821331977844,2758.1264057159424,2057.4000549316406,745.0002814999481,,,,22.86,,,95.63925734721353,2.761609768508234,36.21076414935264,2026-01-12,2026-01,Q4
40673FFE-92C7-4973-AE06-723AC4812AD7,2026-01-14 18:08:13+00:00,2026-01-14T18:27:09Z,1135.785218000412,18.9297536333402,740.4065424203873,395.3786755800247,937.2600250244141,328.0350450379626,,,,22.86,,,78.99691896078689,2.8571948003785614,34.99936370693052,2026-01-12,2026-01,Q4
B0F5F752-AE54-492C-8A06-2E789427EF9B,2026-01-23 01:11:48+00:00,2026-01-23T02:55:27Z,6219.735419034958,103.66225698391597,2496.1636917591095,3723.5717272758484,2560.320068359375,599.0000324976692,,,,22.86,,,97.49420483036029,4.2743237553486075,23.3955137054994,2026-01-19,2026-01,Q4
7969A38A-FB94-4908-BECD-854558664605,2026-01-24 01:11:52+00:00,2026-01-24T02:43:05Z,5472.456259965897,91.20760433276494,3018.3075486421585,2454.148711323738,3200.4000854492188,750.0095296407469,,,,22.86,,,94.31031958676188,4.267145894775769,23.43486781701773,2026-01-19,2026-01,Q4
3C066F77-15B5-46A1-AD16-DE8A9F039F1E,2026-01-24 16:27:13+00:00,2026-01-24T18:43:35Z,8182.56823694706,136.376137282451,3977.2150876522064,4205.353149294853,4000.500106811524,1306.0002087461621,,,,22.86,,,99.4179472931479,3.0631695768657203,32.645923606463036,2026-01-19,2026-01,Q4
DBA9354D-DB7C-46A5-98EA-0794E0FF7438,2026-01-27 01:02:45+00:00,2026-01-27T03:11:06Z,7701.341038942337,128.35568398237228,3377.069141626358,4324.271897315979,3703.320098876953,1124.0008150955755,,,,22.86,,,91.19031170571694,3.294766381963926,30.351165578056115,2026-01-26,2026-01,Q4
B5168454-B6F9-4E80-BCC6-7F3687716223,2026-01-28 00:51:34+00:00,2026-01-28T02:39:40Z,6486.3875950574875,108.10645991762479,2680.847964644432,3805.5396304130554,2971.800079345703,1078.0290190144249,,,,22.86,,,90.20956635934509,2.756697664838963,36.2752873757165,2026-01-26,2026-01,Q4
64A7D3E8-B35B-42BA-8390-3A503F5A0672,2026-01-29 00:57:36+00:00,2026-01-29T03:02:32Z,7495.979532003403,124.93299220005672,4227.041814088821,3268.9377179145813,3291.840087890625,1099.0000185885815,,,,22.86,,,128.40969491921655,2.995304851876394,33.38558341978297,2026-01-26,2026-01,Q4
6EF01302-6CF3-487D-BCE8-558D9EE7296C,2026-01-30 00:52:14+00:00,2026-01-30T03:08:41Z,8186.492305994034,136.4415384332339,3317.5208131074905,4868.971492886543,3451.860092163086,965.0004602501252,,,,22.86,,,96.10820614194093,3.5770553842724326,27.955955180252218,2026-01-26,2026-01,Q4
BDF02BBA-C7A7-477F-AADD-0C90354038CC,2026-02-05 00:35:17+00:00,2026-02-05T02:35:00Z,7182.524937987328,119.70874896645546,3333.0737649202347,3849.451173067093,3657.60009765625,1259.001013445536,,,,22.86,,,91.12734240837406,2.9051605666673885,34.42150535407876,2026-02-02,2026-02,Q4
C228312A-0634-48AE-97F7-679252B0A5F8,2026-02-06 01:00:18+00:00,2026-02-06T02:38:23Z,5885.344657063484,98.08907761772474,3036.865424990654,2848.47923207283,2514.600067138672,748.001677773118,,,,22.86,,,120.76932092212422,3.361757255177433,29.74634764184424,2026-02-02,2026-02,Q4
3F46DC16-4F3F-4EEE-87C2-4B1DB7D03BEB,2026-02-07 01:00:50+00:00,2026-02-07T02:52:27Z,6697.072651982307,111.61787753303845,2364.318962931633,4332.753689050674,2514.600067138672,736.0230975733056,,,,22.86,,,94.02365783048587,3.416468960592946,29.269986396318515,2026-02-02,2026-02,Q4
7B12778C-70A8-43A6-9AE2-540689C80654,2026-02-07 16:33:49+00:00,2026-02-07T18:56:59Z,8589.790779948235,143.1631796658039,2418.6401830911636,6171.150596857071,2148.840057373047,812.000025410219,,,,22.86,,,112.55561691492046,2.646354667646053,37.78782988636611,2026-02-02,2026-02,Q4
AC1AB3C1-3120-44BB-AD65-2BAE34C927B3,2026-02-10 00:31:37+00:00,2026-02-10T02:44:32Z,7975.285722017288,132.92142870028815,3720.95302939415,4254.332692623138,3749.0401000976562,1083.0012125836058,,,,22.86,,,99.25081967774165,3.4617136680336236,28.88742674572607,2026-02-09,2026-02,Q4
A32D204D-127A-4714-8EFF-6DFD1F36C577,2026-02-11 00:49:28+00:00,2026-02-11T02:41:08Z,6699.82401907444,111.66373365124066,3201.327839255333,3498.496179819107,3406.140090942383,1008.0000931864785,,,,22.86,,,93.98696923148619,3.3791069206897903,29.593618179914415,2026-02-09,2026-02,Q4
0850F8FD-27B9-4830-A5E1-35CC235B0D29,2026-02-12 00:31:55+00:00,2026-02-12T02:41:59Z,7803.765730977058,130.06276218295096,3498.073359966278,4305.69237101078,3749.0401000976562,1151.0000311601275,,,,22.86,,,93.30584007023982,3.2572024314533565,30.701192850141716,2026-02-09,2026-02,Q4
E1818A10-2A5E-44F2-8C09-4C9270C73167,2026-02-13 00:48:39+00:00,2026-02-13T02:46:34Z,7074.9511959552765,117.91585326592127,3074.595414996147,4000.3557809591293,2971.800079345703,1059.000075689748,,,,22.86,,,103.45902594070449,2.806232168973274,35.63497030133018,2026-02-09,2026-02,Q4
D48AABB9-D305-40D1-9317-D490A35265AA,2026-02-14 00:45:25+00:00,2026-02-14T02:34:04Z,6519.415720939636,108.65692868232728,3203.782107114792,3315.6336138248444,3383.2800903320312,985.0001673176445,,,,22.86,,,94.6945573991888,3.4348015387097752,29.113763596822917,2026-02-09,2026-02,Q4
E8A5A161-27E7-48C9-897A-995D70013183,2026-02-14 16:46:45+00:00,2026-02-14T19:20:13Z,9207.978323936462,153.46630539894105,2477.5930277109146,6730.385296225548,2354.580062866211,851.0001049477036,,,,22.86,,,105.22441206331123,2.766838745585004,36.14233036152477,2026-02-09,2026-02,Q4
85E2BA4C-2B13-4A51-8DED-FD6AEB4EA136,2026-02-16 16:13:24+00:00,2026-02-16T18:39:08Z,8743.897498965263,145.7316249827544,4012.80657351017,4731.090925455093,3703.320098876953,1183.000088921676,,,,22.86,,,108.35700037723095,3.1304478618024367,31.944310978692485,2026-02-16,2026-02,Q4
A29E2284-617B-4D38-B172-226AAB69B5BE,2026-02-18 00:44:03+00:00,2026-02-18T02:50:46Z,7602.814653038979,126.71357755064965,3009.0201345682144,4593.794518470764,3223.2600860595703,1094.000565851995,,,,22.86,,,93.35331478778481,2.946305684539873,33.94080951095103,2026-02-16,2026-02,Q4
5786F03E-E263-466E-9FD3-AA4187A4F851,2026-02-19 00:37:40+00:00,2026-02-19T02:54:35Z,8215.876317977905,136.93127196629843,3224.3301318883896,4991.546186089516,3474.7200927734375,1248.00049304519,,,,22.86,,,92.79395306097325,2.7842297436076557,35.91657629173423,2026-02-16,2026-02,Q4
5E3385DE-EEAE-4584-9BD1-7AB6EAD93708,2026-02-20 00:32:14+00:00,2026-02-20T02:35:34Z,7400.4978259801865,123.3416304330031,3179.123519182205,4221.374306797981,3383.2800903320312,1102.0006829639287,,,,22.86,,,93.96572067050498,3.070125221004763,32.57196133754861,2026-02-16,2026-02,Q4
8C4E0E99-DE55-4021-B979-F61F54F0FB44,2026-02-21 00:38:18+00:00,2026-02-21T02:38:22Z,7204.663756966591,120.07772928277652,3138.7079379558563,4065.9558190107346,2880.360076904297,1094.0007695863462,,,,22.86,,,108.96929044125699,2.632868419273044,37.98138914500361,2026-02-16,2026-02,Q4
46287858-318D-4BC5-8C21-C3D176A414B4,2026-02-21 16:40:23+00:00,2026-02-21T18:44:22Z,7439.65861594677,123.99431026577949,1983.023364663124,5456.635251283646,2400.300064086914,866.0213756558632,,,,22.86,,,82.61564436600871,2.7716406679559116,36.079713058096424,2026-02-16,2026-02,Q4
8C2BDF41-ADA4-4C91-B954-02D124066143,2026-02-24 00:30:35+00:00,2026-02-24T02:20:51Z,6615.234210968018,110.25390351613363,3342.2053161859512,3273.0288947820663,2834.6400756835938,1074.0095294036253,,,,22.86,,,117.90580909570872,2.639306261330483,37.88874427539518,2026-02-23,2026-02,Q4
F513A801-9657-40C4-A581-D701061E3DE5,2026-02-25 00:43:04+00:00,2026-02-25T00:55:45Z,760.8356196880341,12.680593661467235,416.38765251636505,344.447967171669,297.1800079345703,113.0,,,,22.86,,,140.11294212228452,2.629911574642215,38.02409212697748,2026-02-23,2026-02,Q4
AAB86792-737D-4DFF-8A48-9F757F8194DE,2026-02-26 00:48:53+00:00,2026-02-26T02:34:22Z,6329.407428026199,105.49012380043665,2574.08753991127,3755.319888114929,2948.9400787353516,1061.0000786649987,,,,22.86,,,87.28856711850055,2.779396663613682,35.97903146000874,2026-02-23,2026-02,Q4
3DE67630-8EA3-48FB-A7A2-52370F99BB4E,2026-03-03 01:03:34+00:00,2026-03-03T02:54:38Z,6663.263298034668,111.0543883005778,3342.0211008787155,3321.2421971559525,3246.120086669922,942.0264425533637,,,,22.86,,,102.95432737077743,3.4458906247592265,29.02007373115253,2026-03-02,2026-03,Q4
CD9111F5-A8F5-4440-969A-8D8850D56BA9,2026-03-04 00:44:05+00:00,2026-03-04T03:11:38Z,8852.92036497593,147.5486727495988,3338.4167714118958,5514.5035935640335,3886.2001037597656,1059.0000404621821,,,,22.86,,,85.90439715603146,3.6696883430369853,27.250270500421113,2026-03-02,2026-03,Q4
F9D71916-251C-48ED-B051-9AB89656C985,2026-03-04 23:22:32+00:00,2026-03-05T02:56:03Z,12810.720257043839,213.51200428406398,2833.3919662237167,9977.328290820122,2286.0000610351562,886.0002161930242,,,,22.86,,,123.94540203733364,2.580134879489835,38.757663715539096,2026-03-02,2026-03,Q4
54E36BB7-C5E6-404E-A20A-B83E33015A0D,2026-03-06 00:43:39+00:00,2026-03-06T03:39:33Z,10553.51105105877,175.8918508509795,4194.892552495003,6358.6184985637665,4411.980117797852,1298.0002539044765,,,,22.86,,,95.0795887672494,3.399059518306182,29.419902611717717,2026-03-02,2026-03,Q4
4B677F15-4FF9-446D-A817-E488608651D8,2026-03-07 00:46:21+00:00,2026-03-07T02:50:37Z,7455.724326014519,124.26207210024198,3137.5654989480972,4318.1588270664215,3520.4400939941406,1213.0001074716274,,,,22.86,,,89.12424058289683,2.902258682674095,34.45592241552418,2026-03-02,2026-03,Q4
EDE7E391-1681-4D33-8D84-3D89DD240BAD,2026-03-07 16:54:01+00:00,2026-03-07T18:28:31Z,5670.017838001251,94.50029730002085,2572.327571988106,3097.6902660131454,3131.820083618164,910.0009147523688,,,,22.86,,,82.13522818387187,3.44155707191833,29.056615337272273,2026-03-02,2026-03,Q4
B3CC6739-FABC-4DD7-AE55-2A2992845054,2026-03-09 23:41:57+00:00,2026-03-10T01:59:49Z,8271.489467024803,137.85815778374672,3457.1706993579865,4814.318767666817,4023.360107421875,1310.0004492648475,,,,22.86,,,85.92744887489833,3.071266204282391,32.55986077031224,2026-03-09,2026-03,Q4
A9128256-F1C5-4DB6-8D66-68E6170E8BBF,2026-03-11 22:30:20+00:00,2026-03-12T02:15:37Z,13517.021420001984,225.2836903333664,2632.9964487552643,10884.02497124672,2583.1800689697266,966.0005674755911,,,,22.86,,,101.92849040544844,2.6740978793834906,37.39578897652574,2026-03-09,2026-03,Q4
DBFEAD1B-2693-4EA9-9244-D5AB7D9AC36A,2026-03-12 23:58:47+00:00,2026-03-13T01:50:53Z,6725.680034041405,112.09466723402342,3239.2754315137863,3486.4046025276184,3246.120086669922,871.0000844762455,,,,22.86,,,99.7891435013682,3.726888371798375,26.83203520575153,2026-03-09,2026-03,Q4
B43218E2-8BF3-4031-8AD3-BDF01441C5D1,2026-03-13 23:37:40+00:00,2026-03-14T01:50:59Z,7998.915877938271,133.31526463230452,4929.019045710564,3069.896832227707,4200.0,1304.0002574790833,,,,50.0,,,117.35759632644198,3.2208582597364783,31.047625178073414,2026-03-09,2026-03,Q4
7C4722FE-8A46-430B-AB7A-449035B753FB,2026-03-14 15:18:14+00:00,2026-03-14T17:57:28Z,9553.910290956497,159.2318381826083,5879.686109304428,3674.224181652069,3400.0,959.0,,,,50.0,,,172.9319443913067,3.545359749739312,28.205882352941174,2026-03-09,2026-03,Q4
5B02AC2F-B7F3-4B93-935C-09C66B2305CB,2026-03-16 23:44:30+00:00,2026-03-17T02:09:51Z,8720.412073016167,145.34020121693612,3562.4274872541428,5157.984585762024,3931.9201049804688,1263.038421326945,,,,22.86,,,90.60274349780661,3.1130645264532837,32.12268783709732,2026-03-16,2026-03,Q4
D5C4CC16-97C6-46E1-A649-821A73003D30,2026-03-18 00:02:18+00:00,2026-03-18T02:10:57Z,7719.535240054131,128.65892066756885,3181.112014055252,4538.4232259988785,3223.2600860595703,959.0001184395267,,,,22.86,,,98.69237756560179,3.3610632825618625,29.752489493080358,2026-03-16,2026-03,Q4
1DDD3873-F8F3-4B4A-923C-EA19F3BC43E7,2026-03-19 00:13:35+00:00,2026-03-19T01:54:06Z,6030.639104962349,100.51065174937249,2171.942516207695,3858.696588754654,2697.4800720214844,986.0004931074141,,,,22.86,,,80.5174628993662,2.7357796379191295,36.552651614901755,2026-03-16,2026-03,Q4
6731D303-05C2-408C-AF80-C27DCFE03A07,2026-03-19 23:55:46+00:00,2026-03-20T01:58:20Z,7354.899091005325,122.58165151675543,3776.3410407304764,3578.558050274849,3063.2400817871094,1095.0001396456328,,,,22.86,,,123.27930361003048,2.7974791699829775,35.746468132096396,2026-03-16,2026-03,Q4
CBAA70C4-64FD-4BB9-8B47-62D53A834CBA,2026-03-24 00:06:22+00:00,2026-03-24T01:14:02Z,4059.794012069702,67.66323353449503,2739.2943556308746,1320.4996564388275,1485.9000396728516,561.0002573347629,,,,22.86,,,184.3525326396775,2.6486619573619516,37.75491233301787,2026-03-23,2026-03,Q4
B1E7E0FE-2A10-47BD-9911-D7454D7AD617,2026-03-25 00:11:03+00:00,2026-03-25T02:26:32Z,8129.124566078186,135.48540943463644,3034.1430438756943,5094.981522202492,2217.4200592041016,745.0003294926714,,,,22.86,,,136.83212755659562,2.9764014476532044,33.5976183853985,2026-03-23,2026-03,Q4
8F9B072C-F22E-4C35-B55F-306B77817578,2026-03-27 00:12:57+00:00,2026-03-27T02:12:04Z,7146.94812297821,119.11580204963684,3121.3718260526657,4025.5762969255447,3268.9800872802734,889.0000045022069,,,,22.86,,,95.48457753530047,3.6771429366985546,27.195026606657528,2026-03-23,2026-03,Q4
E0C25000-B184-43B2-98DD-B2604E4554CB,2026-03-28 00:08:04+00:00,2026-03-28T00:22:30Z,866.2995179891586,14.43832529981931,237.33144056797028,628.9680774211884,182.8800048828125,91.0,,,,22.86,,,129.77440629447145,2.00967038332761,49.75940374581234,2026-03-23,2026-03,Q4
42D61728-39E0-4929-9664-131ADA81762B,2026-03-28 00:22:51+00:00,2026-03-28T02:11:20Z,6509.252465963364,108.48754109938939,4642.520348191261,1866.7321177721024,3000.0,832.0000022177422,,,,50.0,,,154.75067827304204,3.6057692211578525,27.733333407258076,2026-03-23,2026-03,Q4
30C23E2A-A594-4070-9125-C811412D1DF2,2026-03-28 15:18:31+00:00,2026-03-28T17:43:02Z,8670.662863016129,144.51104771693548,4734.214971542358,3936.44789147377,4050.0,1497.0004031469618,,,,50.0,,,116.89419682820639,2.705410093067562,36.96297291720894,2026-03-23,2026-03,Q4
D284BEC0-90C9-42EE-9234-0AC97117DFFE,2026-03-29 16:34:13+00:00,2026-03-29T19:01:43Z,8850.274953961372,147.50458256602286,4861.561319947243,3988.7136340141296,3550.0,1166.0001692078429,,,,50.0,,,136.94538929428853,3.0445964706950246,32.845075188953324,2026-03-23,2026-03,Q4
EBD851AD-4D05-48F8-8CE7-2F4754F6E1B2,2026-04-02 00:07:32+00:00,2026-04-02T02:22:17Z,8084.849517941475,134.74749196569124,2903.8205181360245,5181.02899980545,2834.6400756835938,845.0014681395841,,,,22.86,,,102.44053709131829,3.354597811438767,29.80983283868256,2026-03-30,2026-04,Q4
FA1796AC-90F3-4A79-8A05-91BCE427A893,2026-04-03 00:09:51+00:00,2026-04-03T02:01:12Z,6681.535921096802,111.35893201828003,2773.607983350754,3907.927937746048,2834.6400756835938,818.000010225736,,,,22.86,,,97.84691916069373,3.4653301225526194,28.85727952704787,2026-03-30,2026-04,Q4
DC22272E-7660-4B05-9BA7-A85654095501,2026-04-03 22:15:37+00:00,2026-04-03T22:50:20Z,2083.2894520759583,34.72149086793264,854.769020318985,1228.5204317569733,1051.5600280761719,340.00005667257483,,,,22.86,,,81.28580371039628,3.092823096464481,32.33291943348252,2026-03-30,2026-04,Q4
5FA03CBF-5FAF-429B-B079-D42F8058929D,2026-04-04 15:19:55+00:00,2026-04-04T16:51:25Z,5489.151583075523,91.4858597179254,2960.6859077215195,2528.465675354004,3150.0,1072.000000893966,,,,50.0,,,93.99002881655618,2.9384328333704675,34.031746060125904,2026-03-30,2026-04,Q4
AE90A86D-0B9B-45DD-A086-E1D74B93A5B9,2026-04-07 00:12:13+00:00,2026-04-07T00:14:32Z,138.87051498889923,2.3145085831483203,19.032942414283752,119.83757257461548,50.0,6.0,,,,50.0,,,38.065884828567505,8.333333333333334,12.0,2026-04-06,2026-04,Q4
FEEC7051-ED3D-4C2B-9378-AC17EA21FD23,2026-04-07 00:14:45+00:00,2026-04-07T02:29:32Z,8086.217706084251,134.7702951014042,2323.8663293123245,5762.351376771927,1623.060043334961,654.000056875781,,,,22.86,,,143.1780875177847,2.48174296970014,40.29426142066704,2026-04-06,2026-04,Q4
49CF4F09-8A2E-4D4E-9E27-07B689A9B591,2026-04-07 23:35:50+00:00,2026-04-08T02:01:51Z,8760.958791971207,146.01597986618677,2903.5296946763992,5857.429097294807,3223.2600860595703,1123.0000649100064,,,,22.86,,,90.08052770032464,2.870222528720755,34.84050417671607,2026-04-06,2026-04,Q4
F6B24AB8-94F3-435D-BE8D-5886050A6C67,2026-04-08 23:37:19+00:00,2026-04-09T01:29:20Z,6720.8865649700165,112.0147760828336,3255.132161617279,3465.7544033527374,3589.0200958251953,1230.0071784518539,,,,22.86,,,90.69696113999753,2.9178854877436637,34.27139290422524,2026-04-06,2026-04,Q4
8C753D26-2ACD-421F-A4AD-B0F15651AB39,2026-04-10 23:40:08+00:00,2026-04-11T01:45:06Z,7497.916043043137,124.96526738405228,2913.627447247505,4584.288595795631,2697.4800720214844,898.0014362116275,,,,22.86,,,108.01293686904016,3.0038705543737936,33.29038258802289,2026-04-06,2026-04,Q4
156ABB6C-7EDF-47CC-9D27-EA174877627D,2026-04-13 23:46:11+00:00,2026-04-14T00:49:55Z,3824.0463559627533,63.73410593271255,2057.794474363327,1766.2518815994263,2034.540054321289,777.000003204306,,,,22.86,,,101.14298167748757,2.6184556575687976,38.19045005056481,2026-04-13,2026-04,Q4
04BE8CF2-28F6-4A37-BFD0-B8B326266789,2026-04-14 23:43:35+00:00,2026-04-15T01:49:35Z,7559.700493097305,125.99500821828842,3030.2195695638657,4529.48092353344,3497.580093383789,1500.0002235192019,,,,22.86,,,86.63760339029811,2.331719714799773,42.88680125886704,2026-04-13,2026-04,Q4
CD733C99-195F-4DCA-A3CE-1F0AEA125764,2026-04-18 15:06:13+00:00,2026-04-18T17:51:56Z,9943.232250094414,165.72053750157357,4420.691960096359,5522.5402899980545,3600.0,1387.0000437181984,,,,50.0,,,122.79699889156555,2.5955298388811188,38.52777899217218,2026-04-13,2026-04,Q4
727896DF-2EDF-44AF-8708-809B5407831E,2026-04-20 23:51:22+00:00,2026-04-21T00:59:57Z,4114.444285988808,68.5740714331468,1655.009607076645,2459.434678912163,3900.0,602.0018285046772,,,,50.0,,,42.43614377119602,6.478385638275016,15.435944320632746,2026-04-20,2026-04,Q4
A32ADE83-8E2A-4457-8AD0-08B828F30E4D,2026-04-21 23:42:52+00:00,2026-04-22T01:43:41Z,7248.835672020912,120.81392786701521,2824.4910702705383,4424.344601750374,6650.0,1241.000067926343,,,,50.0,,,42.473549928880274,5.358581495577079,18.661655156787113,2026-04-20,2026-04,Q4
F8D6E08E-72FD-480D-A1B0-BE1E64F091AB,2026-04-22 23:52:15+00:00,2026-04-23T01:53:41Z,7286.084125995636,121.4347354332606,3684.772985935211,3601.311140060425,2400.300064086914,933.0007108305891,,,,22.86,,,153.51301452124557,2.572666918924515,38.8701698087696,2026-04-20,2026-04,Q4
A579C5EE-2F0A-417A-AF08-B57D23791BF3,2026-04-25 15:22:05+00:00,2026-04-25T17:44:22Z,8536.911640048027,142.28186066746713,3858.837419629097,4678.07422041893,3400.0,1051.0,,,,50.0,,,113.4952182243852,3.2350142721217887,30.911764705882355,2026-04-20,2026-04,Q4
1F203D30-1DB9-422F-8563-BE2C124291B6,2026-04-28 00:02:59+00:00,2026-04-28T02:02:57Z,7197.956370949745,119.96593951582909,2743.642248392105,4454.31412255764,3246.120086669922,983.0003588979833,,,,22.86,,,84.52066390454178,3.3022572751744104,30.282316508703417,2026-04-27,2026-04,Q4
25281BF3-5976-4CD1-92D7-66698C29EECE,2026-04-28 23:57:33+00:00,2026-04-29T01:57:10Z,7176.887323975563,119.61478873292604,2231.7335830926895,4945.1537408828735,2697.4800720214844,975.0011988694367,,,,22.86,,,82.73401558144725,2.766642825823547,36.14488977999283,2026-04-27,2026-04,Q4
5D47834E-9FCF-46BD-AEDC-616B134F5939,2026-04-29 23:58:04+00:00,2026-04-30T02:08:02Z,7798.075024008751,129.9679170668125,3313.6484484672546,4484.426575541496,2697.4800720214844,906.0000825203672,,,,22.86,,,122.84236991541573,2.977350801688083,33.58690549440883,2026-04-27,2026-04,Q4
6213DE36-DE43-4101-81B8-101C8AFB75DF,2026-04-30 23:55:58+00:00,2026-05-01T01:43:15Z,6436.421708106995,107.27369513511658,2937.114667415619,3499.3070406913757,2948.9400787353516,976.0413108124528,,,,22.86,,,99.5989945199292,3.0213271160425226,33.09803810021893,2026-04-27,2026-04,Q4
7EA43ED3-1916-487B-9569-F57348882481,2026-05-01 23:54:41+00:00,2026-05-02T02:18:35Z,8633.430589079857,143.8905098179976,3406.656030654907,5226.77455842495,2674.620071411133,1128.0036059598558,,,,22.86,,,127.36971755609206,2.3711095046856783,42.174349097915794,2026-04-27,2026-05,Q4
22E99234-1A52-446E-B13E-8A44B73131FE,2026-05-04 23:54:45+00:00,2026-05-05T01:42:01Z,6435.291651964188,107.25486086606979,2197.3273005485535,4237.964351415634,2354.580062866211,961.0005589389896,,,,22.86,,,93.32140941827925,2.450133916119496,40.81409564681234,2026-05-04,2026-05,Q4
7B67EE98-4BF9-4F9C-92F1-37D3934E3251,2026-05-05 23:47:46+00:00,2026-05-06T01:21:19Z,5613.129737019539,93.55216228365899,2644.2552202939987,2968.87451672554,1417.3200378417969,572.0002316158963,,,,22.86,,,186.56726425179872,2.4778312306585586,40.35787375777888,2026-05-04,2026-05,Q4
6E2810FF-F397-404E-889A-34A3D79CA42F,2026-05-07 00:05:43+00:00,2026-05-07T00:57:26Z,3103.040563941002,51.71734273235003,1373.4518871307373,1729.5886768102646,1257.300033569336,361.00020781052274,,,,22.86,,,109.23819696653145,3.4828235728585835,28.71233581261292,2026-05-04,2026-05,Q4
8790A73A-CA2A-4A9E-BACB-A8D4667C5C10,2026-05-07 23:43:21+00:00,2026-05-08T01:07:12Z,5030.671485066414,83.8445247511069,1939.1718628406525,3091.4996222257614,1874.5200500488281,638.0000010929678,,,,22.86,,,103.44897952892744,2.9381191956701547,34.03537887345344,2026-05-04,2026-05,Q4
8117D545-8806-42B5-AABC-6F20CEFDB0FF,2026-05-08 23:52:34+00:00,2026-05-09T01:26:59Z,5664.60239303112,94.41003988385201,1638.2044783830643,4026.397914648056,2148.840057373047,682.0,,,,22.86,,,76.23668745200916,3.150791872981007,31.738053172451735,2026-05-04,2026-05,Q4
0A513861-4AE8-4C61-8242-E555647400C1,2026-05-11 23:28:15+00:00,2026-05-12T00:50:26Z,4931.367519021034,82.18945865035057,1941.3506273031235,2990.0168917179108,1988.820053100586,725.0000406555438,,,,22.86,,,97.61318648595396,2.7431999194128296,36.453777682162,2026-05-11,2026-05,Q4
7A3DDC2A-A49A-4E71-82C0-09E9807B0394,2026-05-12 23:29:48+00:00,2026-05-13T01:28:15Z,7107.870273947716,118.46450456579527,2501.443763256073,4606.426510691643,2880.360076904297,1024.0159102965595,,,,22.86,,,86.8448283016244,2.8128079338827185,35.55166308919034,2026-05-11,2026-05,Q4
09A85078-C099-45C1-9D79-52C559908D73,2026-05-13 23:24:06+00:00,2026-05-14T01:37:41Z,8014.678846955299,133.57798078258833,2886.4975039958954,5128.181342959404,2834.6400756835938,943.004949638857,,,,22.86,,,101.82941844212077,3.005965214465923,33.26718470285666,2026-05-11,2026-05,Q4
24F0E91D-2614-467A-8E59-3A7FAF8246B7,2026-05-16 14:19:20+00:00,2026-05-16T16:30:27Z,7867.475711107254,131.1245951851209,2869.0664660930634,4998.409245014191,3017.5200805664062,1048.0000836357538,,,,22.86,,,95.08027749576807,2.879312824191706,34.73050901583522,2026-05-11,2026-05,Q4
DA45607D-0E9F-476B-93B1-1BD4D40F84AB,2026-05-21 23:31:52+00:00,2026-05-22T02:11:14Z,9561.98939192295,159.3664898653825,2941.1751230955124,6620.814268827438,1577.3400421142578,630.000046078201,,,,22.86,,,186.46424008568104,2.5037141694406557,39.940661446326594,2026-05-18,2026-05,Q4
BD9091A8-B443-4618-80DC-0687BFCE3022,2026-05-22 23:33:52+00:00,2026-05-23T02:10:27Z,9394.297485947609,156.57162476579347,3624.913780808449,5769.38370513916,2811.780075073242,1081.0000854134364,,,,22.86,,,128.91882309515356,2.6010914457956367,38.445399588560576,2026-05-18,2026-05,Q4
4942F1B8-FE12-45A6-95B2-DF7753255F13,2026-05-26 23:35:27+00:00,2026-05-27T00:50:19Z,4491.930269956589,74.86550449927648,100.82253050804138,4391.107739448547,160.02000427246094,42.0,,,,22.86,,,63.00620410956501,3.8100001017252603,26.24671845932959,2026-05-25,2026-05,Q4
1ABD20EF-DBA3-464E-BD91-4AEF6AFDD9CD,2026-05-27 23:31:53+00:00,2026-05-28T02:07:43Z,9349.991150021553,155.83318583369254,3613.751054763794,5736.240095257759,3794.7601013183594,1289.000382930736,,,,22.86,,,95.23002662298256,2.943955759493572,33.967901751758085,2026-05-25,2026-05,Q4
EB582331-047F-42F2-BE4C-425D979F5D51,2026-05-29 23:30:11+00:00,2026-05-30T01:46:22Z,8170.223268985748,136.17038781642913,3290.1928420066833,4880.030426979065,2743.2000732421875,770.0000307870341,,,,22.86,,,119.93995166812623,3.562597355273222,28.06940836353111,2026-05-25,2026-05,Q4
F94E0CF3-4F7F-4403-83EC-AEF347559513,2026-05-30 14:54:54+00:00,2026-05-30T17:07:41Z,7967.156807899475,132.78594679832457,3467.103662967682,4500.053144931793,3451.860092163086,1038.000059742852,,,,22.86,,,100.44160453777383,3.32549122686778,30.070745396068354,2026-05-25,2026-05,Q4
F5B613B4-571F-4A95-B391-E14B99CCCFE9,2026-06-01 14:02:51+00:00,2026-06-01T16:26:12Z,8600.782945990562,143.34638243317605,4069.614387869835,4531.1685581207275,2011.6800537109375,1520.0000047259527,,,,22.86,,,202.29928612965242,1.3234737154317522,75.55873519360176,2026-06-01,2026-06,Q4
E1210E53-775E-45B1-84DB-F460CE575F58,2026-06-02 13:59:55+00:00,2026-06-02T16:37:53Z,9477.408983111382,157.95681638518968,4416.904217600822,5060.504765510559,2560.320068359375,1755.0001144335563,,,,22.86,,,172.51375217439616,1.458871738698287,68.54612187444756,2026-06-01,2026-06,Q4
680256AD-EDE8-424D-AE89-1494920351E3,2026-06-02 23:27:09+00:00,2026-06-03T01:41:00Z,8030.665093064308,133.84441821773848,2389.4298491477966,5641.2352439165115,2491.7400665283203,790.0000033656248,,,,22.86,,,95.8940252735483,3.154101336598479,31.70475179083636,2026-06-01,2026-06,Q4
2F6D74A6-9332-4C8D-8EF5-03620AC5C91C,2026-06-03 14:01:43+00:00,2026-06-03T16:25:26Z,8622.518090963364,143.7086348493894,5023.452582836151,3599.0655081272125,3500.0,1262.0003649510584,,,,50.0,,,143.52721665246148,2.7733747922772856,36.05715328431595,2026-06-01,2026-06,Q4
1BFF6F09-86E5-4B71-B6B2-5B0B3442EC1C,2026-06-04 14:02:07+00:00,2026-06-04T15:46:10Z,6243.576861023903,104.05961435039838,2906.5098053216934,3337.0670557022095,3657.60009765625,1277.000937636467,,,,22.86,,,79.46494224954098,2.8642109726449436,34.913629252546095,2026-06-01,2026-06,Q4
1090A8AB-7FBC-42D6-A58C-9E513DCDF919,2026-06-04 23:30:32+00:00,2026-06-05T01:47:36Z,8224.312559008598,137.07187598347664,2326.5172390937805,5897.795319914818,2194.56005859375,592.0000093277906,,,,22.86,,,106.012921814707,3.7070270675935433,26.975794397130226,2026-06-01,2026-06,Q4
4E70BF8E-058B-4EDE-9BF9-221BA58486EF,2026-06-05 14:00:38+00:00,2026-06-05T16:09:31Z,7732.78109896183,128.87968498269717,4540.020478129387,3192.7606208324432,3750.0,1319.000756701249,,,,50.0,,,121.06721275011698,2.843061295414683,35.17335351203331,2026-06-01,2026-06,Q4
D3649D92-F875-42FF-AD02-C724A940096C,2026-06-06 14:58:57+00:00,2026-06-06T17:59:40Z,10842.659058094025,180.71098430156707,5818.544443011284,5024.114615082741,3400.0,1112.0000103959092,,,,50.0,,,171.13366008856715,3.0575539282499524,32.70588265870321,2026-06-01,2026-06,Q4
8B5C8532-FE81-4BFE-A14B-C21BDC771E7B,2026-06-08 13:59:33+00:00,2026-06-08T19:21:29Z,19315.55944800377,321.92599080006283,10259.443544983864,9056.115903019905,4150.0,1572.0000020433629,,,,50.0,,,247.2155071080449,2.6399491059832227,37.879518121526814,2026-06-08,2026-06,Q4
D1B1FAD8-59A4-4671-8480-305CDF4FC8FF,2026-06-09 14:02:56+00:00,2026-06-09T16:22:35Z,8378.700712919235,139.64501188198724,4284.947073698044,4093.7536392211914,4200.0,1386.0001890316498,,,,50.0,,,102.02254937376294,3.030302617010748,33.00000450075357,2026-06-08,2026-06,Q4
F3D4F5CF-11E2-4138-9E12-0F6EC42B5ACB,2026-06-10 00:01:49+00:00,2026-06-10T02:24:13Z,8543.35623395443,142.38927056590717,3070.7018831968307,5472.654350757599,2834.6400756835938,843.0012455757927,,,,22.86,,,108.32775242043063,3.362557399007706,29.739269292327947,2026-06-08,2026-06,Q4
4DC6E959-F624-4768-A0F3-6BE9DDE6541D,2026-06-10 14:02:36+00:00,2026-06-10T16:46:56Z,9859.963033914566,164.33271723190944,5156.684590220451,4703.278443694115,4100.0,1319.0000723652256,,,,50.0,,,125.77279488342566,3.1084152957231432,32.170733472322574,2026-06-08,2026-06,Q4
4ABB7AF2-FB62-4109-8C97-50B01EE32488,2026-06-11 14:06:36+00:00,2026-06-11T16:20:21Z,8025.078004002571,133.75130006670952,4973.725695490837,3051.352308511734,3800.0,1578.0000120470615,,,,50.0,,,130.88751830239045,2.408111515202365,41.52631610650162,2026-06-08,2026-06,Q4
2C3444E8-5EC6-4312-812C-ED6C3995FF10,2026-06-15 14:35:49+00:00,2026-06-15T16:50:53Z,8103.978746056557,135.06631243427594,4832.1236181259155,3271.855127930641,3400.0,1290.0000383722952,,,,50.0,,,142.12128288605635,2.635658836328466,37.94117759918515,2026-06-15,2026-06,Q4
D2A76A13-D33B-4528-BA1B-B88B4AB168DB,2026-06-16 14:04:31+00:00,2026-06-16T16:40:36Z,9365.881996035576,156.0980332672596,6061.543212890625,3304.338783144951,4400.0,1499.0007366745244,,,,50.0,,,137.7623457475142,2.935288750932325,34.068198560784644,2026-06-15,2026-06,Q4
BD3DB5FA-70B0-47E1-A2A6-2BD8444D80B3,2026-06-16 23:58:51+00:00,2026-06-17T02:04:40Z,7548.692607998848,125.81154346664746,2700.1086288690567,4848.583979129791,2788.9200744628906,991.0002221904032,,,,22.86,,,96.81556146384231,2.814247678268481,35.53347517071664,2026-06-15,2026-06,Q4
9D87641F-2BB8-40A6-8F40-DAAAC2C6EB15,2026-06-17 14:08:13+00:00,2026-06-17T16:32:38Z,8664.15749502182,144.40262491703032,5085.833870887756,3578.3236241340637,5300.0,1603.0016768457003,,,,50.0,,,95.95912963939163,3.3062972276043108,30.245314657466043,2026-06-15,2026-06,Q4
