avg_hr,date,density,distance_km,distance_m,duration_min,duration_s,end,heart_rate_samples,hr90_min,hr90_ratio,hr90_s,id,iso_week,max_hr,min_hr,pace_50_s,pool_length_m,rest_ratio,rest_time_min,rest_time_s,simple_hr_load,split_count,start,swim_time_min,swim_time_s,weekday,year,week_start,athlete_age_years,age_pred_hr_max_fox,age_pred_hr_max_tanaka,avg_pct_observed_max,avg_pct_age_max_fox,avg_pct_age_max_tanaka,avg_hrr_intensity_age_fox,avg_lthr_ratio,zone_pct_observed_max,zone_pct_age_max_fox,zone_pct_age_max_tanaka,zone_hrr_age_fox,zone_lthr_proxy,hr_sample_zone_seconds,avg_sample_zone_depth,avg_active_zone_depth,avg_rest_zone_depth,active_zone_minutes,rest_or_low_zone_minutes,active_zone_share,rest_or_low_zone_share,dominant_sample_zone,sample_z1_minutes,sample_z1_share,sample_z2_minutes,sample_z2_share,sample_z3_minutes,sample_z3_share,sample_z4_minutes,sample_z4_share,sample_z5_minutes,sample_z5_share,sample_z6_minutes,sample_z6_share,avg_hrr_intensity,avg_hr_zone,avg_zone_weight,zone_depth_weight,near_max_min,near_max_ratio,simple_hr_load_v2,zone_weighted_load,near_max_load,combined_load,load_per_km,hr_efficiency_proxy,transition_count,hr_rise_events,avg_hr_rise_bpm,median_hr_rise_bpm,avg_hr_rise_bpm_per_min,hr_drop_events,avg_hr_drop_bpm,median_hr_drop_bpm,avg_hr_drop_bpm_per_min
138.26370575988898,2024-05-31,0.33004721763153905,2.8575000762939453,2857.5000762939453,127.47380424936613,7648.4282549619675,2024-06-01T01:20:43+00:00,1441,14.199936244885127,0.337512119124867,851.9961746931076,1A6D6769-FA01-4DD2-AD1D-54AAF0C7DCBB,22,185.0,89.0,44.17047064577183,22.86,0.66995278236846,85.4014298359553,5124.085790157318,395.08854975756634,57,2024-05-31 23:13:14+00:00,42.07237441341082,2524.3424648046494,Friday,2024,2024-05-27,15.000992491290033,204.99900750870998,197.499305256097,0.6647293546148508,0.6744603666142844,0.7000718588888335,0.5164073789109758,0.9045512303032348,z2_60_70,z2_60_70,z3_70_80,z1_under_60,lthr_z3_90_95,7614.0,2.887444181770423,4.076643117105545,1.0,77.85,49.05,0.6134751773049646,0.38652482269503546,z1,49.05,0.38652482269503546,14.666666666666666,0.11557656947727869,16.333333333333332,0.1287102705542422,13.083333333333334,0.10309955345416338,15.9,0.12529550827423167,17.866666666666667,0.14079327554504859,0.505416352907014,z3,3.0,2.887444181770423,14.199936244885127,0.33751211912486717,64.42734523489726,368.07349440797407,70.99968122442563,439.0731756323997,153.65640031823156,0.3194654041927604,77,76.0,2.5127701224231096,1.4444444444444429,1.2563850612115548,77.0,-0.8511150934202889,-0.5449999999999875,-1.1348201245603857
143.80407124681935,2024-06-01,0.409520541211338,1.828800048828125,1828.800048828125,143.31227838397027,8598.736703038216,2024-06-01T17:16:20+00:00,1572,12.783258491754532,0.21781233959395202,766.9955095052719,DE5385A3-BE3B-45D5-8B92-48B4D224193C,22,195.0,99.0,96.27513162574705,22.86,0.590479458788661,84.6229565779368,5077.3773946762085,262.9888925178664,36,2024-06-01 14:53:02+00:00,58.689321806033455,3521.359308362007,Saturday,2024,2024-05-27,15.003730398297021,204.99626960170298,197.4973887211921,0.6913657271481699,0.7014960395436616,0.7281315068414812,0.5565662859474249,0.9407975061425037,z2_60_70,z3_70_80,z3_70_80,z1_under_60,lthr_z3_90_95,8331.0,3.328291921738087,4.133602584814216,1.0,103.16666666666667,35.68333333333333,0.7430080422518305,0.25699195774816946,z1,35.68333333333333,0.25699195774816946,22.933333333333334,0.16516624654903372,20.433333333333334,0.1471612051374385,11.183333333333334,0.08054255191453608,17.15,0.12351458408354339,31.466666666666665,0.22662345456727884,0.5447097251547471,z3,3.0,3.328291921738087,12.783258491754532,0.2178123395939527,78.06359176983305,476.9850984312481,63.91629245877266,540.9013908900208,295.76846918646163,0.6694882195685852,119,116.0,6.540939137327922,3.275362318840564,3.270469568663961,114.0,-3.352516861991415,-1.3214492753623261,-4.470022482655221
144.7037037037037,2024-06-03,0.448484600337877,3.5204400939941403,3520.4400939941406,127.92273658315341,7675.364194989204,2024-06-04T01:42:36+00:00,1431,35.63344575961431,0.6211014512863741,2138.0067455768585,F8140883-575E-4450-8A6B-18616C596677,23,191.0,71.0,48.88994772713088,22.86,0.551515399662122,70.55135919253031,4233.081551551819,509.4207202679669,70,2024-06-03 23:34:41+00:00,57.371377390623095,3442.2826434373856,Monday,2024,2024-06-03,15.009206212310998,204.990793787689,197.4935556513823,0.6956908831908831,0.7059034263439887,0.73270088852487,0.5631078825682944,0.9466830973120957,z2_60_70,z3_70_80,z3_70_80,z1_under_60,lthr_z3_90_95,7514.0,3.53673143465531,5.0255543822597675,1.0,78.91666666666667,46.31666666666667,0.6301570401916423,0.36984295980835774,z6,46.31666666666667,0.36984295980835774,8.816666666666666,0.07040191642267767,7.25,0.05789193505456481,5.7,0.04551503859462337,8.483333333333333,0.0677402182592494,48.666666666666664,0.388607931860527,0.551090097189388,z3,3.0,3.53673143465531,35.63344575961431,0.6211014512863747,70.49695333634249,452.42836368076945,178.16722879807156,630.595592478841,179.12407984292506,0.33786244909970153,61,60.0,5.364052736313604,2.854166666666657,2.682026368156802,57.0,-5.54981942132873,-4.0,-7.399759228438306
144.0426944971537,2024-06-04,0.43424148762630005,2.8575000762939453,2857.5000762939453,99.93672099908193,5996.203259944916,2024-06-05T01:23:17+00:00,1054,28.049965020020803,0.6463621463264331,1682.9979012012482,BF85CBAD-FAB3-4C60-9DE9-1935ECA1B83F,23,182.0,82.0,45.56080759733819,22.86,0.565758512373699,56.54005060394605,3392.403036236763,411.60201051520215,57,2024-06-04 23:43:21+00:00,43.39667039513588,2603.8002237081528,Tuesday,2024,2024-06-03,15.011944119317986,204.98805588068203,197.49163911647742,0.6925129543132389,0.7026882316548093,0.7293609751863956,0.5583287191448827,0.9423586313378874,z2_60_70,z3_70_80,z3_70_80,z1_under_60,lthr_z3_90_95,5847.0,3.3914828116983067,4.808006535947713,1.0,61.2,36.25,0.6280143663417137,0.3719856336582863,z1,36.25,0.3719856336582863,6.216666666666667,0.0637933983239268,9.683333333333334,0.09936719685308705,3.1666666666666665,0.03249529673336754,12.7,0.13032324268855824,29.433333333333334,0.3020352317427741,0.5464020886322957,z3,3.0,3.3914828116983067,28.049965020020803,0.6463621463264331,54.60563308496137,338.9336715258756,140.249825100104,479.1834966259796,167.6932576839893,0.31630071734209664,99,98.0,3.6089103717606195,-0.2050000000000125,1.8044551858803097,99.0,-4.980029909260104,-1.8333333333333428,-6.640039879013472
145.24707716289944,2024-06-05,0.45898943782776,3.154680084228515,3154.6800842285156,118.51417024930318,7110.850214958191,2024-06-06T01:13:19+00:00,1283,19.933100591103237,0.36643916630954304,1195.9860354661942,7A307137-8F31-411D-8322-BFFD598BE301,23,183.0,80.0,51.729574085152265,22.86,0.5410105621722391,64.11741787195206,3847.0450723171234,458.2080616182013,63,2024-06-05 23:14:48+00:00,54.39675237735113,3263.8051426410675,Wednesday,2024,2024-06-03,15.014682026324975,204.98531797367502,197.48972258157252,0.6983032555908627,0.7085730753729036,0.735466510683388,0.5670681367551547,0.9502379646457052,z2_60_70,z3_70_80,z3_70_80,z1_under_60,lthr_z4_95_100,6913.0,3.500650947490236,4.312320367886568,1.0,86.98333333333333,28.233333333333334,0.7549544336756835,0.2450455663243165,z1,28.233333333333334,0.2450455663243165,12.25,0.10632142340517865,16.75,0.14537827281932592,12.766666666666667,0.11080572833791408,22.016666666666666,0.1910892521336612,23.2,0.20135975697960365,0.5549438096659535,z4,4.0,3.500650947490236,19.933100591103237,0.3664391663095437,65.76870513754771,414.87674237424227,99.66550295551619,514.5422453297584,163.10441363045248,0.3561488127374558,98,95.0,5.338062874363458,5.263888888888886,2.669031437181729,98.0,-4.129467868148636,-4.2350622934146855,-5.505957157531516
,2024-06-06,1.0,0.0,0.0,2.294063957532247,137.64383745193481,2024-06-06T01:17:24+00:00,0,0.0,0.0,0.0,15A0A90B-58AE-431D-A25E-6784A25DF0FE,23,,,,22.86,0.0,0.0,0.0,,0,2024-06-06 01:15:06+00:00,2.294063957532247,137.64383745193481,Thursday,2024,2024-06-03,15.017419933331965,204.98258006666805,197.48780604666763,,,,,,,,,,,0.0,,,,,,,,,,,,,,,,,,,,,,,,,0.0,0.0,,,0.0,0.0,,,0,,,,,,,,
141.7716894977169,2024-06-06,0.35944859521800004,2.446020065307617,2446.020065307617,97.57903255025546,5854.741953015327,2024-06-07T00:53:24+00:00,1095,9.133333337306976,0.26039701989519404,548.0000002384186,1FF97046-833A-42FD-9927-1DAEA857F290,23,193.0,73.0,43.01842818510542,22.86,0.640551404781999,62.5043863773346,3750.2631826400757,346.77639720397667,48,2024-06-06 23:15:50+00:00,35.074646172920865,2104.4787703752518,Thursday,2024,2024-06-03,15.017419933331965,204.98258006666805,197.48780604666763,0.6815946610467158,0.6916279883471435,0.7178756619748732,0.5418922407566955,0.9275012227723107,z2_60_70,z2_60_70,z3_70_80,z1_under_60,lthr_z3_90_95,5780.0,3.3877162629757787,4.580954852101713,1.0,64.23333333333333,32.1,0.6667820069204152,0.3332179930795848,z1,32.1,0.3332179930795848,7.616666666666666,0.07906574394463668,10.3,0.1069204152249135,8.883333333333333,0.09221453287197232,12.016666666666667,0.12474048442906574,25.416666666666668,0.263840830449827,0.5302956701965738,z3,3.0,3.3877162629757787,9.133333337306976,0.2603970198951943,51.745738463371005,330.5700754959433,45.66666668653488,376.23674218247817,153.81588545356507,0.3034345456241332,74,73.0,1.330625048198877,1.6190476190476204,0.6653125240994385,74.0,-2.4786482644098067,0.375,-3.3048643525464083
141.54186320754718,2024-06-11,0.361988185900234,2.080260055541992,2080.260055541992,155.23922921617824,9314.353752970695,2024-06-11T16:25:17+00:00,1696,21.53333332935969,0.38319107796918506,1291.9999997615814,25BF630B-2E26-48CB-97A4-F155E7D17C3E,24,185.0,85.0,81.0400124947946,22.86,0.638011814099765,99.0444622516632,5942.6677350997925,294.44388421764916,41,2024-06-11 13:50:02+00:00,56.19476696451505,3371.686017870903,Tuesday,2024,2024-06-10,15.031109468366907,204.9688905316331,197.47822337214316,0.6804897269593615,0.6905529070310445,0.7167466913089187,0.5402802249138653,0.9259976492033362,z2_60_70,z2_60_70,z3_70_80,z1_under_60,lthr_z3_90_95,9011.0,3.2828764842969704,4.241058767921853,1.0,105.78333333333333,44.4,0.704361336144712,0.295638663855288,z1,44.4,0.295638663855288,18.65,0.12418155587615137,19.366666666666667,0.12895350127621796,16.466666666666665,0.1096437687271113,20.433333333333334,0.13605593163910776,30.866666666666667,0.20552657862612364,0.5286656965074268,z3,3.0,3.2828764842969704,21.53333332935969,0.3831910779691854,82.06965523884695,509.63121503417875,107.66666664679845,617.2978816809772,296.74072721650475,0.5725515452340989,147,141.0,4.521521269361111,1.3472222222222285,2.2607606346805555,144.0,-4.821465796992393,-2.9200000000000017,-6.428621062656523
143.8028759736369,2024-06-12,0.41028431164012,5.0,5000.0,149.6945776661237,8981.674659967422,2024-06-12T16:23:47+00:00,1669,11.864583335320155,0.193179710524433,711.8750001192093,0E6B124E-C7EF-4F43-8F89-53374DDE7660,24,199.00000000000003,80.0,36.8504020524025,50.0,0.5897156883598791,88.27724091211955,5296.634454727173,719.0143798681845,100,2024-06-12 13:54:05+00:00,61.41733675400416,3685.0402052402496,Wednesday,2024,2024-06-10,15.033847375373895,204.9661526246261,197.47630683723827,0.691359980642485,0.7015932832431934,0.72820318688743,0.5566791166714615,0.9407896864054166,z2_60_70,z3_70_80,z3_70_80,z1_under_60,lthr_z3_90_95,8747.0,3.3817308791585687,4.240472857365065,1.0,107.15,38.63333333333333,0.7349948553789871,0.26500514462101293,z1,38.63333333333333,0.26500514462101293,22.283333333333335,0.15285240653938492,19.066666666666666,0.13078769863953355,13.4,0.09191722876414771,15.4,0.10563621813193094,37.0,0.2538013033039899,0.544701248039978,z3,3.0,3.3817308791585687,11.864583335320155,0.1931797105244332,81.538823279555,506.2267757361312,59.32291667660078,565.5496924127319,113.10993848254638,0.2562563634621481,149,146.0,5.559126272637144,3.4130434782608745,2.779563136318572,143.0,-4.88573491873043,-3.1111111111111143,-6.514313224973904
136.0128755364807,2024-06-13,0.324452381229137,0.8915400238037101,891.5400238037109,102.00357299049695,6120.214379429817,2024-06-13T01:52:19+00:00,1165,18.406250011920932,0.556158995864045,1104.3750007152557,4091B9C5-6744-4D32-8656-F8C06930F01A,24,167.0,86.0,111.36449716339393,22.86,0.675547618770862,68.9082708398501,4134.4962503910065,121.26092229340516,17,2024-06-13 00:10:19+00:00,33.095302150646845,1985.7181290388107,Thursday,2024,2024-06-10,15.036585282380884,204.96341471761912,197.47439030233338,0.6539080554638494,0.6635958701403735,0.6887620988637814,0.5002259162527611,0.8898258095097012,z2_60_70,z2_60_70,z2_60_70,z1_under_60,lthr_z2_85_90,6088.0,2.593462549277267,3.391765285996055,1.0,67.6,33.86666666666667,0.6662286465177398,0.33377135348226017,z1,33.86666666666667,0.33377135348226017,19.65,0.19365965834428384,19.65,0.19365965834428384,13.316666666666666,0.13124178712220763,12.133333333333333,0.11957950065703023,2.85,0.028088042049934297,0.48945301798922475,z2,2.0,2.593462549277267,18.40625001192093,0.5561589958640453,49.925956645882906,264.54244644332397,92.03125005960464,356.5736965029286,399.95253940661587,0.8187790804667188,45,44.0,3.5379003758648007,2.0958333333333314,1.7689501879324003,45.0,-4.169195252225046,-5.2666666666666515,-5.558927002966728
137.40548780487805,2024-06-13,0.492290288621664,5.15,5150.0,141.78477818369865,8507.08669102192,2024-06-13T16:17:26+00:00,1640,28.916642330090205,0.414282879883179,1734.9985398054123,D6B39230-5794-4B8A-A220-E64F9A34B59C,24,178.0,67.0,40.65976856750192,50.0,0.5077097113783361,71.98550880948703,4319.1305285692215,707.6382621951219,103,2024-06-13 13:55:39+00:00,69.79926937421163,4187.956162452698,Thursday,2024,2024-06-10,15.036585282380884,204.96341471761912,197.47439030233338,0.6606033067542214,0.6703903132868052,0.6958142146660647,0.510319985548217,0.8989365818110151,z2_60_70,z2_60_70,z2_60_70,z1_under_60,lthr_z2_85_90,8465.0,3.1145894861193146,4.325901151988108,1.0,89.7,51.38333333333333,0.6357944477259303,0.3642055522740697,z1,51.38333333333333,0.3642055522740697,12.566666666666666,0.08907265209686946,15.016666666666667,0.10643827525103366,14.766666666666667,0.10466627288836385,25.316666666666666,0.17944477259303013,22.033333333333335,0.1561724748966332,0.49932970074381594,z2,2.0,3.1145894861193146,28.916642330090205,0.41428287988317947,70.79735086049457,441.601379422707,144.58321165045103,586.184591073158,113.82225069381708,0.29591080543479176,141,140.0,4.926763344149116,-0.2179292929292984,2.463381672074558,141.0,-1.0119990280969828,1.125,-1.3493320374626436
137.18588235294118,2024-06-14,0.41989927158049806,5.2,5200.0,159.18422298431398,9551.053379058838,2024-06-14T16:33:07+00:00,1700,27.8,0.41591027798358404,1668.0,62D3A707-1338-4224-B194-28DC4EF9EC85,24,186.0,67.0,38.56231112205065,50.0,0.580100728419501,92.34288370609283,5540.57302236557,713.3665882352941,104,2024-06-14 13:53:56+00:00,66.84133927822113,4010.480356693268,Friday,2024,2024-06-10,15.039323189387872,204.96067681061214,197.47247376742848,0.6595475113122172,0.669327816865592,0.694708886437057,0.5087383156962185,0.8974998751884127,z2_60_70,z2_60_70,z2_60_70,z1_under_60,lthr_z2_85_90,9129.0,3.2195202103187643,4.545406824146982,1.0,95.25,56.9,0.6260269470916858,0.3739730529083142,z1,56.9,0.3739730529083142,16.516666666666666,0.10855515390513748,10.416666666666666,0.06846313944572242,10.966666666666667,0.07207799320845656,19.3,0.1268485047650345,38.05,0.2500821557673349,0.4977722152690864,z2,2.0,3.2195202103187643,27.8,0.415910277983584,79.23748331079018,512.4968230618877,139.0,651.4968230618877,125.28785058882454,0.28109533182751656,165,157.0,2.758826682846763,0.904761904761898,1.3794133414233816,159.0,-2.922709216185422,-2.5555555555555713,-3.896945621580562
146.5717105263158,2024-06-15,0.41713247002727205,4.5,4500.0,139.62946694890658,8377.768016934395,2024-06-15T16:11:50+00:00,1520,8.8,0.151088564511246,528.0,F3AF9523-A60B-40E7-B58C-0755167AA7A1,24,208.0,68.0,38.82932295799255,50.0,0.5828675299727271,81.38548251191774,4883.128950715065,659.5726973684211,90,2024-06-15 13:52:13+00:00,58.24398443698883,3494.63906621933,Saturday,2024,2024-06-10,15.04206109639486,204.95793890360514,197.4705572325236,0.7046716852226721,0.7151306814968057,0.7422458951879399,0.5767823958425086,0.9589040041677457,z3_70_80,z3_70_80,z3_70_80,z1_under_60,lthr_z4_95_100,8079.0,3.4559970293353137,4.513101983002833,1.0,94.13333333333334,40.516666666666666,0.699096422824607,0.300903577175393,z1,40.516666666666666,0.300903577175393,16.766666666666666,0.12452036143087016,11.5,0.08540660972892684,9.716666666666667,0.07216239633618023,18.966666666666665,0.14085901720509963,37.18333333333333,0.2761480381235301,0.5643383725270624,z4,4.0,3.4559970293353137,8.8,0.15108856451124608,78.79826613476719,482.5590229830945,44.0,526.5590229830946,117.01311621846546,0.2649168984830879,126,121.0,3.417965125094396,0.8194444444444287,1.708982562547198,123.0,-4.906340560737225,-2.8999999999999773,-6.541787414316299
145.88796680497924,2024-06-17,0.425569222638488,5.3,5300.0,155.91086379885672,9354.651827931404,2024-06-17T16:26:18+00:00,1687,24.19997148513794,0.36472729399729004,1451.9982891082764,F28CA950-2077-4ECD-8AF0-3F478A58F949,25,193.0,76.0,37.557093457230984,50.0,0.574430777361511,89.559998691082,5373.59992146492,773.20622406639,106,2024-06-17 13:50:24+00:00,66.35086510777474,3981.051906466484,Monday,2024,2024-06-17,15.047536910408837,204.95246308959116,197.4667241627138,0.7013844557931694,0.7118136791613333,0.7387977261665953,0.5718489183752133,0.9544308040538911,z3_70_80,z3_70_80,z3_70_80,z1_under_60,lthr_z4_95_100,8983.0,3.6975397973950797,4.750503018108652,1.0,107.68333333333334,42.03333333333333,0.7192474674384949,0.28075253256150506,z6,42.03333333333333,0.28075253256150506,16.05,0.10720249359902037,10.466666666666667,0.0699098296782812,9.9,0.06612490259378827,19.15,0.12790827117889347,52.11666666666667,0.34810197038851165,0.5594891262764485,z4,4.0,3.6975397973950797,24.19997148513794,0.3647272939972908,87.23043296382872,576.4866237425166,120.9998574256897,697.4864811682063,131.60122286192572,0.25743791129419685,167,164.0,5.245757798765707,0.9483333333333235,2.6228788993828536,164.0,-3.4261086287550633,-0.8819444444444429,-4.568144838340085
145.0261215218626,2024-06-18,0.409683656381623,4.4,4400.0,154.4145736515522,9264.874419093132,2024-06-18T16:26:34+00:00,1761,17.74164924820264,0.280451045570739,1064.4989548921585,4914DEDC-4E03-446A-BBC9-4DA779F221F5,25,190.0,91.0,43.13258668103001,50.0,0.590316343618376,91.15344651937485,5469.206791162491,638.1149346961954,88,2024-06-18 13:52:10+00:00,63.26112713217735,3795.667627930641,Tuesday,2024,2024-06-17,15.050274817415826,204.9497251825842,197.4648076278089,0.6972409688551087,0.7076180336063527,0.7344403454169653,0.5656127362239443,0.9487924247923947,z2_60_70,z3_70_80,z3_70_80,z1_under_60,lthr_z3_90_95,9187.0,3.6206596277348426,4.517825832846289,1.0,114.06666666666666,39.05,0.7449657124197235,0.25503428758027646,z1,39.05,0.25503428758027646,14.616666666666667,0.09546097746816153,16.566666666666666,0.10819636442799609,15.216666666666667,0.09937955807118755,30.466666666666665,0.19897681506476542,37.2,0.24295199738761294,0.5533767483820042,z3,3.0,3.6206596277348426,17.74164924820264,0.2804510455707399,85.44943467008946,559.0826127540633,88.7082462410132,647.7908589950765,147.22519522615374,0.29741253664104783,119,117.0,8.076875116054683,4.521739130434781,4.038437558027342,118.0,-5.553673889848508,-0.8913043478260931,-7.40489851979801
146.4023668639053,2024-06-19,0.45846726598824306,4.25,4250.0,155.020243982474,9301.21463894844,2024-06-19T16:28:09+00:00,1690,10.616605766614278,0.14937879150927103,636.9963459968567,A02A4A12-D2AD-4B5B-A978-F17BFAB17EB5,25,198.0,84.0,50.1682640692767,50.0,0.5415327340117561,83.94853655099868,5036.912193059921,622.2100591715975,85,2024-06-19 13:53:08+00:00,71.07170743147532,4264.302445888519,Wednesday,2024,2024-06-17,15.053012724422814,204.9469872755772,197.46289109290404,0.7038575329995448,0.7143426151810116,0.7414171141403205,0.5756005870957002,0.9577961211022977,z3_70_80,z3_70_80,z3_70_80,z1_under_60,lthr_z4_95_100,9110.0,3.660812294182217,4.450042698548249,1.0,117.1,34.733333333333334,0.7712403951701426,0.2287596048298573,z6,34.733333333333334,0.2287596048298573,16.25,0.10702524698133918,21.35,0.14061470911086718,15.4,0.10142700329308452,21.65,0.14259055982436883,42.45,0.279582875960483,0.5631373536447185,z4,4.0,3.660812294182217,10.616605766614278,0.14937879150927127,87.29768995764901,567.5000150181677,53.08302883307139,620.583043851239,146.0195397297033,0.34267385933666494,135,134.0,2.3992286773875318,0.6308123249299626,1.1996143386937659,134.0,-4.693954217874839,-4.783690476190486,-6.258605623833119
133.9904761904762,2024-06-20,0.28858880057123204,1.645920043945312,1645.9200439453125,133.9921513835589,8039.529083013535,2024-06-20T02:18:02+00:00,1470,11.133285236358642,0.287915139782361,667.9971141815186,1779DA41-6C6A-4DAF-B81F-C7A0CB224486,25,182.0,69.0,70.48088586560488,22.86,0.7114111994287671,95.3235171298186,5719.411027789116,220.53761045968193,32,2024-06-20 00:04:03+00:00,38.66863425374031,2320.1180552244186,Thursday,2024,2024-06-17,15.055750631429802,204.94424936857018,197.46097455799915,0.6441849816849816,0.6537898799468568,0.6785668737349408,0.4856344247557998,0.8765948331913771,z2_60_70,z2_60_70,z2_60_70,z1_under_60,lthr_z2_85_90,7924.0,2.690938919737506,3.914093083949543,1.0,76.63333333333334,55.43333333333333,0.5802624936900556,0.4197375063099445,z1,55.43333333333333,0.4197375063099445,15.4,0.1166077738515901,16.866666666666667,0.12771327612317013,15.35,0.11622917718324079,16.95,0.12834427057041897,12.066666666666666,0.09136799596163554,0.47510976021614315,z2,2.0,2.690938919737506,11.133285236358642,0.2879151397823612,63.660978914687824,360.5646950973784,55.66642618179321,416.2311212791716,252.88659847744185,0.5260141457025028,75,74.0,7.651378767843301,5.713333333333324,3.8256893839216506,75.0,-7.023904117951714,-4.125,-9.365205490602284
136.92532669570627,2024-06-20,0.448174734635971,4.55,4550.0,155.3080701172352,9318.484207034111,2024-06-20T16:30:31+00:00,1607,13.316666668653488,0.19131725272264302,799.0000001192093,155AE422-BEC7-432D-8443-953169781B5A,25,186.0,72.0,45.89350754612095,50.0,0.5518252653640281,85.70291700561842,5142.175020337105,623.0102364654635,91,2024-06-20 13:55:12+00:00,69.60515311161677,4176.309186697006,Thursday,2024,2024-06-17,15.055750631429802,204.94424936857018,197.46097455799915,0.6582948398832033,0.6681101183252076,0.6934298131679074,0.5069100525450274,0.8957952634176013,z2_60_70,z2_60_70,z2_60_70,z1_under_60,lthr_z2_85_90,8762.0,2.992581602373887,4.027397260273973,1.0,96.11666666666666,49.916666666666664,0.6581830632275736,0.34181693677242636,z1,49.916666666666664,0.34181693677242636,18.35,0.12565624286692537,24.55,0.16811230312713993,10.266666666666667,0.07030358365669938,22.016666666666666,0.15076466560146085,20.933333333333334,0.1433462679753481,0.49592430280642746,z2,2.0,2.992581602373887,13.316666668653488,0.19131725272264358,77.02104639310161,464.7720733330317,66.58333334326744,531.3554066762991,116.78140806072508,0.33517179512093936,136,128.0,4.412871520668678,1.9597935880544526,2.206435760334339,127.0,-3.3467422889557357,-2.0338164251207616,-4.462323051940977
145.24631703005304,2024-06-21,0.39123219140804905,4.9,4900.0,147.76726548473042,8866.035929083824,2024-06-21T16:23:57+00:00,1697,20.16666667064031,0.34883600266151205,1210.0000002384186,3B9E392B-429C-4CB1-A959-EDF742EAA6F3,25,187.0,79.0,35.39468026161194,50.0,0.60876780859195,89.95595439076423,5397.357263445854,711.7069534472598,98,2024-06-21 13:56:11+00:00,57.81131109396617,3468.67866563797,Friday,2024,2024-06-17,15.058488538436793,204.9415114615632,197.45905802309426,0.6982996011060242,0.7087208247573308,0.7355768759570677,0.5672427117913379,0.9502329916913234,z2_60_70,z3_70_80,z3_70_80,z1_under_60,lthr_z4_95_100,8767.0,3.741302612067982,4.414748508098891,1.0,117.3,28.816666666666666,0.8027831641382457,0.1972168358617543,z6,28.816666666666666,0.1972168358617543,12.95,0.08862780882856165,22.066666666666666,0.15102087373103684,21.366666666666667,0.1462301813619254,25.216666666666665,0.17257898939203833,35.7,0.24432531082468348,0.5549384186528584,z4,4.0,3.741302612067982,20.16666667064031,0.34883600266151255,82.0017326367534,552.8420563361649,100.83333335320155,653.6753896893664,133.4031407529319,0.24368728230326417,151,150.0,2.6299058374035487,2.2173913043478137,1.3149529187017743,151.0,-3.6998317618358736,-2.444444444444457,-4.933109015781165
132.1293900184843,2024-06-24,0.59882112610114,5.45,5450.0,150.84926984906195,9050.956190943718,2024-06-24T16:24:45+00:00,1623,8.899998539686203,0.098525718204491,533.9999123811722,2A19419F-E2EA-477B-AA31-12B4B4AB266E,26,185.0,69.0,49.723887876633114,50.0,0.40117887389885903,60.51754020651182,3631.052412390709,720.1051756007394,109,2024-06-24 13:53:54+00:00,90.33172964255014,5419.903778553009,Monday,2024,2024-06-24,15.066702259457758,204.93329774054223,197.45330841837958,0.6352374520119437,0.644743394437384,0.6691677697216304,0.4721803298069125,0.864419202737069,z2_60_70,z2_60_70,z2_60_70,z1_under_60,lthr_z2_85_90,8687.0,2.59802002992978,3.82614006514658,1.0,81.86666666666666,62.916666666666664,0.5654426154023253,0.4345573845976747,z1,62.916666666666664,0.4345573845976747,16.1,0.11120064464141821,20.4,0.14090019569471623,19.916666666666668,0.13756187406469436,12.533333333333333,0.08656613330263613,12.916666666666666,0.08921376769886037,0.4619105675069808,z2,2.0,2.59802002992978,8.899998539686203,0.09852571820449146,69.67887184399389,391.90942456814537,44.499992698431015,436.4094172665764,80.0751224342342,0.3763272340065823,153,150.0,5.721911163264279,1.5555555555555713,2.8609555816321395,151.0,-5.570605211529855,-4.208333333333343,-7.427473615373139
141.0617944147356,2024-06-25,0.44624709519883005,4.75,4750.0,159.4636075158914,9567.816450953484,2024-06-25T16:35:43+00:00,1683,22.449999994039537,0.315485467156911,1346.9999996423721,986F0F85-717E-4B68-B7B2-9E5C31102C5A,26,185.0,79.0,44.94326630140606,50.0,0.553752904801169,88.30343587199847,5298.206152319908,670.043523469994,95,2024-06-25 13:56:15+00:00,71.16017164389292,4269.610298633575,Tuesday,2024,2024-06-24,15.069440166464746,204.93055983353526,197.45139188347468,0.6781817039169981,0.6883394771834901,0.7144127629041115,0.5369498572623704,0.9228569347636262,z2_60_70,z2_60_70,z3_70_80,z1_under_60,lthr_z3_90_95,9231.0,3.333874986458672,4.304294478527607,1.0,108.66666666666667,45.18333333333333,0.7063156754414472,0.2936843245585527,z1,45.18333333333333,0.2936843245585527,17.1,0.11114722131946701,18.1,0.11764705882352941,18.266666666666666,0.11873036507420648,25.033333333333335,0.16271259885169537,30.166666666666668,0.19607843137254902,0.5252609532959972,z3,3.0,3.333874986458672,22.449999994039537,0.3154854671569111,83.76000649981586,531.6317323476934,112.24999997019768,643.8817323178911,135.5540489090297,0.31860693739134227,116,113.0,5.8020993626719575,4.333333333333343,2.9010496813359787,114.0,-6.798399394752744,-4.155000000000001,-9.064532526336993
147.4574340527578,2024-06-26,0.5934170480559,5.25,5250.0,143.56220720012982,8613.73243200779,2024-06-26T16:17:41+00:00,1668,13.01665610273679,0.15279153197717701,780.9993661642075,22BFE5A3-196E-4085-A16B-EF5CC0D21E19,26,200.0,84.0,48.68129211948031,50.0,0.40658295194409905,58.36994599103927,3502.1967594623566,774.1515287769785,105,2024-06-26 13:54:07+00:00,85.19226120909055,5111.535672545433,Wednesday,2024,2024-06-24,15.072178073471735,204.92782192652825,197.4494753485698,0.7089299714074895,0.7195579041757687,0.7468109691982826,0.5833299832401913,0.9646986000897079,z3_70_80,z3_70_80,z3_70_80,z1_under_60,lthr_z4_95_100,8523.0,3.6517658101607413,4.740648791790798,1.0,100.7,41.35,0.708905315029919,0.29109468497008095,z6,41.35,0.29109468497008095,12.466666666666667,0.08776252493253549,13.183333333333334,0.09280769682036842,9.266666666666667,0.06523524580546756,18.866666666666667,0.13281708318667135,46.916666666666664,0.33028276428487624,0.570620099664949,z4,4.0,3.6517658101607413,13.01665610273679,0.1527915319771772,81.91948098065814,524.2555598846462,65.08328051368396,589.3388403983301,112.25501721872955,0.3301379305302638,144,142.0,4.745393257076146,0.6500000000000057,2.372696628538073,144.0,-3.5610016644082614,-2.944444444444443,-4.748002219211015
128.4498432601881,2024-06-27,0.296430833856822,1.32588003540039,1325.8800354003906,124.94151058395704,7496.490635037422,2024-06-27T02:10:22+00:00,1276,15.166666670640309,0.409505759201852,910.0000002384186,FDA95D73-4A29-4E56-ADC7-C6286F489A04,26,170.0,72.0,83.80060452727689,22.86,0.7035691661431781,87.9049944182237,5274.299665093422,170.3090827289928,26,2024-06-27 00:05:26+00:00,37.03651616573334,2222.1909699440002,Thursday,2024,2024-06-24,15.074915980478723,204.92508401952128,197.4475588136649,0.6175473233662889,0.6268136664418881,0.6505516909500446,0.4455305842082414,0.840346807679503,z2_60_70,z2_60_70,z2_60_70,z1_under_60,lthr_z1_under_85,7242.0,2.2845898922949464,3.3829405737704916,1.0,65.06666666666666,55.63333333333333,0.5390776028721348,0.46092239712786526,z1,55.63333333333333,0.46092239712786526,19.95,0.16528583264291632,17.3,0.14333057166528584,13.916666666666666,0.11529964098315383,10.75,0.08906379453189726,3.15,0.026097763048881523,0.4358144912070077,z1,1.0,2.2845898922949464,15.166666670640309,0.40950575920185234,54.45132086578221,285.4401122081703,75.83333335320154,361.2734455613719,272.47823024371456,0.6523994300057675,61,57.0,4.093836970665863,1.1666666666666714,2.0469184853329314,59.0,-1.5634540164193367,-2.3333333333333286,-2.0846053552257824
141.88730650154798,2024-06-27,0.5053190534844451,5.05,5050.0,148.4365086019039,8906.190516114235,2024-06-27T16:23:49+00:00,1615,34.43326967159907,0.459062544087704,2065.996180295944,49EC91B1-F493-4D30-A113-224771989623,26,184.00000000000003,67.0,44.5590867500494,50.0,0.49468094651555405,73.42871257265409,4405.722754359245,716.5308978328172,101,2024-06-27 13:55:23+00:00,75.00779602924983,4500.46776175499,Thursday,2024,2024-06-24,15.074915980478723,204.92508401952128,197.4475588136649,0.682150512026673,0.6923862307067871,0.718607550045477,0.5429563957412473,0.928257614353779,z2_60_70,z2_60_70,z3_70_80,z1_under_60,lthr_z3_90_95,8621.0,3.495070177473611,4.7936507936507935,1.0,94.5,49.18333333333333,0.6576963229323745,0.34230367706762554,z1,49.18333333333333,0.34230367706762554,11.983333333333333,0.0834009975640877,9.233333333333333,0.06426168657928315,8.466666666666667,0.05892587866836794,21.433333333333334,0.14917062985732513,43.38333333333333,0.30193713026331054,0.5311156489471488,z3,3.0,3.495070177473611,34.43326967159907,0.4590625440877048,78.83695259354923,518.7960144628195,172.16634835799536,690.9623628208149,136.8242302615475,0.3140456172488077,147,144.0,7.57010522240952,5.064880952380946,3.78505261120476,146.0,-2.862469959803499,-4.180555555555543,-3.8166266130713304
143.4641485275288,2024-06-28,0.407033075083776,4.8,4800.0,146.98870328267415,8819.32219696045,2024-06-28T16:21:15+00:00,1562,12.649999998013179,0.21143499306986402,758.9999998807907,C7EC0DDC-0A46-4874-95D7-FE2AD52A9A90,26,195.0,79.0,37.3932899373273,50.0,0.592966924916223,87.15943938295047,5229.566362977028,688.6279129321383,96,2024-06-28 13:54:15+00:00,59.82926389972369,3589.7558339834213,Friday,2024,2024-06-24,15.077653887485711,204.92234611251428,197.44564227876,0.689731483305427,0.7000903085930836,0.7266007336084004,0.5543999988598721,0.9385736577923354,z2_60_70,z3_70_80,z3_70_80,z1_under_60,lthr_z3_90_95,8535.0,3.4212067955477448,4.421357615894039,1.0,100.66666666666667,41.583333333333336,0.7076742823667252,0.29232571763327475,z1,41.583333333333336,0.29232571763327475,19.333333333333332,0.13591095489162272,14.033333333333333,0.09865260691271235,9.3,0.06537785588752197,20.883333333333333,0.14680726420620974,37.11666666666667,0.2609256004686585,0.5422989257271547,z3,3.0,3.4212067955477448,12.649999998013179,0.2114349930698646,79.71181588422168,502.8787505394359,63.249999990065895,566.1287505295018,117.9434896936462,0.26064553633169224,142,140.0,5.810910274628433,0.7648809523809632,2.9054551373142163,140.0,-3.5290517250842655,1.1111111111111143,-4.705402300112355
141.55391553915538,2024-06-30,0.24541688122749403,1.691640045166015,1691.6400451660156,205.23619288404782,12314.17157304287,2024-07-01T02:36:52+00:00,2439,28.97274593114853,0.5752164206365811,1738.3647558689117,EF8C2AEC-5D0A-45EF-B223-90B0830642A6,26,186.0,81.0,89.32472339468255,22.86,0.7545831187725051,154.86776651144027,9292.065990686417,239.45827207608318,33,2024-06-30 23:11:38+00:00,50.36842637260755,3022.105582356453,Sunday,2024,2024-06-24,15.083129701499688,204.9168702985003,197.44180920895022,0.680547670861324,0.6907870266267255,0.7169399232426534,0.5405713991174151,0.9260764981776516,z2_60_70,z2_60_70,z3_70_80,z1_under_60,lthr_z3_90_95,12289.0,3.3077549027585644,4.151461273474831,1.0,149.98333333333332,54.833333333333336,0.7322809016193343,0.26771909838066565,z1,54.833333333333336,0.26771909838066565,27.333333333333332,0.13345268125966311,30.016666666666666,0.1465538286272276,25.933333333333334,0.12661730002441207,26.0,0.12694279436894784,40.7,0.19871429733908375,0.528751174036563,z3,3.0,3.3077549027585644,28.97274593114853,0.5752164206365818,108.5188779422348,678.8710232357116,144.86372965574265,823.7347528914543,486.944462709627,0.6310296896730797,72,71.0,5.646540424262408,5.1200000000000045,2.823270212131204,72.0,-8.425744522519883,-6.479770531400959,-11.23432603002651
143.06407322654462,2024-07-01,0.523695937566467,4.7,4700.0,153.26941578388215,9196.164947032928,2024-07-01T16:29:03+00:00,1748,25.033328245083492,0.311877387068869,1501.9996947050095,7C707B5C-8F24-441D-80A1-E19C71485904,27,192.0,82.0,51.23398110587546,50.0,0.476304062433532,73.00284538467726,4380.170723080635,672.4011441647597,94,2024-07-01 13:55:46+00:00,80.2665703992049,4815.994223952293,Monday,2024,2024-07-01,15.085867608506677,204.91413239149333,197.43989267404532,0.6878080443583876,0.6981659661873263,0.7245955783754904,0.5515321157270777,0.9359562781717744,z2_60_70,z2_60_70,z3_70_80,z1_under_60,lthr_z3_90_95,9095.0,3.417152281473337,4.529865125240848,1.0,103.8,47.78333333333333,0.6847718526663001,0.31522814733369986,z1,47.78333333333333,0.31522814733369986,13.816666666666666,0.09114898295766904,14.55,0.0959868059373282,16.216666666666665,0.10698185816382628,21.25,0.14018691588785046,37.96666666666667,0.2504672897196262,0.5394615122449973,z3,3.0,3.417152281473337,25.033328245083492,0.3118773870688695,82.68295081968031,523.7449338259784,125.16664122541746,648.9115750513959,138.06629256412677,0.35811912767746723,144,141.0,2.4593636481681314,1.7361111111111143,1.2296818240840657,143.0,-4.380415925636437,-3.0,-5.84055456751525
145.59682977257063,2024-07-02,0.49617146556630704,5.75,5750.0,128.5298521320025,7711.791127920151,2024-07-02T16:16:44+00:00,1451,19.833333339293798,0.31099966306618304,1190.0000003576279,18C066F7-3EFE-49E2-805D-6CA80002AE1E,27,187.0,83.0,33.27278874853383,50.0,0.503828534433692,64.75700703064601,3885.4204218387604,837.1817711922812,115,2024-07-02 14:08:12+00:00,63.77284510135651,3826.3707060813904,Tuesday,2024,2024-07-01,15.088605515513665,204.91139448448632,197.43797613914043,0.6999847585219742,0.7105355470292973,0.7374307244213454,0.5699081650676224,0.9525261222763798,z2_60_70,z3_70_80,z3_70_80,z1_under_60,lthr_z4_95_100,7582.0,3.6404642574518595,4.54148239872634,1.0,94.21666666666667,32.15,0.7455816407280401,0.2544183592719599,z6,32.15,0.2544183592719599,14.166666666666666,0.11210762331838565,13.066666666666666,0.10340279609601688,7.983333333333333,0.06317594302294909,25.583333333333332,0.20245317858084938,33.416666666666664,0.2644420997098391,0.5574243246281605,z4,4.0,3.6404642574518595,19.833333339293798,0.3109996630661837,71.64566601923883,467.9083327021278,99.166666696469,567.0749993985968,98.62173902584291,0.22852687658452145,135,133.0,2.997224188096034,0.06280193236713671,1.498612094048017,130.0,-3.1430128367093624,-3.3646961606915937,-4.19068378227915
134.19289044289044,2024-07-03,0.35372506442873203,4.85,4850.0,154.0056363840898,9240.338183045387,2024-07-03T16:33:09+00:00,1716,10.499999998013179,0.192746654588516,629.9999998807907,D09F7102-2A32-4F31-9F26-F33403679ACA,27,197.0,75.0,33.6962806097011,50.0,0.646274935571267,99.52998273173968,5971.798963904381,650.8355186480187,97,2024-07-03 13:59:09+00:00,54.47565365235011,3268.5392191410065,Wednesday,2024,2024-07-01,15.091343422520653,204.90865657747935,197.43605960423554,0.645158127129281,0.6548912705020341,0.6796777180008694,0.48722750341013127,0.8779190712482551,z2_60_70,z2_60_70,z2_60_70,z1_under_60,lthr_z2_85_90,8987.0,2.7965950817848,4.118794668727062,1.0,86.28333333333333,63.5,0.5760543006565039,0.4239456993434962,z1,63.5,0.4239456993434962,14.916666666666666,0.09958829420273729,19.8,0.13219094247246022,14.0,0.0934683431623456,15.25,0.1018137309446979,22.316666666666666,0.14899298987426282,0.4765453222900031,z2,2.0,2.7965950817848,10.499999998013179,0.1927466545885164,73.39066562513311,430.6914052788838,52.499999990065895,483.19140526894967,99.62709386988654,0.25110332222884413,130,127.0,6.517463591964358,6.038647342995176,3.258731795982179,126.0,-7.2786144302540166,-6.458333333333343,-9.70481924033869
158.50792644261256,2024-07-05,0.523669736466277,4.1,4100.0,136.827622650067,8209.65735900402,2024-07-05T18:10:58+00:00,1577,17.450000005960465,0.24353656377659602,1047.0000003576279,4B38A659-8616-4FFA-AFB9-47ABA860A04E,27,205.0,100.0,52.42864763009839,50.0,0.47633026353372204,65.1751375555992,3910.5082533359528,649.8824984147114,82,2024-07-05 15:54:08+00:00,71.65248509446779,4299.149105668068,Friday,2024,2024-07-01,15.09681923653463,204.90318076346537,197.43222653442575,0.7620573386664066,0.7735747480932947,0.8028472819505682,0.6635664669661899,1.0369933243759093,z3_70_80,z3_70_80,z4_80_90,z2_60_70,lthr_z5_100_106,8159.0,4.411815173428116,4.859281852211285,1.0,120.21666666666667,15.766666666666667,0.8840544184336315,0.11594558156636843,z6,15.766666666666667,0.11594558156636843,12.25,0.09008456918740042,12.616666666666667,0.0927809780610369,15.916666666666666,0.11704865792376516,18.45,0.135678391959799,60.983333333333334,0.4484618213016301,0.6489923861178195,z5,5.0,4.411815173428116,17.450000005960465,0.24353656377659622,88.8000853104956,603.6581817516623,87.25000002980232,690.9081817814646,168.514190678406,0.33076357004190615,127,125.0,6.2665439242374745,4.916666666666686,3.1332719621187373,127.0,-6.62179501798765,-3.666666666666657,-8.829060023983539
152.92065344224036,2024-07-06,0.35973575466419605,4.2,4200.0,147.17312378485997,8830.387427091599,2024-07-06T16:48:08+00:00,1714,12.866666664679846,0.24302667035460102,771.9999998807907,1B3E6891-6991-48A7-B8A9-2D3A285492A4,27,203.0,97.0,37.816739107881276,50.0,0.6402642453358031,94.22968903382619,5653.7813420295715,642.2667444574095,84,2024-07-06 14:20:58+00:00,52.943434751033784,3176.606085062027,Saturday,2024,2024-07-01,15.099557143541618,204.90044285645837,197.43030999952086,0.7351954492415402,0.7463168517862497,0.774555099683587,0.6230629261406784,1.0004401693830616,z3_70_80,z3_70_80,z3_70_80,z2_60_70,lthr_z5_100_106,8705.0,4.111545089029294,4.67516960651289,1.0,122.83333333333333,22.25,0.8466398621481906,0.1533601378518093,z6,22.25,0.1533601378518093,9.716666666666667,0.06697300402067777,21.483333333333334,0.14807581849511775,19.116666666666667,0.13176335439402642,21.183333333333334,0.1460080413555428,51.333333333333336,0.35381964388282594,0.6093663364697898,z5,5.0,4.111545089029294,12.866666664679846,0.2430266703546016,89.682347267595,605.1089343347413,64.33333332339923,669.4422676581405,159.39101610908108,0.24729647864187965,121,119.0,2.846670101366946,0.11111111111111427,1.423335050683473,118.0,-3.343732154264158,-1.840833333333336,-4.458309539018877
150.8454332552693,2024-07-08,0.38904465583373404,4.1,4100.0,146.9805653333664,8818.833920001984,2024-07-08T16:21:49+00:00,1708,17.133333337306976,0.29962807006193404,1028.0000002384186,D016FBF6-7B4F-461E-B668-CD929D22207E,28,200.0,91.0,41.840490332463894,50.0,0.6109553441662651,89.79856187899908,5387.9137127399445,618.4662763466042,82,2024-07-08 13:54:50+00:00,57.18200345436732,3430.920207262039,Monday,2024,2024-07-08,15.105032957555597,204.8949670424444,197.42647692971107,0.7252184291118717,0.7362085825369317,0.7640587807732303,0.6080383864152308,0.9868636276365627,z3_70_80,z3_70_80,z3_70_80,z2_60_70,lthr_z4_95_100,8725.0,3.8931805157593122,4.612852440246171,1.0,116.45,28.966666666666665,0.8008022922636103,0.19919770773638967,z6,28.966666666666665,0.19919770773638967,15.733333333333333,0.1081948424068768,18.683333333333334,0.1284813753581662,13.933333333333334,0.09581661891117478,14.683333333333334,0.10097421203438395,53.416666666666664,0.3673352435530086,0.5946484628033285,z4,4.0,3.8931805157593122,17.133333337306976,0.2996280700619349,87.40176723745053,572.2218731511507,85.66666668653488,657.8885398376856,160.46061947260625,0.277373265000731,124,121.0,3.8197533520099056,1.2173913043478137,1.9098766760049528,122.0,-5.49746573703855,-4.069444444444457,-7.329954316051401
150.39541547277938,2024-07-09,0.46707519706447603,4.45,4450.0,120.37509071826935,7222.505443096161,2024-07-09T15:56:30+00:00,1396,14.166653935114542,0.251967108337449,849.9992361068726,00DB6A7D-24FC-4F4E-AEA1-BB01D0B0CB67,28,192.0,89.0,37.903968012734744,50.0,0.532924802935523,64.15087149937948,3849.0522899627686,669.2595988538682,89,2024-07-09 13:56:08+00:00,56.22421921888987,3373.4531531333923,Tuesday,2024,2024-07-08,15.107770864562585,204.89222913543742,197.42456039480618,0.72305488208067,0.7340220568998023,0.76178675627805,0.604786912182474,0.9839195134413558,z3_70_80,z3_70_80,z3_70_80,z2_60_70,lthr_z4_95_100,7159.0,4.026120966615449,4.6465241541827975,1.0,99.01666666666667,20.3,0.829864506215952,0.17013549378404805,z6,20.3,0.17013549378404805,10.05,0.08422964101131443,12.7,0.10643944685011873,15.866666666666667,0.13297946640592262,23.983333333333334,0.20100572705685152,36.416666666666664,0.30521022489174465,0.5914568473246764,z4,4.0,4.026120966615449,14.166653935114542,0.2519671083374496,71.1966716526495,484.6446765990609,70.83326967557271,555.4779462746336,124.82650478081653,0.25202874631238426,134,132.0,3.029255389842033,-0.2541666666666771,1.5146276949210165,133.0,-5.872172986231417,-4.833333333333343,-7.829563981641891
144.2997256515775,2024-07-10,0.324138781263122,2.19456005859375,2194.56005859375,127.64516549905142,7658.709929943085,2024-07-10T16:08:31+00:00,1458,22.933333333333334,0.5542833305779731,1376.0,F9EDB09B-C78B-48D1-8EB3-E4EB052B2818,28,189.0,79.0,56.559967293177515,22.86,0.6758612187368771,86.27041712005934,5176.22502720356,316.6744143809879,43,2024-07-10 14:00:53+00:00,41.37474837899208,2482.484902739525,Wednesday,2024,2024-07-08,15.110508771569574,204.88949122843042,197.4226438599013,0.6937486810171994,0.7042807553789977,0.7309178057304212,0.5605918548464383,0.94404018504486,z2_60_70,z3_70_80,z3_70_80,z1_under_60,lthr_z3_90_95,7552.0,3.467425847457627,4.604255319148936,1.0,86.16666666666667,39.7,0.6845868644067796,0.3154131355932203,z1,39.7,0.3154131355932203,11.666666666666666,0.0926906779661017,12.9,0.10248940677966102,9.583333333333334,0.07613877118644068,15.733333333333333,0.125,36.28333333333333,0.2882680084745763,0.5482250046211169,z3,3.0,3.467425847457627,22.933333333333334,0.5542833305779733,69.97827144558069,442.6001461544174,114.66666666666667,557.266812821084,253.93099206324501,0.39196171051458406,66,65.0,4.813573133123138,3.884444444444455,2.406786566561569,66.0,-6.721080688039643,-3.154545454545456,-8.96144091738619
143.5849315068493,2024-07-16,0.5217532964653231,3.589020095825195,3589.0200958251953,132.84334596792857,7970.600758075714,2024-07-16T16:13:57+00:00,1460,17.06658516526222,0.24623037407300902,1023.9951099157333,864D7E9B-A7BB-45F9-B995-0BE6014E4D21,29,187.0,66.0,57.936248743388994,22.86,0.478246703534676,63.53189229567845,3811.9135377407074,515.3292046357664,71,2024-07-16 14:01:07+00:00,69.31145367225011,4158.687220335007,Tuesday,2024,2024-07-15,15.126936213611504,204.87306378638849,197.41114465047195,0.6903121707060063,0.7008482660100137,0.7273395418535,0.5554742123197102,0.9393638463088633,z2_60_70,z3_70_80,z3_70_80,z1_under_60,lthr_z3_90_95,7828.0,3.7161471640265713,4.644497771683236,1.0,97.23333333333333,33.233333333333334,0.7452733776188043,0.2547266223811957,z1,33.233333333333334,0.2547266223811957,7.25,0.055569749616760346,13.066666666666666,0.10015329586101175,16.333333333333332,0.1251916198262647,30.933333333333334,0.23709759836484415,29.65,0.22726111394992335,0.5431555426017681,z3,3.0,3.7161471640265713,17.06658516526222,0.24623037407300963,72.15459966024464,493.6654233785184,85.33292582631111,578.9983492048295,161.32491146492313,0.4034981117821915,134,133.0,1.2698214285623004,-1.0869565217391255,0.6349107142811502,134.0,-0.25329621456710083,-1.998245614035099,-0.3377282860894677
137.14243146603098,2024-07-17,0.37437086854537605,3.840480102539062,3840.4801025390625,149.8977758506934,8993.866551041603,2024-07-17T16:30:28+00:00,1678,12.6,0.224529448269632,756.0,1BA8445E-3C84-4134-AA9B-B11B41F04059,29,186.0,68.0,43.83620722404729,22.86,0.6256291314546231,93.78041531244914,5626.824918746948,526.6927792591191,76,2024-07-17 14:00:34+00:00,56.11736053824425,3367.041632294655,Wednesday,2024,2024-07-15,15.129674120618493,204.8703258793815,197.40922811556706,0.6593386128174566,0.6694109109133468,0.6947113505035603,0.5087565509012899,0.8972156100372917,z2_60_70,z2_60_70,z2_60_70,z1_under_60,lthr_z2_85_90,8869.0,3.2524523621603336,4.4640194208427255,1.0,96.11666666666666,51.7,0.6502424174089525,0.34975758259104744,z1,51.7,0.34975758259104744,12.5,0.08456421242530161,15.733333333333333,0.1064381553726463,10.3,0.06968091103844853,29.833333333333332,0.2018265869883865,27.75,0.18773255158416957,0.4974640529505744,z2,2.0,3.2524523621603336,12.6,0.22452944826963198,74.56875510296267,487.53537514816793,63.0,550.535375148168,143.3506646172159,0.31964000313721397,97,95.0,2.2932765299648903,0.40571428571428214,1.1466382649824451,96.0,-1.9618885543526225,-1.8914141414141312,-2.6158514058034963
132.2624584717608,2024-07-18,0.44903362898312804,2.9718000793457033,2971.800079345703,131.9994470834732,7919.966825008392,2024-07-18T16:14:12+00:00,1505,9.61666667064031,0.162245844962634,577.0000002384186,D1FD3986-2742-49D8-88DB-5E1E8C49E6AC,29,183.0,64.0,59.83463473159502,22.86,0.5509663710168711,72.7272563358148,4363.635380148888,393.0575845808365,59,2024-07-18 14:02:12+00:00,59.272190747658414,3556.3314448595047,Thursday,2024,2024-07-15,15.132412027625481,204.8675879723745,197.40731158066217,0.6358772041911577,0.6455997250750851,0.6699977696505801,0.47337056832268576,0.8652897654958513,z2_60_70,z2_60_70,z2_60_70,z1_under_60,lthr_z2_85_90,7770.0,2.662934362934363,3.8636968085106385,1.0,75.2,54.3,0.5806949806949807,0.4193050193050193,z1,54.3,0.4193050193050193,15.8,0.122007722007722,17.316666666666666,0.1337194337194337,14.6,0.11274131274131274,16.3,0.12586872586872586,11.183333333333334,0.08635778635778636,0.46285431540255884,z2,2.0,2.662934362934363,9.61666667064031,0.1622458449626349,61.09651371333728,351.50586352691687,48.08333335320155,399.58919688011844,134.46032243464217,0.452393184150363,126,123.0,1.8964459822534634,-0.04166666666665719,0.9482229911267317,120.0,-3.513818813183918,-1.4444444444444287,-4.685091750911891
140.6425260718424,2024-07-22,0.42942891280357903,3.8633401031494143,3863.340103149414,147.38325265049934,8842.99515902996,2024-07-22T16:28:08+00:00,1726,10.499970356623331,0.165900866601044,629.9982213973999,2E274972-67BC-44AA-B225-90A291818310,30,184.00000000000003,93.0,49.14708122608542,22.86,0.57057108719642,84.09262269934018,5045.557361960411,543.3499111815859,77,2024-07-22 14:00:45+00:00,63.29062995115916,3797.4377970695496,Monday,2024,2024-07-22,15.143363655653435,204.85663634434655,197.3996454410426,0.6761659907300116,0.6865412250322919,0.7124760825056707,0.5341964523774808,0.9201139900891224,z2_60_70,z2_60_70,z3_70_80,z1_under_60,lthr_z3_90_95,8827.0,3.2413050866659114,4.224250325945241,1.0,102.26666666666667,44.85,0.695139911634757,0.30486008836524303,z1,44.85,0.30486008836524303,13.9,0.09448283675087799,18.033333333333335,0.12257845247535969,17.533333333333335,0.11917978928288207,36.833333333333336,0.2503681885125184,15.966666666666667,0.10853064461311884,0.5222874189492369,z3,3.0,3.2413050866659114,10.499970356623331,0.16590086660104456,76.97641862317258,477.7140865054307,52.499851783116654,530.2139382885474,137.24236648394336,0.3494468038847675,112,111.0,3.4271471728794385,0.4299516908212411,1.7135735864397192,112.0,-6.204492075668422,-2.806763285024161,-8.27265610089123
138.41338854382332,2024-07-23,0.496176532039216,3.108960083007812,3108.9600830078125,130.14947788317997,7808.968672990799,2024-07-23T16:09:33+00:00,1449,17.549999998013178,0.27176809567694504,1052.9999998807907,750E591F-EF20-42D5-8C1B-1988007ECDD8,30,180.0,84.0,62.31387492146396,22.86,0.503823467960783,65.57236130038898,3934.3416780233383,430.32169993659755,62,2024-07-23 13:59:24+00:00,64.577116582791,3874.6269949674606,Tuesday,2024,2024-07-22,15.146101562660425,204.85389843733958,197.3977289061377,0.6654489833837659,0.6756688039605993,0.7011903800050235,0.5180367719254869,0.9055304876261808,z2_60_70,z2_60_70,z3_70_80,z1_under_60,lthr_z3_90_95,7594.0,2.9079536476165395,4.0343455497382195,1.0,79.58333333333333,46.983333333333334,0.6287858835923097,0.3712141164076903,z1,46.983333333333334,0.3712141164076903,16.283333333333335,0.1286542006847511,15.283333333333333,0.12075322623123519,13.416666666666666,0.10600474058467212,18.616666666666667,0.14708980774295496,15.983333333333333,0.12628390834869635,0.5064779329349172,z3,3.0,2.9079536476165395,17.549999998013178,0.271768095676945,65.91783853083172,378.46864894578135,87.74999999006589,466.2186489358472,149.9596767047574,0.4502012094136013,128,127.0,1.7082103126437247,1.7304347826086826,0.8541051563218623,126.0,-1.5125533650731566,1.0097222222222086,-2.0167378200975414
130.40806184428493,2024-07-24,0.41794917543007304,2.446020065307617,2446.020065307617,163.214596982797,9792.87581896782,2024-07-24T16:45:26+00:00,1811,16.666666668653487,0.24432408440352302,1000.0000001192093,C1A852AB-42C2-4714-89F5-847CA3B595CB,30,181.0,66.0,83.66497952485057,22.86,0.5820508245699261,94.99919075568518,5699.95144534111,318.9807359489976,48,2024-07-24 14:02:13+00:00,68.21540622711181,4092.924373626709,Wednesday,2024,2024-07-22,15.148839469667413,204.85116053033258,197.3958123712328,0.6269618357898314,0.6365990873894768,0.6606424942745632,0.4599748134172052,0.8531578994964946,z2_60_70,z2_60_70,z2_60_70,z1_under_60,lthr_z2_85_90,9557.0,2.733389138851104,4.068345989998148,1.0,89.98333333333333,69.3,0.5649262320811971,0.435073767918803,z1,69.3,0.435073767918803,14.8,0.09291618708799833,19.466666666666665,0.12221408391754734,16.916666666666668,0.1062048760071152,22.383333333333333,0.14052526943601548,16.416666666666668,0.10306581563252067,0.44970256627152433,z2,2.0,2.733389138851104,16.666666668653487,0.24432408440352318,73.3980231161364,446.1290066947374,83.33333334326744,529.4623400380049,216.4587067569368,0.6415629397571416,111,106.0,4.170681050877556,5.06388888888889,2.085340525438778,110.0,-1.8480490386211934,-2.7783040935672645,-2.4640653848282574
136.56140350877192,2024-07-25,0.465584174148972,3.2461200866699222,3246.120086669922,133.29615846673647,7997.7695080041885,2024-07-25T16:12:54+00:00,1425,19.683333335320153,0.317163209663184,1181.0000001192093,708D60AE-1851-449B-9BD6-5169BEE785D4,30,177.0,74.0,57.35516265570298,22.86,0.5344158258510271,71.23557660977046,4274.134596586227,443.2947149936609,64,2024-07-25 13:59:36+00:00,62.06058185696602,3723.634911417961,Thursday,2024,2024-07-22,15.151577376674402,204.8484226233256,197.3938958363279,0.656545209176788,0.6666461072042543,0.6918218161214258,0.5046224119578812,0.8934143987888967,z2_60_70,z2_60_70,z2_60_70,z1_under_60,lthr_z2_85_90,7764.0,2.873261205564142,3.9870609981515712,1.0,81.15,48.25,0.6271251931993818,0.37287480680061824,z1,48.25,0.37287480680061824,12.75,0.09853168469860897,20.433333333333334,0.157908294693457,16.516666666666666,0.12764039155074705,18.016666666666666,0.13923235445646573,13.433333333333334,0.10381246780010304,0.4933432872962547,z2,2.0,2.873261205564142,19.683333335320153,0.3171632096631848,65.76076500194226,382.99468097320414,98.41666667660077,481.4113476498049,148.30361625458764,0.4199954099916586,108,104.0,1.6169457149448547,-0.914285714285711,0.8084728574724274,108.0,-0.23958081929700278,-1.62777777777778,-0.31944109239600355
140.38079470198676,2024-07-26,0.23474515260523102,1.7602200469970701,1760.2200469970703,108.85974046587944,6531.584427952766,2024-07-26T15:52:41+00:00,1208,7.450000001986821,0.291536103706559,447.0000001192093,84395543-F0ED-4922-9F68-22A8CB549DF4,30,191.0,87.0,43.55301446286381,22.86,0.765254847394768,83.3054440776507,4998.326644659042,247.10108904781723,35,2024-07-26 14:03:49+00:00,25.554296388228735,1533.257783293724,Friday,2024,2024-07-22,15.15431528368139,204.8456847163186,197.39197930142302,0.6749076668364749,0.6853002292745082,0.7111778056980795,0.5323401661285354,0.9184016865506723,z2_60_70,z2_60_70,z3_70_80,z1_under_60,lthr_z3_90_95,6438.0,3.061975768872321,4.1103561387066545,1.0,71.13333333333334,36.166666666666664,0.6629388008698354,0.33706119913016463,z1,36.166666666666664,0.33706119913016463,12.8,0.11929170549860205,12.4,0.11556383970177074,13.733333333333333,0.12799005902454177,18.55,0.17287977632805218,13.65,0.12721342031686858,0.5204311680991969,z3,3.0,3.061975768872321,7.4500000019868216,0.2915361037065599,56.654001889633044,333.3258875122525,37.250000009934105,370.57588752218663,210.52815990500048,0.3102490946523144,66,65.0,8.668062737474905,7.083333333333343,4.3340313687374525,64.0,-7.8893840070439785,-8.127777777777766,-10.51917867605864
101.28934010152284,2024-08-04,0.98315802894085,0.249147171020507,249.1471710205078,44.00361031293869,2640.2166187763214,2024-08-04T03:14:39+00:00,394,1.450000001986821,0.033516322652631006,87.00000011920929,EB006D25-A706-4C2B-B5AF-55FBBD5725DD,31,144.0,72.0,520.9270802194546,,0.016841971059149002,0.7411075313886001,44.46645188331604,25.23595254082849,4,2024-08-04 02:30:39+00:00,43.26250278155009,2595.7501668930054,Sunday,2024,2024-07-29,15.178956446744285,204.82104355325572,197.374730487279,0.4869679812573213,0.49452604256059507,0.5131829178510318,0.2487961142760686,0.6626568896145926,z1_under_60,z1_under_60,z1_under_60,z1_under_60,lthr_z1_under_85,2447.0,1.0445443400081733,2.1847826086956523,1.0,1.5333333333333334,39.25,0.03759705762157744,0.9624029423784226,z1,39.25,0.9624029423784226,1.25,0.03064977523498161,0.2833333333333333,0.006947282386595832,0.0,0.0,0.0,0.0,0.0,0.0,0.24318680923065844,z1,1.0,1.0445443400081733,1.4500000019868216,0.033516322652631984,10.701097586632855,45.963722092305396,7.250000009934108,53.2137221022395,213.5834891653638,5.142960549425307,0,0.0,,,,0.0,,,
129.53370786516854,2024-08-04,0.9998202286648101,0.395528747558593,395.52874755859375,51.073863883813225,3064.4318330287933,2024-08-04T23:44:05+00:00,534,2.624999998013178,0.051405391779044005,157.4999998807907,B333FA3A-8129-4041-A7FA-612405FCAAAA,31,174.0,96.0,387.3145700455931,,0.00017977133518900002,0.009181616703669,0.550897002220153,51.23430523853088,7,2024-08-04 22:53:01+00:00,51.06468226710955,3063.880936026573,Sunday,2024,2024-07-29,15.178956446744285,204.82104355325572,197.374730487279,0.6227582108902333,0.6324238252964879,0.6562831399205741,0.45373120281885515,0.847437685625591,z2_60_70,z2_60_70,z2_60_70,z1_under_60,lthr_z1_under_85,2960.0,2.0023648648648646,3.2460257380772144,1.0,22.016666666666666,27.316666666666666,0.4462837837837838,0.5537162162162163,z1,27.316666666666666,0.5537162162162163,7.516666666666667,0.15236486486486486,6.55,0.13277027027027027,4.45,0.0902027027027027,2.0166666666666666,0.04087837837837838,1.4833333333333334,0.03006756756756757,0.44350147422105346,z1,1.0,2.0023648648648646,2.6249999980131786,0.05140539177904422,22.651333926636585,102.26851055383815,13.124999990065893,115.39351054390404,291.7449395427568,2.9900678088266286,1,0.0,,,,0.0,,,
98.75717017208413,2024-08-05,0.9999445613106941,1.5042489013671871,1504.2489013671875,167.67112736701966,10060.26764202118,2024-08-06T02:36:23+00:00,1569,2.066666668653488,0.012326399188412001,124.00000011920929,EC43F573-9940-4AAF-89CC-A09703B5CD15,32,156.0,61.0,334.37650859594885,,5.5438689305807644e-05,0.009295467535654,0.557728052139282,148.55536473348994,30,2024-08-05 23:48:43+00:00,167.66183189948399,10059.70991396904,Monday,2024,2024-08-05,15.181694353751274,204.81830564624872,197.37281395237412,0.4747940873657891,0.4821696471928259,0.5003585255460469,0.23042780872374286,0.6460908832832686,z1_under_60,z1_under_60,z1_under_60,z1_under_60,lthr_z1_under_85,8911.0,1.115363034451801,2.454031117397454,1.0,11.783333333333333,136.73333333333332,0.0793401413982718,0.9206598586017282,z1,136.73333333333332,0.9206598586017282,7.683333333333334,0.05173381214229604,3.2666666666666666,0.02199528672427337,0.4166666666666667,0.0028055212658511953,0.4166666666666667,0.0028055212658511953,0.0,0.0,0.2252281572488236,z1,1.0,1.115363034451801,2.0666666686534882,0.012326399188412118,37.76425904070664,187.01417741003348,10.33333334326744,197.34751075330092,131.19338865658136,3.3858453822977976,1,0.0,,,,0.0,,,
97.06900328587075,2024-08-07,0.99989240143847,0.743419921875,743.419921875,88.6003314336141,5316.019886016846,2024-08-07T02:38:04+00:00,913,2.8666666666666663,0.032358514947732,172.0,5004EEEC-5442-49E7-8D30-25DBFCD83F3C,32,159.0,66.0,357.4996938821474,,0.00010759856152900001,0.009533268213272,0.571996092796325,72.16303083926616,14,2024-08-07 01:09:28+00:00,88.59079816540083,5315.447889924049,Wednesday,2024,2024-08-05,15.187170167765252,204.81282983223474,197.36898088256433,0.46667790041284013,0.4739400523169443,0.4918148882960862,0.21818725674870032,0.6350465284000474,z1_under_60,z1_under_60,z1_under_60,z1_under_60,lthr_z1_under_85,4926.0,1.210109622411693,2.9418386491557222,1.0,8.883333333333333,73.21666666666667,0.10820138043036946,0.8917986195696306,z1,73.21666666666667,0.8917986195696306,3.6333333333333333,0.04425497360941941,2.716666666666667,0.03308972797401543,1.95,0.023751522533495738,0.5833333333333334,0.007105156313438896,0.0,0.0,0.21325534245298405,z1,1.0,1.210109622411693,2.8666666666666667,0.0323585149477324,18.89449402132326,107.21611361668161,14.333333333333334,121.54944695001494,163.50038971709517,3.682943903619794,1,0.0,,,,0.0,,,
108.3529411764706,2024-08-08,0.9998060180282341,0.5976086425781251,597.608642578125,42.606276800235115,2556.3766080141068,2024-08-08T01:55:48+00:00,391,1.733333333333333,0.040690474835805006,104.0,B6AC94AC-41F2-44ED-BDF6-D4D89FEDF134,32,146.0,73.0,213.84234890018172,,0.000193981971765,0.008264849583307001,0.49589097499847407,64.75265409581802,11,2024-08-08 01:13:11+00:00,42.5980119506518,2555.8807170391083,Thursday,2024,2024-08-05,15.18990807477224,204.81009192522777,197.36706434765944,0.5209276018099548,0.5290410260448893,0.5489920090497387,0.3000719366685253,0.7088685039178514,z1_under_60,z1_under_60,z1_under_60,z1_under_60,lthr_z1_under_85,2326.0,1.080395528804815,2.2550335570469797,1.0,2.4833333333333334,36.28333333333333,0.06405846947549441,0.9359415305245056,z1,36.28333333333333,0.9359415305245056,1.9333333333333333,0.04987102321582115,0.4666666666666667,0.012037833190025795,0.08333333333333333,0.0021496130696474634,0.0,0.0,0.0,0.0,0.29328327075511057,z1,1.0,1.080395528804815,1.7333333333333334,0.04069047483580537,12.495708214670541,46.03163095399434,8.666666666666668,54.69829762066101,91.52862546413111,1.97357216683121,1,0.0,,,,0.0,,,
115.29896907216495,2024-08-09,0.999825747486171,0.5554638671875001,555.4638671875,48.47746000091235,2908.647600054741,2024-08-09T02:13:36+00:00,485,2.9666666666666672,0.06120749118931901,178.0,DC7CBDB5-86F7-4025-B3A2-C332006B0CEF,32,158.0,76.0,261.7758717253278,,0.00017425251382800002,0.008447319269180001,0.5068391561508171,64.0444112435567,11,2024-08-09 01:25:07+00:00,48.46901268164317,2908.14076089859,Friday,2024,2024-08-05,15.19264598177923,204.80735401822076,197.36514781275454,0.5543219666931007,0.5629630323816758,0.5841911317673578,0.35048179697129156,0.7543109289146336,z1_under_60,z1_under_60,z1_under_60,z1_under_60,lthr_z1_under_85,2786.0,1.4156496769562097,2.8065522620904835,1.0,10.683333333333334,35.75,0.2300789662598708,0.7699210337401292,z1,35.75,0.7699210337401292,5.0,0.10768126346015794,3.283333333333333,0.07071069633883705,1.8666666666666667,0.04020100502512563,0.5333333333333333,0.01148600143575018,0.0,0.0,0.34254587994443225,z1,1.0,1.4156496769562097,2.966666666666667,0.06120749118931903,16.605754193483538,68.62710058994915,14.833333333333334,83.46043392328248,150.2535787716862,2.270409474012589,1,0.0,,,,0.0,,,
115.79461279461279,2024-08-09,0.9997018029226441,0.53103173828125,531.03173828125,32.06861259937286,1924.1167559623718,2024-08-10T00:04:46+00:00,297,3.366666668653488,0.105014549283579,202.0000001192093,57B409F1-E572-4893-8C30-20D60B25A753,32,158.0,75.0,181.1137500175638,,0.000298197077355,0.009562766551971,0.573765993118286,61.490614515927504,10,2024-08-09 23:32:42+00:00,32.05904983282089,1923.5429899692535,Friday,2024,2024-08-05,15.19264598177923,204.80735401822076,197.36514781275454,0.5567048692048692,0.5653830808453835,0.586702434942922,0.35407843900813313,0.7575535379309929,z1_under_60,z1_under_60,z1_under_60,z1_under_60,lthr_z1_under_85,1687.0,1.5666864256075874,2.767097966728281,1.0,9.016666666666667,19.1,0.3206876111440427,0.6793123888559573,z1,19.1,0.6793123888559573,3.6666666666666665,0.13040901007705988,4.183333333333334,0.14878482513337285,0.7666666666666667,0.027267338470657973,0.4,0.014226437462951986,0.0,0.0,0.3460610836497361,z1,1.0,1.5666864256075874,3.366666668653488,0.10501454928357912,11.097698827282553,50.24146004750591,16.83333334326744,67.07479339077335,126.31032865920447,1.5640947851244933,1,0.0,,,,1.0,17.125,17.125,22.833333333333332
112.19318181818181,2024-08-10,0.9998234986548491,1.136619140625,1136.619140625,48.1766882499059,2890.6012949943542,2024-08-10T20:29:45+00:00,440,8.833333333333334,0.183385222702539,530.0,F3A73051-473F-428A-8818-06BB4B519AAF,32,149.0,75.0,127.13542279379091,,0.00017650134515000002,0.008503250281016,0.510195016860961,127.52091790216619,22,2024-08-10 19:41:35+00:00,48.16818499962489,2890.0910999774933,Saturday,2024,2024-08-05,15.195383888786218,204.8046161112138,197.36323127784965,0.5393902972027972,0.5478059232671701,0.568460402131516,0.32795114629330796,0.7339921933056712,z1_under_60,z1_under_60,z1_under_60,z1_under_60,lthr_z1_under_85,2634.0,1.3910402429764617,2.4714285714285715,1.0,11.666666666666666,32.233333333333334,0.26575550493545935,0.7342444950645406,z1,32.233333333333334,0.7342444950645406,6.966666666666667,0.15869400151860288,3.9,0.0888382687927107,0.8,0.018223234624145785,0.0,0.0,0.0,0.0,0.3205190199871051,z1,1.0,1.3910402429764617,8.833333333333334,0.1833852227025395,15.44154490408412,67.01571212895036,44.16666666666667,111.18237879561703,97.81849946190461,1.1331831465465005,1,0.0,,,,0.0,,,
108.17120622568093,2024-08-11,0.9998823953071011,1.2700556640625,1270.0556640625,74.93011761705081,4495.807057023048,2024-08-11T23:27:55+00:00,771,0.6333333333333331,0.008453314170721,38.0,96BCA410-47D6-48BB-B297-029A896D950E,32,170.0,70.0,176.97170510762604,,0.00011760469289800001,0.008812133471171001,0.528728008270263,137.38345315539883,25,2024-08-11 22:12:59+00:00,74.92130548357963,4495.278329014778,Sunday,2024,2024-08-05,15.198121795793206,204.8018782042068,197.36131474294476,0.5200538760850045,0.5281748740498563,0.5480871789214092,0.29877100923595445,0.7076795543491817,z1_under_60,z1_under_60,z1_under_60,z1_under_60,lthr_z1_under_85,4303.0,1.2542412270508947,2.5365168539325844,1.0,11.866666666666667,59.85,0.16546595398559144,0.8345340460144085,z1,59.85,0.8345340460144085,8.016666666666667,0.11178247734138973,2.15,0.02997908435974901,1.0666666666666667,0.01487334417848013,0.45,0.006274692075296305,0.18333333333333332,0.0025563560306762724,0.2919943703949002,z1,1.0,1.2542412270508947,0.6333333333333333,0.00845331417072197,21.879172517206573,93.98044266307767,3.1666666666666665,97.14710932974434,76.49043430033763,1.6360333889446004,1,0.0,,,,0.0,,,
104.69246031746032,2024-08-13,0.999822424617488,1.210486328125,1210.486328125,49.34204464952151,2960.5226789712906,2024-08-13T02:32:54+00:00,504,1.366666666666666,0.027702731125853003,82.0,763C08BA-35E4-42D3-BE92-85DC14E1936E,33,156.0,60.0,122.26478293270229,,0.00017757538251100003,0.008761932452519001,0.5257159471511841,126.7287918720548,24,2024-08-13 01:43:33+00:00,49.33328271706899,2959.9969630241394,Tuesday,2024,2024-08-12,15.203597609807183,204.7964023901928,197.35748167313497,0.5033291361416361,0.5112026339114724,0.5304712009390797,0.27353733235159516,0.684920842119539,z1_under_60,z1_under_60,z1_under_60,z1_under_60,lthr_z1_under_85,2721.0,1.185226019845645,2.4823529411764707,1.0,5.666666666666667,39.68333333333333,0.12495406100698273,0.8750459389930173,z1,39.68333333333333,0.8750459389930173,3.95,0.08710033076074973,0.95,0.020948180815876516,0.5166666666666667,0.01139287026828372,0.25,0.005512679162072767,0.0,0.0,0.2673224135990093,z1,1.0,1.185226019845645,1.3666666666666667,0.027702731125853277,13.190234467620174,58.48147519099849,6.833333333333334,65.31480852433182,53.95749378309966,1.1678470690435319,1,0.0,,,,0.0,,,
107.63549160671462,2024-08-14,0.99975646709063,1.1171240234375,1117.1240234375,38.75841605067253,2325.504963040352,2024-08-14T01:32:55+00:00,417,1.55,0.040001055923771005,93.0,E3BB2E3C-51DE-460C-B60F-D4364E3E9CF0,33,162.0,75.0,104.05910969924741,,0.00024353290936900002,0.009438949823379,0.566336989402771,120.24219344836631,22,2024-08-14 00:54:09+00:00,38.74897710084915,2324.938626050949,Wednesday,2024,2024-08-12,15.206335516814171,204.79366448318584,197.35556513823008,0.5174783250322819,0.5255801827578109,0.5453886822564415,0.29490101565354,0.7041747928138664,z1_under_60,z1_under_60,z1_under_60,z1_under_60,lthr_z1_under_85,2230.0,1.328251121076233,2.6598639455782314,1.0,7.35,29.816666666666666,0.1977578475336323,0.8022421524663678,z1,29.816666666666666,0.8022421524663678,4.233333333333333,0.11390134529147983,1.5666666666666667,0.042152466367713005,1.3666666666666667,0.036771300448430494,0.18333333333333332,0.004932735426008968,0.0,0.0,0.2881949759341463,z1,1.0,1.328251121076233,1.55,0.04000105592377129,11.1699807809692,51.48090957044486,7.75,59.23090957044486,53.02088964856879,0.9667732097091652,1,0.0,,,,0.0,,,
154.0681137724551,2024-08-14,0.37997839112924603,1.531620040893554,1531.6200408935547,113.758353916804,6825.50123500824,2024-08-15T01:44:26+00:00,1336,23.866548130909603,0.552137712789317,1431.992887854576,500A4C2D-2636-4921-BC03-7A154A323D47,33,194.0,96.0,84.6666571565631,22.86,0.6200216088707531,70.5326376179854,4231.958257079124,235.9738107165605,30,2024-08-14 23:50:40+00:00,43.22571629881859,2593.5429779291153,Wednesday,2024,2024-08-12,15.206335516814171,204.79366448318584,197.35556513823008,0.7407120854444956,0.7523089845638489,0.780662626182059,0.631873127832227,1.007947104393341,z3_70_80,z3_70_80,z3_70_80,z2_60_70,lthr_z5_100_106,6806.0,4.279312371436967,4.775841651158856,1.0,98.51666666666667,14.916666666666666,0.8684983837790186,0.1315016162209815,z6,14.916666666666666,0.1315016162209815,7.633333333333334,0.06729356450191008,13.583333333333334,0.1197472818101675,15.35,0.13532177490449604,18.616666666666667,0.1641198942109903,43.333333333333336,0.3820158683514546,0.6175043529961354,z5,5.0,4.279312371436967,23.866548130909603,0.5521377127893171,70.24627873330144,486.80753127048433,119.33274065454802,606.1402719250324,395.7510712457167,0.5495404278240742,62,61.0,3.6465194712628795,0.9583333333333428,1.8232597356314397,62.0,-2.950355619913824,-2.9182070707070693,-3.9338074932184326
158.27074829931973,2024-08-15,0.45307605648342203,2.766060073852539,2766.060073852539,127.14645558396975,7628.787335038185,2024-08-16T01:25:02+00:00,1470,20.783333333333335,0.36077782270986103,1247.0,FBCAB34B-82F6-4007-8AFC-9FF4F467A4A0,33,198.0,92.00000000000001,62.47913619417012,22.86,0.546923943516577,69.53944089214006,4172.366453528404,437.78639772951294,55,2024-08-15 23:17:54+00:00,57.60701469182968,3456.420881509781,Thursday,2024,2024-08-12,15.20907342382116,204.79092657617883,197.35364860332518,0.7609170591313449,0.7728406279779473,0.8019651494634341,0.6623857649208851,1.0354416533850483,z3_70_80,z3_70_80,z4_80_90,z2_60_70,lthr_z5_100_106,7572.0,4.459587955625991,4.854053258790643,1.0,113.28333333333333,12.916666666666666,0.8976492340200739,0.10235076597992604,z6,12.916666666666666,0.10235076597992604,10.916666666666666,0.08650290544109879,13.933333333333334,0.1104067617538299,13.35,0.10578446909667195,17.65,0.13985736925515055,57.43333333333333,0.45509772847332275,0.6473102716263811,z5,5.0,4.459587955625991,20.783333333333335,0.3607778227098618,82.30320670039106,567.0208019228065,103.91666666666667,670.9374685894732,242.56070030142135,0.3947611094629459,137,136.0,4.0135701458657085,1.555555555555543,2.0067850729328542,137.0,-4.702997926077717,-3.2333333333333485,-6.270663901436954
141.68491228070175,2024-08-16,0.5018004356108481,2.3545800628662112,2354.580062866211,130.7144257167975,7842.865543007851,2024-08-17T01:25:46+00:00,1425,13.383317552010219,0.20403714104227702,802.9990531206131,561FB47D-EFBA-4D57-AFBA-442C292FE29F,33,190.0,73.0,83.57229826213552,22.86,0.49819956438915103,65.12186995148659,3907.3121970891953,333.60846966508836,47,2024-08-16 23:15:03+00:00,65.59255576531092,3935.5533459186554,Friday,2024,2024-08-12,15.211811330828148,204.78818866917186,197.3517320684203,0.6811774628879892,0.69186076209497,0.7179309286810855,0.5420269545746009,0.9269335073477751,z2_60_70,z2_60_70,z3_70_80,z1_under_60,lthr_z3_90_95,7691.0,3.3886360681315826,4.366501740883269,1.0,90.95,37.233333333333334,0.7095306202054349,0.29046937979456505,z1,37.233333333333334,0.29046937979456505,13.583333333333334,0.10596801456247562,11.866666666666667,0.09257573787543882,16.766666666666666,0.13080223638018462,25.1,0.19581328825900404,23.633333333333333,0.1843713431283318,0.5296802289411472,z3,3.0,3.3886360681315826,13.383317552010219,0.20403714104227785,69.23684693958388,442.94361760904656,66.9165877600511,509.8602053690977,216.53976155240565,0.5898461375800175,101,98.0,5.22898499038733,0.31555555555553383,2.614492495193665,99.0,-4.8321193986550055,-2.422222222222217,-6.44282586487334
148.1154177433247,2024-08-19,0.43198867079130604,2.903220077514648,2903.2200775146484,106.37650306622187,6382.590183973312,2024-08-20T01:23:33+00:00,1161,27.233333333333334,0.592628775260721,1634.0,85374E40-5B49-4CDE-8477-70926CB4DF65,34,192.0,84.0,47.48531933790957,22.86,0.568011329208693,60.42305890321732,3625.383534193039,430.0116545818897,58,2024-08-19 23:37:10+00:00,45.953444163004555,2757.2066497802734,Monday,2024,2024-08-19,15.220025051849113,204.77997494815088,197.3459824637056,0.7120933545352149,0.7232905355166036,0.7505367775630547,0.5887315466115445,0.9690032724804173,z3_70_80,z3_70_80,z3_70_80,z1_under_60,lthr_z4_95_100,6194.0,3.5290603810138843,4.78747582205029,1.0,68.93333333333334,34.3,0.6677429770745883,0.3322570229254117,z6,34.3,0.3322570229254117,11.783333333333333,0.11414271876009041,8.15,0.07894736842105263,2.066666666666667,0.02001937358734259,7.866666666666666,0.07620277688085243,39.06666666666667,0.37843073942525024,0.5752866506618773,z4,4.0,3.5290603810138843,27.233333333333334,0.5926287752607213,61.1969821580897,375.4091024418056,136.16666666666669,511.5757691084723,176.2097792966545,0.3205967350421199,88,87.0,3.917198615699368,1.75,1.958599307849684,88.0,-4.028989959170875,-2.877976190476204,-5.3719866122278335
145.71185286103542,2024-08-20,0.392190928625318,3.086100082397461,3086.100082397461,137.90571773250898,8274.343063950539,2024-08-21T01:31:52+00:00,1468,24.216666666666665,0.44774891980825304,1453.0,DFC2854D-C262-4731-9C5E-CEC584A801CB,34,188.0,85.0,52.576426612422466,22.86,0.6078090713746821,83.8203462322553,5029.220773935318,449.6813611207281,61,2024-08-20 23:13:58+00:00,54.08537150025368,3245.1222900152206,Tuesday,2024,2024-08-19,15.222762958856102,204.7772370411439,197.34406592880072,0.7005377541395934,0.711562744797455,0.7383645014875008,0.5712979484232943,0.9532786283343673,z3_70_80,z3_70_80,z3_70_80,z1_under_60,lthr_z4_95_100,7950.0,3.6656603773584906,4.694560669456067,1.0,95.6,36.9,0.7215094339622642,0.27849056603773586,z6,36.9,0.27849056603773586,12.383333333333333,0.09345911949685534,10.883333333333333,0.08213836477987421,11.266666666666667,0.0850314465408805,20.083333333333332,0.15157232704402515,40.983333333333334,0.30930817610062894,0.5582400912130172,z4,4.0,3.6656603773584906,24.216666666666665,0.44774891980825315,76.98450044579242,505.5155253032423,121.08333333333333,626.5988586365756,203.03905962433902,0.3608246383536438,102,99.0,1.0011621952390517,0.9050000000000011,0.5005810976195258,102.0,-5.286944924239647,-3.750000000000014,-7.049259898986195
137.7443841982959,2024-08-21,0.417813809427304,2.400300064086914,2400.300064086914,125.44513140122096,7526.707884073257,2024-08-22T01:46:24+00:00,1291,18.033333335320155,0.344064139138858,1082.0000001192093,C837F7DC-328E-4AF2-B1C5-EF73D5647413,34,189.0,71.0,65.50769506993818,22.86,0.582186190572695,73.03242317636808,4381.945390582085,330.62785421878215,48,2024-08-21 23:40:57+00:00,52.41270822485288,3144.762493491173,Wednesday,2024,2024-08-19,15.22550086586309,204.7744991341369,197.34214939389585,0.662232616337961,0.6726637583328521,0.6979977902407329,0.5134795237355162,0.9011537157141365,z2_60_70,z2_60_70,z2_60_70,z1_under_60,lthr_z3_90_95,7101.0,2.9935220391494157,4.394724220623501,1.0,69.5,48.85,0.5872412336290663,0.41275876637093367,z1,48.85,0.41275876637093367,10.2,0.08618504435994931,13.616666666666667,0.11505421771581467,8.366666666666667,0.0706942684128996,13.183333333333334,0.11139276158287566,24.133333333333333,0.2039149415575271,0.5017332212645099,z3,3.0,2.9935220391494157,18.033333335320155,0.34406413913885814,62.93998986988432,375.5227655535494,90.16666667660077,465.68943223015015,194.01300662269517,0.4755743433840013,74,68.0,3.2686381137252556,2.50603864734299,1.6343190568626278,70.0,-5.470109861419089,-3.6655193236714894,-7.2934798152254485
130.4573748308525,2024-08-22,0.28271810885513404,2.286000061035156,2286.0000610351562,149.3898783504963,8963.392701029778,2024-08-23T01:45:13+00:00,1478,14.449971129496893,0.34213080454725003,866.9982677698135,317DC285-6BBB-4425-9924-7A64EFC4BBA0,34,186.0,65.0,55.4268015245272,22.86,0.7172818911448651,107.1546544611454,6429.279267668724,298.22556682581506,45,2024-08-22 23:15:50+00:00,42.23522388935089,2534.1134333610535,Thursday,2024,2024-08-19,15.228238772870078,204.77176122712993,197.34023285899096,0.6271989174560216,0.6370867450133958,0.6610784478199665,0.46059783416891176,0.8534805157783631,z2_60_70,z2_60_70,z2_60_70,z1_under_60,lthr_z2_85_90,8480.0,2.5908018867924527,4.145988805970149,1.0,71.46666666666667,69.86666666666666,0.5056603773584906,0.49433962264150944,z1,69.86666666666666,0.49433962264150944,14.566666666666666,0.10306603773584906,12.766666666666667,0.09033018867924528,12.133333333333333,0.08584905660377358,11.666666666666666,0.08254716981132075,20.333333333333332,0.14386792452830188,0.45005230376491134,z2,2.0,2.5908018867924527,14.449971129496893,0.3421308045472509,67.23325891080071,387.0395786981608,72.24985564748447,459.2894343456453,200.91400791024824,0.42486522204200483,84,81.0,3.5083611608611474,3.9090909090909065,1.7541805804305737,80.0,-5.320701990258398,-4.473684210526329,-7.094269320344528
156.46950710108604,2024-08-26,0.5755422916298121,3.726180099487305,3726.1800994873047,102.57159588336944,6154.295753002167,2024-08-27T01:28:07+00:00,1197,41.233333333333334,0.6984641026396521,2474.0,5C18CC02-DA74-4213-8197-CD5D1BB9DA4A,35,185.0,97.0,47.52933817581513,22.86,0.42445770837018704,43.537304532527926,2612.2382719516754,583.0335635366544,74,2024-08-26 23:45:33+00:00,59.03429135084152,3542.0574810504913,Monday,2024,2024-08-26,15.239190400898034,204.76080959910198,197.33256671937139,0.7522572456782982,0.7641574938457963,0.7929228798995094,0.6494554391880495,1.023657541763126,z3_70_80,z3_70_80,z3_70_80,z2_60_70,lthr_z5_100_106,6114.0,4.497383055282957,5.005807418508804,1.0,88.96666666666667,12.933333333333334,0.8730781812234216,0.12692181877657835,z6,12.933333333333334,0.12692181877657835,9.216666666666667,0.09044815178279358,8.166666666666666,0.08014393195943735,5.55,0.05446516192345437,15.983333333333333,0.15685312397775597,50.05,0.49116781157998035,0.6345355113552201,z5,5.0,4.497383055282957,41.233333333333334,0.6984641026396528,65.08532004437482,461.3037572791968,206.16666666666669,667.4704239458636,179.12994168953418,0.3037610270294335,89,86.0,2.4478062425190052,0.5625,1.2239031212595026,89.0,-0.13033359274932127,-0.18055555555554292,-0.1737781236657616
151.73522975929978,2024-08-27,0.47705339131886504,3.291840087890625,3291.840087890625,123.80240989923477,7428.144593954086,2024-08-28T01:20:13+00:00,1371,23.766391893227894,0.40240852064042204,1425.9835135936737,B8A107B5-D9E1-4B35-960D-59631B162067,35,188.0,89.0,53.824327353996814,22.86,0.5229466086811341,64.74205040335656,3884.523024201393,499.48811206695757,65,2024-08-27 23:16:25+00:00,59.06035949587822,3543.621569752693,Tuesday,2024,2024-08-26,15.241928307905022,204.75807169209497,197.3306501844665,0.7294962969197105,0.7410463895531879,0.7689389844783682,0.6151017411792226,0.99268486986363,z3_70_80,z3_70_80,z3_70_80,z2_60_70,lthr_z4_95_100,7172.0,4.039598438371445,4.721406623420963,1.0,97.63333333333334,21.9,0.816787506971556,0.18321249302844395,z6,21.9,0.18321249302844395,10.05,0.08407696597880647,11.95,0.09997211377579476,12.333333333333334,0.10317902955939766,24.116666666666667,0.20175683212493029,39.18333333333333,0.3278025655326269,0.6009590763070907,z4,4.0,4.039598438371445,23.766391893227894,0.4024085206404227,74.40018189763595,500.11202169557026,118.83195946613947,618.9439811617098,188.02370851444434,0.35472531619307707,106,103.0,0.8644970851852639,-1.1964285714285836,0.43224854259263196,103.0,-3.4297193571608817,-2.1608695652174106,-4.572959142881174
155.8010801080108,2024-08-28,0.402280805444299,3.040380081176757,3040.380081176758,103.80116496682167,6228.0698980093,2024-08-29T01:29:20+00:00,1111,13.399999998013179,0.320902617601169,803.9999998807907,4FAE3B46-D06C-4EE4-8B8A-FD1CE28CB812,35,196.0,111.0,41.20262776430353,22.86,0.5977191945557,62.04394871791204,3722.6369230747223,473.69450058622044,60,2024-08-28 23:45:32+00:00,41.757216248909636,2505.432974934578,Wednesday,2024,2024-08-26,15.24466621491201,204.755333785088,197.3287336495616,0.7490436543654366,0.7609134142094693,0.7895509043538472,0.6446289785522883,1.0192845470163765,z3_70_80,z3_70_80,z3_70_80,z2_60_70,lthr_z5_100_106,5911.0,4.363559465403485,4.858334950514264,1.0,85.88333333333334,12.633333333333333,0.8717645068516325,0.12823549314836746,z6,12.633333333333333,0.12823549314836746,12.483333333333333,0.12671290813737102,7.166666666666667,0.07274572830316359,5.333333333333333,0.05413635594654035,15.95,0.16190153950262223,44.95,0.4562679749619354,0.6297948943830554,z5,5.0,4.363559465403485,13.399999998013179,0.3209026176011692,65.37344372711756,452.94255591088336,66.9999999900659,519.9425559009493,171.01235438291297,0.2644566246635733,71,66.0,3.8323287474449983,1.5083333333333258,1.9161643737224991,67.0,-3.3927181464987326,-0.75,-4.523624195331646
140.06413449564135,2024-08-29,0.40683837425151603,3.314700088500976,3314.7000885009766,148.26640839974087,8895.984503984451,2024-08-30T01:45:29+00:00,1606,17.650000007947288,0.292603847463318,1059.0000004768372,B5E3268D-2B78-4382-827E-1E4CFFFBB01D,35,189.0,84.0,54.59359484019656,22.86,0.5931616257484831,87.94594385027885,5276.756631016731,464.2705990085151,66,2024-08-29 23:17:13+00:00,60.320464549462,3619.22787296772,Thursday,2024,2024-08-26,15.247404121918999,204.752595878081,197.3268171146567,0.6733852619982758,0.6840652441790868,0.7098079041849498,0.5304011443842941,0.9163300266189239,z2_60_70,z2_60_70,z3_70_80,z1_under_60,lthr_z3_90_95,8556.0,3.077956989247312,4.538813694267516,1.0,83.73333333333333,58.86666666666667,0.587190275829827,0.412809724170173,z1,58.86666666666667,0.412809724170173,15.633333333333333,0.1096306685366994,10.816666666666666,0.07585320243104254,6.35,0.04453015427769986,14.666666666666666,0.10285179990649837,36.266666666666666,0.25432445067788684,0.5181853510329174,z3,3.0,3.077956989247312,17.650000007947288,0.29260384746331847,76.82948088300961,456.35762800457877,88.25000003973643,544.6076280443152,164.30072510439578,0.38977569123447126,103,100.0,2.33098759882637,1.7916666666666856,1.165493799413185,100.0,-3.449505886723319,-3.498382352941178,-4.599341182297759
156.36305732484075,2024-08-30,0.38154404207731,2.880360076904296,2880.360076904297,114.58948056499163,6875.368833899498,2024-08-31T01:14:53+00:00,1256,33.699999998013176,0.77079781302753,2021.9999998807907,99E797F2-BA90-442B-B8B1-A0B740FD9122,35,193.0,96.0,45.536945826539785,22.86,0.618455957922689,70.86854697068533,4252.112818241119,450.3819078211693,57,2024-08-30 23:20:18+00:00,43.72093359430631,2623.2560156583786,Friday,2024,2024-08-26,15.250142028925987,204.74985797107402,197.3249005797518,0.7517454679078882,0.7636784653932747,0.7924142207366489,0.648734297378412,1.0229611241780556,z3_70_80,z3_70_80,z3_70_80,z2_60_70,lthr_z5_100_106,6693.0,4.3778574630210665,5.121786690975387,1.0,91.41666666666667,20.133333333333333,0.819512923950396,0.18048707604960407,z6,20.133333333333333,0.18048707604960407,3.8666666666666667,0.03466308083071866,10.35,0.09278350515463918,9.033333333333333,0.0809801284924548,15.7,0.1407440609592111,52.46666666666667,0.4703421485133722,0.6337805484031259,z5,5.0,4.3778574630210665,33.699999998013176,0.7707978130275301,72.62458383370974,501.65641267515605,168.49999999006587,670.156412665222,232.6641096155871,0.2912257319958755,81,78.0,1.5494970096857952,-0.1107456140350962,0.7747485048428976,81.0,-0.7428907117546502,-0.6611111111111256,-0.9905209490062002
157.96079881656806,2024-09-03,0.375787598848405,2.926080078125,2926.080078125,115.69072304964065,6941.443382978439,2024-09-04T01:31:04+00:00,1352,33.85625175436338,0.7787497064881651,2031.3751052618027,4E590C66-ABC7-4BFB-B24F-C20266E87F86,36,188.0,106.0,44.57342710701071,22.86,0.624212401151594,72.21558402578036,4332.935041546822,462.2059465418709,58,2024-09-03 23:35:23+00:00,43.475139023860294,2608.5083414316177,Tuesday,2024,2024-09-02,15.26109365695394,204.73890634304607,197.31723444013224,0.7594269173873465,0.7715231151616102,0.80054233105773,0.660385661768109,1.0334138964663833,z3_70_80,z3_70_80,z4_80_90,z2_60_70,lthr_z5_100_106,6931.0,4.670033184244698,4.9345707656612525,1.0,107.75,7.766666666666667,0.9327658346558938,0.06723416534410619,z6,7.766666666666667,0.06723416534410619,7.533333333333333,0.06521425479728755,14.033333333333333,0.12148319145866397,9.233333333333333,0.07993074592410908,24.1,0.20862790362141106,52.85,0.45750973885442214,0.6451120483444543,z5,5.0,4.670033184244698,33.85625175436338,0.7787497064881651,74.63347932100466,540.2795157510848,169.28125877181688,709.5607745229016,242.49533696206305,0.2821803095511792,58,57.0,1.77557244068264,0.625,0.88778622034132,58.0,-2.739426459303955,-1.11388888888888,-3.6525686124052723
155.8485562757808,2024-09-05,0.364650163046696,3.6347400970458983,3634.7400970458984,151.65515849987665,9099.3095099926,2024-09-06T01:47:06+00:00,1697,8.966666666666667,0.16214270944706402,538.0,F7B62F77-2990-4810-AFD1-C4394873B17F,36,205.0,93.0,45.64376830035092,22.86,0.635349836953303,96.354080226024,5781.2448135614395,566.4689965622947,72,2024-09-05 23:15:27+00:00,55.30107827385267,3318.06469643116,Thursday,2024,2024-09-02,15.266569470967918,204.7334305290321,197.31340137032245,0.749271905172023,0.761226712574822,0.7898528695639915,0.6450761876366166,1.0195951464302315,z3_70_80,z3_70_80,z3_70_80,z2_60_70,lthr_z5_100_106,8785.0,4.322026180990324,4.673253618628068,1.0,132.41666666666666,14.0,0.9043824701195219,0.09561752988047809,z6,14.0,0.09561752988047809,19.3,0.13181559476380195,19.9,0.1359134889015367,12.433333333333334,0.08491747296528172,13.916666666666666,0.09504837791690382,66.86666666666666,0.4566875355719977,0.6301316047927716,z5,5.0,4.322026180990324,8.966666666666667,0.16214270944706455,95.56270840062942,655.4575655187042,44.833333333333336,700.2908988520376,192.6660174192902,0.2928725770136894,94,92.0,2.3777872092256245,0.9583333333333428,1.1888936046128122,94.0,-2.9329604439668833,-2.2661231884057855,-3.9106139252891765
159.24326292789513,2024-09-09,0.494339956007586,4.160520111083985,4160.520111083984,125.92981509963671,7555.788905978203,2024-09-10T01:42:40+00:00,1373,24.083215884367625,0.38686567517264003,1444.9929530620575,3384CCA9-0E49-48BB-903F-D81E40075177,37,195.0,114.0,44.88775748773776,22.86,0.505660043992413,63.67767584323883,3820.66055059433,662.5347979661424,83,2024-09-09 23:36:44+00:00,62.25213925639788,3735.128355383873,Monday,2024,2024-09-09,15.277521098995873,204.72247890100414,197.30573523070288,0.765592610230265,0.7778494271012565,0.8070888701825997,0.6697763768411417,1.0418040555710093,z3_70_80,z3_70_80,z4_80_90,z2_60_70,lthr_z5_100_106,7235.0,4.718590186592951,4.95008075172515,1.0,113.51666666666667,7.066666666666666,0.94139599170698,0.058604008293020045,z6,7.066666666666666,0.058604008293020045,12.216666666666667,0.10131306150656531,10.966666666666667,0.09094678645473393,8.95,0.07422252937111265,19.516666666666666,0.16185210780926054,61.86666666666667,0.5130615065653076,0.6542075384957101,z5,5.0,4.718590186592951,24.083215884367625,0.3868656751726408,82.38423435955325,594.2111897286106,120.41607942183813,714.6272691504488,171.7639261607269,0.2818816737513272,100,95.0,3.2969554135793584,1.017391304347825,1.6484777067896792,97.0,-3.1092399104652872,-0.8000000000000114,-4.145653213953717
153.19885057471265,2024-09-10,0.5301775633675401,2.811780075073242,2811.780075073242,81.93219223618507,4915.931534171104,2024-09-11T00:44:34+00:00,870,24.599999994039536,0.5663164629517471,1475.9999996423721,8F5AF88C-A37C-4B42-9210-EE07ADCE2457,37,182.0,106.0,46.346380813595474,22.86,0.46982243663245904,38.493582195043565,2309.614931702614,430.76147557009995,56,2024-09-10 23:22:38+00:00,43.43861004114151,2606.3166024684906,Tuesday,2024,2024-09-09,15.280259006002861,204.71974099399714,197.303818695798,0.7365329354553493,0.7483345271485313,0.7764616599282037,0.62590046969715,1.0022601955212418,z3_70_80,z3_70_80,z3_70_80,z2_60_70,lthr_z5_100_106,4490.0,4.249220489977728,5.032338308457711,1.0,60.3,14.533333333333333,0.8057906458797327,0.19420935412026727,z6,14.533333333333333,0.19420935412026727,5.75,0.07683741648106904,2.2666666666666666,0.030289532293986638,3.25,0.043429844097995544,22.05,0.29465478841870824,26.983333333333334,0.3605790645879733,0.6113393657781039,z5,5.0,4.249220489977728,24.599999994039536,0.5663164629517478,50.08837443847907,348.14795003879175,122.99999997019768,471.1479500089894,167.56216255523356,0.3025243377462096,98,92.0,3.6979189136845094,1.375,1.8489594568422547,93.0,-3.6921751634774496,-0.33500000000000796,-4.922900217969933
147.57547892720308,2024-09-11,0.43597246629138503,3.177540084838867,3177.540084838867,129.20734630028406,7752.440778017044,2024-09-12T01:50:40+00:00,1305,16.316666666666666,0.289657762851927,979.0,E4B4CBD5-F997-428A-9035-160232763B93,37,191.0,87.0,53.18344750230568,22.86,0.564027533708614,72.87650087078413,4372.590052247047,468.9269998304813,63,2024-09-11 23:41:28+00:00,56.330845429499945,3379.8507257699966,Wednesday,2024,2024-09-09,15.28299691300985,204.71700308699016,197.3019021608931,0.7094974948423225,0.7208755340390266,0.747967846791767,0.5850801071840553,0.9654708753287059,z3_70_80,z3_70_80,z3_70_80,z1_under_60,lthr_z4_95_100,7062.0,3.770036816765789,4.296040438079191,1.0,98.91666666666667,18.783333333333335,0.8404134806003964,0.1595865193996035,z6,18.783333333333335,0.1595865193996035,18.7,0.1588785046728972,16.666666666666668,0.1416029453412631,12.533333333333333,0.10648541489662985,18.683333333333334,0.15873690172755595,32.333333333333336,0.2747097139620504,0.5714572973560502,z4,4.0,3.770036816765789,16.316666666666666,0.2896577628519273,73.83648091530758,487.11645254867784,81.58333333333333,568.6997858820112,178.97485812861112,0.3603813308885844,78,74.0,2.7066790345091594,1.3439009661835684,1.3533395172545797,77.0,-6.009195580754021,-5.382608695652166,-8.012260774338698
137.24417831004658,2024-09-12,0.41672867388058804,3.589020095825195,3589.0200958251953,152.56802111665408,9154.081266999245,2024-09-13T01:45:42+00:00,1503,22.350000009934107,0.35152857235990503,1341.0000005960464,9CEC3972-5BC3-422B-BD17-A4A4BDFA72B7,37,181.0,67.0,53.14498171003734,22.86,0.583271326119411,88.98855200012525,5339.313120007515,492.5721139897736,71,2024-09-12 23:13:07+00:00,63.57946911652883,3814.7681469917297,Thursday,2024,2024-09-09,15.285734820016838,204.71426517998316,197.2999856259882,0.6598277803367624,0.6704182446171134,0.6956116994869608,0.5100719102573885,0.8978812600170022,z2_60_70,z2_60_70,z2_60_70,z1_under_60,lthr_z2_85_90,8275.0,3.1546827794561936,4.40852609443701,1.0,87.18333333333334,50.733333333333334,0.6321450151057402,0.36785498489425983,z1,50.733333333333334,0.36785498489425983,10.133333333333333,0.07347432024169184,14.483333333333333,0.10501510574018127,14.55,0.10549848942598188,25.666666666666668,0.18610271903323264,22.35,0.16205438066465258,0.49818566177338,z2,2.0,3.1546827794561936,22.350000009934107,0.3515285723599059,76.00720056545532,481.3037089124175,111.75000004967053,593.0537089620881,165.24112240328148,0.387229406481477,113,98.0,-0.5981131543579857,1.8506493506493484,-0.29905657717899287,100.0,-0.6388760690417112,-2.6347222222222086,-0.8518347587222815
151.74927395934174,2024-09-14,0.41423741039517004,2.583180068969726,2583.1800689697266,100.17580801645914,6010.548480987549,2024-09-14T15:37:52+00:00,1033,15.283333327372869,0.368303556725389,916.9999996423721,551AFFD4-D822-4AC0-8810-41F594FE4A5F,37,194.0,95.0,48.19242118904889,22.86,0.5857625896048291,58.679240719477335,3520.75444316864,391.9956999723983,51,2024-09-14 13:57:42+00:00,41.49656729698181,2489.7940378189087,Saturday,2024,2024-09-09,15.291210634030815,204.70878936596918,197.29615255617844,0.7295638171122198,0.741293397461558,0.7691446183479548,0.6154238545668684,0.9927767500743965,z3_70_80,z3_70_80,z3_70_80,z2_60_70,lthr_z4_95_100,5663.0,4.146388839837542,4.375899962106859,1.0,87.96666666666667,6.416666666666667,0.9320148331273177,0.06798516687268233,z6,6.416666666666667,0.06798516687268233,9.633333333333333,0.10206604273353347,17.916666666666668,0.18982871269645066,17.6,0.1864736005650715,15.383333333333333,0.16298781564541762,27.433333333333334,0.29065866148684444,0.6010586805627074,z4,4.0,4.146388839837542,15.283333327372869,0.36830355672538917,60.21153899067602,415.36785238115436,76.41666663686435,491.7845190180187,190.3794957717221,0.3175792538023023,57,55.0,2.8002129245886507,2.0714285714285836,1.4001064622943253,54.0,-4.839682676683975,-4.790000000000006,-6.452910235578632
154.76923076923077,2024-09-16,0.551826004488262,4.297680114746094,4297.680114746094,121.44812579949696,7286.887547969818,2024-09-17T01:46:16+00:00,1053,23.933333335320153,0.35711674125652904,1436.0000001192093,0370C2CA-2544-4C33-9AA5-18C3C28555C7,38,196.0,92.00000000000001,46.78214680234551,22.86,0.44817399551173703,54.42989178697268,3265.793507218361,665.1486454514724,85,2024-09-16 23:44:49+00:00,67.01823401252429,4021.094040751457,Monday,2024,2024-09-16,15.296686448044792,204.7033135519552,197.29231948636865,0.7440828402366864,0.7560660747680042,0.7844665781828578,0.6373792213512394,1.0125339642531608,z3_70_80,z3_70_80,z3_70_80,z2_60_70,lthr_z5_100_106,6056.0,4.135237780713342,5.012468300929839,1.0,78.86666666666666,22.066666666666666,0.7813738441215323,0.21862615587846765,z6,22.066666666666666,0.21862615587846765,7.283333333333333,0.07215984147952444,7.65,0.07579260237780713,6.416666666666667,0.06357331571994716,12.966666666666667,0.1284676354029062,44.55,0.44138044914134744,0.6224768139661757,z5,5.0,4.135237780713342,23.933333335320153,0.3571167412565291,75.59864240983417,502.2168782029066,119.66666667660077,621.8835448795074,144.70214819984298,0.3022703322219143,67,62.0,1.1430238248624212,-1.215217391304364,0.5715119124312106,58.0,2.0549661347853414,3.6704545454545325,2.739954846380455
144.31229235880397,2024-09-17,0.48811155338733003,3.65760009765625,3657.60009765625,129.3624546011289,7761.747276067734,2024-09-18T01:27:25+00:00,1204,14.433333333333334,0.22858056757568102,866.0,B9055498-ED59-4F19-AE96-5E867E814D4E,38,185.0,94.0,51.79077016031626,22.86,0.5118884466126691,66.21914593577385,3973.148756146431,527.8366546245587,73,2024-09-17 23:18:04+00:00,63.14330866535504,3788.598519921303,Tuesday,2024,2024-09-16,15.29942435505178,204.70057564494823,197.29040295146376,0.6938090978788652,0.7049921178976686,0.7314714258772478,0.5614522088720135,0.9441223991763279,z2_60_70,z3_70_80,z3_70_80,z1_under_60,lthr_z3_90_95,6882.0,3.408166230746876,4.063401109057302,1.0,90.16666666666667,24.533333333333335,0.7861086893344957,0.2138913106655042,z1,24.533333333333335,0.2138913106655042,17.316666666666666,0.15097355419936065,15.266666666666667,0.13310084277826215,20.25,0.17654751525719267,19.05,0.16608544027898867,18.283333333333335,0.15940133682069166,0.5483141302042835,z3,3.0,3.408166230746876,14.433333333333334,0.228580567575682,70.9312617757091,440.8887492980933,72.16666666666667,513.05541596476,140.27105267563837,0.3588798245373911,131,121.0,1.6719038112108013,1.7428571428571331,0.8359519056054007,119.0,0.07744946351592484,-1.0695652173913004,0.10326595135456615
136.41561998552154,2024-09-18,0.502202647267184,3.314700088500976,3314.7000885009766,122.85520371596019,7371.312222957611,2024-09-19T01:50:05+00:00,8,46.049840720494586,0.7463724119817751,2762.9904432296753,B5B05F1B-24D2-474F-B380-B320AE9C13C7,38,160.05706792802314,97.50956284332145,55.84053478992708,22.86,0.49779735273281606,61.1569951792558,3669.419710755348,452.17686763892385,66,2024-09-18 23:47:14+00:00,61.69820853670438,3701.892512202263,Wednesday,2024,2024-09-16,15.302162262058769,204.69783773794123,197.28848641655887,0.6558443268534689,0.666424333021846,0.6914525143524639,0.5041155411432782,0.8924606512772896,z2_60_70,z2_60_70,z2_60_70,z1_under_60,lthr_z2_85_90,215.0,3.0930232558139537,3.5,1.0,3.0,0.5833333333333334,0.8372093023255814,0.16279069767441862,z2,0.5833333333333334,0.16279069767441862,1.0,0.27906976744186046,0.5,0.13953488372093023,0.5,0.13953488372093023,1.0,0.27906976744186046,0.0,0.0,0.4923093615994436,z2,2.0,3.0930232558139537,46.049840720494586,0.746372411981775,60.48276691057395,379.9940021912257,230.24920360247293,610.2432057936986,184.10208751937859,0.40934120884290015,128,0.0,,,,0.0,,,
144.94845360824743,2024-09-19,0.35813904272559705,2.171700057983398,2171.7000579833984,131.1648467163245,7869.890802979469,2024-09-20T01:38:24+00:00,1358,12.683333331346512,0.270000321827822,760.9999998807907,EAC9D0A1-B26D-40FD-9B2C-40161CFA1AD6,38,192.0,93.0,64.89190687666307,22.86,0.6418609572744021,84.18959407409032,5051.375644445419,314.7845651056349,43,2024-09-19 23:27:14+00:00,46.97525264223417,2818.51515853405,Thursday,2024,2024-09-16,15.304900169065757,204.69509983093425,197.28656988165397,0.6968675654242665,0.7081188251597916,0.7347101918554185,0.5660946083335909,0.948284304411637,z2_60_70,z3_70_80,z3_70_80,z1_under_60,lthr_z3_90_95,7393.0,3.565940754768024,4.363475177304965,1.0,94.0,29.216666666666665,0.7628838090085216,0.23711619099147843,z6,29.216666666666665,0.23711619099147843,14.416666666666666,0.11700256999864737,16.533333333333335,0.13418098201000947,13.716666666666667,0.11132152035709456,19.133333333333333,0.15528202353577708,30.2,0.2450967131069931,0.55282591211523,z3,3.0,3.565940754768024,12.683333331346512,0.27000032182782285,72.51132602340643,467.72607249864234,63.41666665673256,531.1427391553749,244.57463046189932,0.447689542463465,79,75.0,8.103866192104956,5.875,4.051933096052478,73.0,-10.411047427191898,-7.597402597402606,-13.881396569589196
163.15262172284645,2024-09-23,0.50507875621799,3.611880096435547,3611.880096435547,109.94730278452238,6596.8381670713425,2024-09-24T01:34:50+00:00,1068,29.15,0.5249221234638151,1749.0,01CF9577-FE5A-4A55-AD3B-55444AF8272D,39,196.0,101.0,46.12449371843672,22.86,0.494921243782009,54.41525584459305,3264.915350675583,589.2877070820268,72,2024-09-23 23:44:53+00:00,55.53204693992932,3331.9228163957596,Monday,2024,2024-09-23,15.315851797093712,204.6841482029063,197.2789037420344,0.7843876044367618,0.7970945632834788,0.8270150463538052,0.6983565136426999,1.0673799309479577,z3_70_80,z3_70_80,z4_80_90,z2_60_70,lthr_z6_106_plus,5873.0,4.831602247573642,5.027742974762842,1.0,93.11666666666666,4.766666666666667,0.95130257108803,0.048697428911970035,z6,4.766666666666667,0.048697428911970035,7.316666666666666,0.07474885067256938,10.9,0.11135705772177763,7.966666666666667,0.0813894091605653,12.633333333333333,0.12906521368976673,54.3,0.5547420398433509,0.6819334873960741,z6,6.0,4.831602247573642,29.15,0.5249221234638158,74.97674761764144,531.2216352483581,145.75,676.9716352483581,187.42915522484827,0.28270764656660036,85,79.0,2.6354693177967516,2.299516908212553,1.3177346588983758,83.0,-3.8122660874685455,-3.8700000000000045,-5.083021449958058
153.01933924254632,2024-09-24,0.46696163825671505,4.137660110473633,4137.660110473633,124.20386928319931,7452.232156991959,2024-09-25T01:19:02+00:00,1241,16.91665026744207,0.29167421749479805,1014.999016046524,85FCED2B-BA1E-445B-B7C7-D0D40B67E9FD,39,191.0,103.0,42.05162391045214,22.86,0.533038361743284,66.20542700489362,3972.3256202936172,633.1420161149165,82,2024-09-24 23:14:50+00:00,57.99844227830569,3479.9065366983414,Tuesday,2024,2024-09-23,15.3185897041007,204.6814102958993,197.2769872071295,0.7356699002045496,0.7475976397726237,0.7756573202422481,0.624770904493766,1.0010857933491604,z3_70_80,z3_70_80,z3_70_80,z2_60_70,lthr_z5_100_106,6889.0,4.246770213383655,4.727833333333334,1.0,100.0,14.816666666666666,0.8709536942952533,0.1290463057047467,z6,14.816666666666666,0.1290463057047467,10.983333333333333,0.09565974742342866,9.35,0.08143417041660618,12.216666666666667,0.10640150965307012,30.8,0.26825373784293804,36.65,0.3192045289592103,0.6100662357627399,z5,5.0,4.246770213383655,16.91665026744207,0.2916742174947988,75.7725870007688,527.4652924588879,84.58325133721034,612.0485437960982,147.9214163209838,0.2748124787272633,132,119.0,-1.1580495132480264,-0.7361111111111143,-0.5790247566240132,125.0,-1.4515188980986564,-1.4333333333333371,-1.9353585307982084
152.52660054102796,2024-09-25,0.576770837199957,3.36042008972168,3360.4200897216797,110.28742413322131,6617.2454479932785,2024-09-26T01:33:06+00:00,1109,11.566650420427322,0.181835352670619,693.9990252256393,1EB0DB9F-3FF8-4B79-A150-D8885FC1A27A,39,202.0,91.0,56.78805171815281,22.86,0.423229162800042,46.6768541832765,2800.6112509965897,512.553452675024,67,2024-09-25 23:42:49+00:00,63.61056994994481,3816.634196996689,Wednesday,2024,2024-09-23,15.321327611107689,204.67867238889232,197.27507067222462,0.7333009641395575,0.7452002632263771,0.7731671316668953,0.6212044251810209,0.9978621896114559,z3_70_80,z3_70_80,z3_70_80,z2_60_70,lthr_z4_95_100,6158.0,3.925138031828516,5.021656619781202,1.0,74.65,27.983333333333334,0.7273465410847678,0.27265345891523224,z6,27.983333333333334,0.27265345891523224,9.533333333333333,0.09288730107177655,4.316666666666666,0.04205911010068204,5.75,0.05602468333874635,10.45,0.10181877232867814,44.6,0.4345566742448847,0.6065716350427515,z4,4.0,3.925138031828516,11.566650420427322,0.18183535267061945,66.89722318114146,432.89336289770904,57.83325210213661,490.72661499984565,146.03132998186817,0.37231572405547353,78,76.0,3.053377828846786,0.5277777777777715,1.526688914423393,76.0,-3.071495645363594,-2.1202777777777726,-4.0953275271514595
158.4950213371266,2024-09-26,0.49068086350758605,4.046220108032227,4046.2201080322266,128.8974161664645,7733.844969987869,2024-09-27T01:25:48+00:00,1406,31.266617250442504,0.49435344465198006,1875.9970350265503,873ADA68-6D51-48BB-9EEA-C9C5CC65A9B8,39,191.0,96.0,46.89376290447257,22.86,0.509319136492413,65.64992069800695,3938.995241880417,641.3057423572784,80,2024-09-26 23:16:54+00:00,63.24749546845754,3794.8497281074524,Thursday,2024,2024-09-23,15.324065518114677,204.67593448188532,197.27315413731972,0.7619952948900317,0.7743705762885087,0.8034292452524985,0.6645680066124049,1.0369088963694388,z3_70_80,z3_70_80,z4_80_90,z2_60_70,lthr_z5_100_106,7541.0,4.635989921761039,4.8710998164619514,1.0,118.05,7.633333333333334,0.9392653494231534,0.06073465057684657,z6,7.633333333333334,0.06073465057684657,13.7,0.10900411086062857,11.0,0.08752154886619812,10.166666666666666,0.08089112849754675,25.133333333333333,0.19997347831852538,58.05,0.4618750828802546,0.648900860546997,z5,5.0,4.635989921761039,31.266617250442504,0.4943534446519804,83.64164427270322,597.5671222887679,156.33308625221252,753.9002085409804,186.32209529194893,0.2958689964445461,124,123.0,2.454109101544909,1.5024154589372074,1.2270545507724544,124.0,-3.3019879591940486,-2.0961111111111137,-4.40265061225873
155.18287373004355,2024-09-27,0.46342577435230004,2.034540054321289,2034.540054321289,66.61500862439473,3996.900517463684,2024-09-28T00:32:34+00:00,689,16.88333332935969,0.5468974798781431,1012.9999997615814,261372B3-087F-4027-A973-B21FD1784AD2,39,191.0,98.0,45.52052719189708,22.86,0.5365742256476991,35.7438966691494,2144.633800148964,315.72577234845653,40,2024-09-27 23:25:57+00:00,30.871111955245336,1852.2667173147202,Friday,2024,2024-09-23,15.326803425121666,204.67319657487835,197.27123760241483,0.7460715083175171,0.75819831969679,0.78664723563403,0.6405231804295489,1.0152401064547827,z3_70_80,z3_70_80,z3_70_80,z2_60_70,lthr_z5_100_106,3754.0,4.403303143313798,4.883282674772037,1.0,54.833333333333336,7.733333333333333,0.8763985082578583,0.12360149174214172,z6,7.733333333333333,0.12360149174214172,5.35,0.08550879062333511,6.816666666666666,0.10895045285029302,5.15,0.08231220031965902,9.083333333333334,0.14517847629195524,28.433333333333334,0.45444858817261585,0.6254104519861244,z5,5.0,4.403303143313798,16.88333332935969,0.5468974798781431,41.661722652842286,293.3260768676731,84.41666664679845,377.74274351447156,185.66493331608768,0.29333473532063004,52,48.0,1.9717858794285439,0.48908730158730407,0.9858929397142719,49.0,-1.8227786914046449,-1.3230769230769397,-2.430371588539526
161.702296819788,2024-09-30,0.505287785669971,4.274820114135742,4274.820114135742,119.559375,7173.5625,2024-10-01T01:48:22+00:00,1132,23.483333333333334,0.38872037630778405,1409.0,DCB132BC-5E09-4986-AA4B-BB8A59144D60,40,204.0,95.0,42.39609403684775,22.86,0.49471221433002804,59.147483150164284,3548.848989009857,691.2482309471777,85,2024-09-30 23:48:48+00:00,60.41189184983571,3624.713510990143,Monday,2024,2024-09-30,15.335017146142631,204.66498285385737,197.26548799770015,0.7774148885566731,0.7900828689158457,0.8197191432779829,0.6879185603816347,1.0578915900403358,z3_70_80,z3_70_80,z4_80_90,z2_60_70,lthr_z5_100_106,6087.0,4.490389354361755,4.763684676705049,1.0,94.08333333333333,7.366666666666666,0.9273862329554788,0.0726137670445211,z6,7.366666666666666,0.0726137670445211,11.516666666666667,0.1135206177098735,11.083333333333334,0.10924921964843108,11.95,0.11779201577131591,13.1,0.1291276490882208,46.43333333333333,0.4576967307376376,0.6716474951758014,z5,5.0,4.490389354361755,23.483333333333334,0.3887203763077848,80.30175474353433,536.8681447141449,117.41666666666667,654.2848113808116,153.05551904213658,0.2621860967386062,73,67.0,0.6673507111534392,1.2727272727272805,0.3336753555767196,61.0,0.9555909543454097,0.19999999999998863,1.2741212724605466
151.2779187817259,2024-10-01,0.6054945579459861,3.177540084838867,3177.540084838867,148.14477729996045,8888.686637997627,2024-10-02T01:48:21+00:00,1576,31.533325680096944,0.351538735865338,1891.9995408058167,FED215AF-EC02-45A1-8BDA-364CC5D9B167,40,190.0,94.0,84.68896131750444,22.86,0.39450544205401306,58.44392085671425,3506.635251402855,480.6916508799326,63,2024-10-01 23:20:12+00:00,89.70085644324621,5382.051386594772,Tuesday,2024,2024-09-30,15.33775505314962,204.6622449468504,197.26357146279526,0.7272976864506053,0.7391588947976795,0.7668821853925399,0.6122079355473573,0.9896930420001848,z3_70_80,z3_70_80,z3_70_80,z2_60_70,lthr_z4_95_100,8434.0,4.082048849893289,4.682913006517427,1.0,117.63333333333334,22.933333333333334,0.8368508418306854,0.1631491581693147,z6,22.933333333333334,0.1631491581693147,13.133333333333333,0.09343134930045056,14.05,0.09995257291913683,20.2,0.1437040550154138,19.85,0.14121413327009721,50.4,0.3585487313255869,0.5977157360406092,z4,4.0,4.082048849893289,31.533325680096944,0.3515387358653381,88.548464604418,604.7342177950011,157.6666284004847,762.4008461954858,239.9342969214335,0.5598236808089583,153,147.0,2.6917557311095455,1.2428571428571331,1.3458778655547727,147.0,-4.049812542378739,-2.291666666666657,-5.3997500565049865
147.70992366412213,2024-10-03,0.43448158183467306,2.994660079956054,2994.6600799560547,115.25991916656494,6915.5951499938965,2024-10-04T01:17:03+00:00,1179,31.333333333333332,0.6256866911232181,1880.0,6C0FBD51-9AB3-4632-886B-73CD752D6E02,40,180.0,91.0,50.16760900859296,22.86,0.565518418165326,65.18160716493925,3910.8964298963547,442.34101181030275,59,2024-10-03 23:21:47+00:00,50.0783120016257,3004.698720097542,Thursday,2024,2024-09-30,15.343230867163596,204.65676913283642,197.25973839298547,0.710143863769818,0.7217446277980093,0.7488092849938337,0.5863127848528715,0.9663504420343685,z3_70_80,z3_70_80,z3_70_80,z1_under_60,lthr_z4_95_100,6381.0,3.6450399623883403,4.41314459049545,1.0,82.41666666666667,23.933333333333334,0.7749569033066918,0.22504309669330827,z6,23.933333333333334,0.22504309669330827,15.6,0.1466854724964739,10.933333333333334,0.10280520294624668,10.216666666666667,0.09606644726531892,15.15,0.14245416078984485,30.516666666666666,0.2869456198088074,0.5724108061285258,z4,4.0,3.6450399623883403,31.333333333333332,0.6256866911232183,65.97602324444216,420.12701142377904,156.66666666666666,576.7936780904457,192.6073953939073,0.3396360093088206,88,76.0,5.018834701823581,5.477272727272734,2.5094173509117903,76.0,-6.196598852762688,-5.669384057971001,-8.262131803683584
106.85823754789271,2024-10-05,0.7349860525350681,0.326883431931346,326.8834319313464,42.99547933340072,2579.7287600040436,2024-10-05T17:09:21+00:00,261,3.15,0.09968014498338901,189.0,FE0D7B1F-0A14-483E-8A21-8B58D09E9FFF,40,152.0,74.0,290.02152949813313,,0.265013947464931,11.394401701291402,683.6641020774841,34.930187419790236,6,2024-10-05 16:26:21+00:00,31.601077632109323,1896.0646579265594,Saturday,2024,2024-09-30,15.348706681177573,204.65129331882244,197.2559053231757,0.5137415266725611,0.5221478731699011,0.541723896036576,0.2895594845997898,0.6990898277371564,z1_under_60,z1_under_60,z1_under_60,z1_under_60,lthr_z1_under_85,1591.0,1.3255813953488371,2.8700361010830324,1.0,4.616666666666666,21.9,0.17410433689503457,0.8258956631049654,z1,21.9,0.8258956631049654,1.5833333333333333,0.059710873664362035,2.05,0.07730986800754243,0.9833333333333333,0.03708359522313011,0.0,0.0,0.0,0.0,0.28268253580065755,z1,1.0,1.3255813953488371,3.15,0.09968014498338937,12.154071125930482,56.99400748846142,15.75,72.74400748846142,222.53806826079685,2.714077418394147,1,0.0,,,,0.0,,,
142.44719101123596,2024-10-08,0.602123359257544,4.069080108642578,4069.080108642578,131.45641661683717,7887.384997010231,2024-10-09T01:52:53+00:00,1335,18.300000009934106,0.231197867749169,1098.0000005960464,FA972174-A7F5-41B8-81FD-1A76BC6EF65F,41,184.00000000000003,80.0,58.35690897397514,22.86,0.39787664074245505,52.303437447547914,3138.2062468528748,579.6290314758302,81,2024-10-08 23:41:25+00:00,79.15297916928927,4749.178750157356,Tuesday,2024,2024-10-07,15.356920402198538,204.64307959780146,197.25015571846103,0.684842264477096,0.6960762674760212,0.7221651637859977,0.5481364644825998,0.9319205005702491,z2_60_70,z2_60_70,z3_70_80,z1_under_60,lthr_z3_90_95,7089.0,3.3226124982367047,4.252666930067167,1.0,84.36666666666666,33.78333333333333,0.7140640428833404,0.2859359571166596,z1,33.78333333333333,0.2859359571166596,16.216666666666665,0.13725490196078433,15.1,0.12780363944138806,8.216666666666667,0.06954436450839328,20.816666666666666,0.17618846099590915,24.016666666666666,0.20327267597686557,0.5350864610725955,z3,3.0,3.3226124982367047,18.300000009934106,0.23119786774916948,70.34054875278814,436.7787328245144,91.50000004967053,528.2787328741849,129.827557769664,0.4096739890741128,119,107.0,1.3363202085496066,-0.375,0.6681601042748033,108.0,-2.00791361780006,-0.7569444444444429,-2.6772181570667475
144.31254379817798,2024-10-10,0.646019588759644,3.726180099487305,3726.1800994873047,138.07121728459995,8284.273037075996,2024-10-11T01:38:15+00:00,1427,33.4832172413667,0.37538623187249703,2008.9930344820023,D0CBA4BF-D630-4E01-B727-4792B6DD8CA8,41,185.0,82.0,71.81352642241875,22.86,0.353980411240355,48.87450627485911,2932.4703764915466,537.7345288071609,74,2024-10-10 23:20:10+00:00,89.19671100974082,5351.80266058445,Thursday,2024,2024-10-07,15.362396216212517,204.63760378378748,197.24632264865124,0.6938103067220095,0.7052102894571287,0.7316361687271475,0.561710910919569,0.9441240441473914,z2_60_70,z3_70_80,z3_70_80,z1_under_60,lthr_z3_90_95,7815.0,3.470377479206654,4.403137669663318,1.0,94.55,35.7,0.7259117082533589,0.27408829174664107,z6,35.7,0.27408829174664107,16.65,0.12783109404990403,15.466666666666667,0.11874600127959054,13.2,0.10134357005758157,11.583333333333334,0.08893154190658989,37.65,0.2890595009596929,0.5483159134622552,z3,3.0,3.470377479206654,33.4832172413667,0.3753862318724973,75.70664562825094,479.1592429911242,167.4160862068335,646.5753291979577,173.52229681193396,0.49762497792881,126,118.0,0.5578470543721618,-1.3499999999999943,0.2789235271860809,121.0,-2.1491385530307574,-1.3333333333333428,-2.865518070707676
141.79391634980988,2024-10-11,0.35620032669314405,2.263140060424804,2263.1400604248047,126.34928248325984,7580.95694899559,2024-10-12T01:31:20+00:00,1315,6.916666668653488,0.153684388359298,415.0000001192093,CE9B2C3B-E5EA-4B62-B786-BC3C23B9C507,41,187.0,80.0,59.65913000921431,22.86,0.6437996733068551,81.34362678527832,4880.617607116699,320.8994924157784,45,2024-10-11 23:24:59+00:00,45.00565569798152,2700.339341878891,Friday,2024,2024-10-07,15.365134123219505,204.6348658767805,197.24440611374635,0.6817015209125474,0.6929118151116541,0.7188742086203477,0.543422743018983,0.9276466356722181,z2_60_70,z2_60_70,z3_70_80,z1_under_60,lthr_z3_90_95,7261.0,3.3283294312078224,4.0417416336811804,1.0,92.63333333333334,28.383333333333333,0.7654593031262912,0.23454069687370885,z1,28.383333333333333,0.23454069687370885,18.333333333333332,0.15149428453381078,16.05,0.13262636000550887,16.5,0.1363448560804297,26.916666666666668,0.222421154111004,14.833333333333334,0.1225726483955378,0.5304533074454602,z3,3.0,3.3283294312078224,6.916666668653488,0.15368438835929898,67.02239478660593,420.5320355010247,34.58333334326744,455.11536884429216,201.09907327559057,0.4207453432771645,0,0.0,,,,0.0,,,
146.0,2024-10-12,0.59423554542973,4.503420120239258,4503.420120239258,120.26746953328451,7216.04817199707,2024-10-12T16:01:17+00:00,1245,23.366539029280343,0.32695470479119404,1401.9923417568207,08B5977C-0741-4D96-A90C-A311D3FAA780,41,194.0,79.0,47.608619747274105,22.86,0.40576445457027,48.800264177719754,2928.015850663185,657.4993375549317,90,2024-10-12 14:01:01+00:00,71.46720535556476,4288.032321333885,Saturday,2024,2024-10-07,15.367872030226494,204.6321279697735,197.24248957884146,0.7019230769230769,0.7134754520148755,0.7402056236044471,0.5739938862047517,0.9551637495787768,z3_70_80,z3_70_80,z3_70_80,z1_under_60,lthr_z4_95_100,6783.0,3.7321244287188557,5.024321389793703,1.0,76.75,36.3,0.6789031402034498,0.32109685979655017,z6,36.3,0.32109685979655017,7.55,0.06678460858027421,7.066666666666666,0.06250921421200059,5.15,0.04555506413091552,13.183333333333334,0.11661506707946337,43.8,0.3874391862007961,0.5602836879432624,z4,4.0,3.7321244287188557,23.366539029280343,0.32695470479119443,67.3839013697126,448.85316102537183,116.83269514640172,565.6858561717736,125.61249918244799,0.3260864366251651,58,57.0,-1.1145565737628829,-0.4141414141413975,-0.5572782868814414,56.0,3.348247547170605,1.433333333333323,4.46433006289414
151.0892703862661,2024-10-14,0.5941194272726941,3.931920104980468,3931.9201049804688,120.20848631660144,7212.509178996086,2024-10-15T01:39:17+00:00,1165,16.25000001390775,0.227533047410258,975.000000834465,69CB869B-2769-493B-B8A4-6FA9689DD342,42,194.0,90.0,54.49108461278732,22.86,0.40588057272730504,48.79028927286466,2927.4173563718796,594.0709398785898,78,2024-10-14 23:39:04+00:00,71.41819704373678,4285.0918226242065,Monday,2024,2024-10-14,15.37334784424047,204.62665215575953,197.23865650903167,0.7263907230108947,0.7383655491331531,0.7660226096670235,0.6109955380669851,0.9884588631730655,z3_70_80,z3_70_80,z3_70_80,z2_60_70,lthr_z4_95_100,6493.0,3.9519482519636533,4.755289968652038,1.0,85.06666666666666,23.15,0.7860773140304944,0.21392268596950562,z6,23.15,0.21392268596950562,8.116666666666667,0.07500385030032343,9.483333333333333,0.08763283536115817,12.4,0.11458493762513476,20.166666666666668,0.186354535653781,34.9,0.322501155090097,0.5963778041579155,z4,4.0,3.9519482519636533,16.25000001390775,0.2275330474102586,71.6896731106416,475.0577173700898,81.25000006953876,556.3077174396285,141.4850003526183,0.360654892789399,89,83.0,-0.08728321656152317,-0.2916666666666572,-0.043641608280761586,84.0,-1.7424070264922118,-1.2691666666666777,-2.3232093686562814
138.75283732660782,2024-10-15,0.42675153942275,3.611880096435547,3611.880096435547,150.4591527322928,9027.549163937569,2024-10-16T01:49:27+00:00,1586,5.550000001986821,0.08643691834122301,333.0000001192093,D0534E9E-4216-4D43-9B26-5743308191A1,42,198.0,84.0,53.3312347041483,22.86,0.5732484605772491,86.25047768354416,5175.0286610126495,501.158611463934,72,2024-10-15 23:19:00+00:00,64.20867504874865,3852.520502924919,Tuesday,2024,2024-10-14,15.376085751247459,204.62391424875256,197.23673997412678,0.6670809486856145,0.6780871035334214,0.7034837289685948,0.5213689620607357,0.9077512353806629,z2_60_70,z2_60_70,z3_70_80,z1_under_60,lthr_z3_90_95,8535.0,3.1291154071470415,4.396000747523828,1.0,89.18333333333334,53.06666666666667,0.6269478617457528,0.3730521382542472,z1,53.06666666666667,0.3730521382542472,13.6,0.09560632688927943,12.333333333333334,0.08670181605155243,11.883333333333333,0.08353837141183362,27.883333333333333,0.19601640304628,23.483333333333334,0.16508494434680726,0.5088853711106938,z3,3.0,3.1291154071470415,5.550000001986821,0.08643691834122319,76.56646177517338,470.8040529609073,27.750000009934105,498.55405297084144,138.03172853463465,0.3843613992455726,119,108.0,0.25104313406336365,-1.6527777777777715,0.12552156703168182,114.0,-1.901743035238068,0.07638888888888573,-2.5356573803174247
137.10094339622643,2024-10-16,0.39993331800903503,2.377440063476562,2377.4400634765625,113.80969253381093,6828.581552028656,2024-10-17T01:42:52+00:00,1060,4.2,0.09227466009533701,252.0,159F79F9-30CE-40A5-ACDB-6E18086EAEF2,42,193.0,79.0,57.43524977459504,22.86,0.600066681990964,68.29340457717578,4097.604274630547,325.9492755706211,47,2024-10-16 23:49:04+00:00,45.51628795663516,2730.9772773981094,Wednesday,2024,2024-10-14,15.378823658254447,204.62117634174555,197.23482343922188,0.6591391509433963,0.6700232392724054,0.6951152996492743,0.5093761386121958,0.8969441860625156,z2_60_70,z2_60_70,z2_60_70,z1_under_60,lthr_z2_85_90,5957.0,2.957025348329696,3.950645406226272,1.0,65.85,33.43333333333333,0.6632533154272284,0.3367466845727715,z1,33.43333333333333,0.3367466845727715,15.633333333333333,0.15746180963572268,14.683333333333334,0.14789323484975658,6.933333333333334,0.06983380896424375,14.5,0.14604666778579822,14.1,0.14201779419170724,0.4971698113207548,z2,2.0,2.957025348329696,4.2,0.09227466009533722,56.582743363507895,336.5381457080879,21.0,357.5381457080879,150.38786937293182,0.41892672910794787,99,85.0,1.6194976730226338,-0.19696969696971678,0.8097488365113169,83.0,-2.051211265162287,-1.0101010101010104,-2.734948353549716
153.42081101759754,2024-10-18,0.384678013708911,2.78892007446289,2788.9200744628906,121.80608749985694,7308.365249991417,2024-10-19T01:28:57+00:00,1307,23.333333331346513,0.49797830978052904,1399.9999998807907,2C7C7A88-B628-498A-80E4-9C89F72674C1,42,195.0,103.0,50.40243809007973,22.86,0.615321986291088,74.94996370275815,4496.997822165489,427.87837968735516,55,2024-10-18 23:27:09+00:00,46.856123797098796,2811.3674278259277,Friday,2024,2024-10-14,15.384299472268424,204.61570052773158,197.2309903694121,0.7376000529692189,0.7497997984607463,0.7778737546784182,0.6279865646593318,1.0037123090067492,z3_70_80,z3_70_80,z3_70_80,z2_60_70,lthr_z5_100_106,7023.0,4.030186529972946,4.708137306150897,1.0,95.65,21.4,0.8171721486544212,0.1828278513455788,z6,21.4,0.1828278513455788,10.45,0.08927808628791115,12.75,0.10892780862879112,14.0,0.1196070055531824,15.516666666666667,0.13256443115477717,42.93333333333333,0.36679481702975936,0.6129135533162946,z5,5.0,4.030186529972946,23.333333331346513,0.49797830978052965,74.65660190509281,490.9012531106295,116.66666665673256,607.5679197673621,217.85060293790306,0.3285241275663607,122,119.0,3.5966461057518906,2.927272727272708,1.7983230528759453,120.0,-5.186928454411722,-3.7777777777777715,-6.915904605882294
150.53851797505502,2024-10-21,0.5291785908762731,4.069080108642578,4069.080108642578,121.90329653422037,7314.197792053223,2024-10-22T01:49:26+00:00,1363,48.166666664679845,0.7466702997926921,2889.9999998807907,FEA5F1D0-EDF2-4D3F-879C-07DC0627B297,43,182.0,75.0,47.56009684803498,22.86,0.47082140912372605,57.39468185106913,3443.680911064148,612.5532890768295,81,2024-10-21 23:47:32+00:00,64.50861468315125,3870.5168809890747,Monday,2024,2024-10-21,15.392513193289389,204.6074868067106,197.22524076469742,0.7237428748800722,0.7357429599693306,0.763282211705637,0.607078291404281,0.9848557211307236,z3_70_80,z3_70_80,z3_70_80,z2_60_70,lthr_z4_95_100,7123.0,4.208619963498526,5.139648614381453,1.0,92.01666666666667,26.7,0.7750947634423698,0.2249052365576302,z6,26.7,0.2249052365576302,7.25,0.061069773971641164,5.133333333333334,0.04324020777762179,6.4,0.053909869437034956,21.966666666666665,0.1850343956198231,51.266666666666666,0.4318405166362488,0.5924717586883335,z4,4.0,4.208619963498526,48.166666664679845,0.7466702997926927,72.22426048753498,513.0446474102006,240.83333332339922,753.8779807335998,185.26987933523117,0.31593307472254994,114,112.0,2.612091416467425,2.0261111111111205,1.3060457082337125,111.0,-2.784063838974325,-1.819444444444457,-3.7120851186324333
151.35853976531942,2024-10-22,0.391362024405828,4.069080108642578,4069.080108642578,145.74639886816342,8744.783932089806,2024-10-23T01:52:27+00:00,1534,4.950000001986821,0.08678180608532,297.0000001192093,A320B731-3BD3-49A3-9B6E-BE5BBB4AEDAF,43,203.0,90.0,42.05344022823765,22.86,0.6086379755941711,88.70679315725963,5322.407589435577,615.890023432248,81,2024-10-22 23:26:43+00:00,57.03960571090381,3422.376342654228,Tuesday,2024,2024-10-21,15.395251100296377,204.60474889970362,197.22332422979252,0.7276852873332664,0.7397606388868068,0.7674474626995219,0.6130496253934236,0.9902204820069239,z3_70_80,z3_70_80,z3_70_80,z2_60_70,lthr_z4_95_100,8243.0,4.183307048404707,4.890289103039288,1.0,112.41666666666667,24.966666666666665,0.8182700473128716,0.18172995268712847,z6,24.966666666666665,0.18172995268712847,10.383333333333333,0.07557927938857212,10.283333333333333,0.07485138905738202,11.85,0.08625500424602693,28.666666666666668,0.2086618949411622,51.233333333333334,0.37292247967972825,0.5982875160660952,z4,4.0,4.183307048404707,4.9500000019868216,0.08678180608532099,87.19825095441185,609.7019376647919,24.75000000993411,634.451937674726,155.9202376790698,0.27783989125054503,138,129.0,1.18469209572244,-0.38164251207729194,0.59234604786122,127.0,-0.8707423898361217,-0.5999999999999943,-1.1609898531148288
150.27745180217937,2024-10-23,0.5706969765485961,3.794760101318359,3794.7601013183594,112.71187744935354,6762.712646961212,2024-10-24T01:46:32+00:00,1193,30.116636949777604,0.46819979369107506,1806.9982169866562,D8D970F2-5BEE-4957-907E-35E1B1CFA2AA,43,191.0,94.0,50.85248550424678,22.86,0.42930302345140303,48.387549767891564,2903.252986073494,570.266878226703,75,2024-10-23 23:53:50+00:00,64.32432768146197,3859.459660887718,Wednesday,2024,2024-10-21,15.397989007303366,204.60201099269665,197.22140769488766,0.7224877490489393,0.7344866801311332,0.7619733251000157,0.6052051943237908,0.9831477694555724,z3_70_80,z3_70_80,z3_70_80,z2_60_70,lthr_z4_95_100,6357.0,3.871794871794872,4.732570026579432,1.0,81.51666666666667,24.433333333333334,0.7693880761365424,0.2306119238634576,z6,24.433333333333334,0.2306119238634576,10.7,0.10099103350637093,12.333333333333334,0.11640711027214094,5.7,0.053798961774421894,12.116666666666667,0.11436212049708983,40.666666666666664,0.3838288500865188,0.5906202255473715,z4,4.0,3.871794871794872,30.116636949777604,0.4681997936910751,66.56991448100487,436.3972690987791,150.58318474888802,586.9804538476671,154.68183447057456,0.3383906560459079,91,87.0,1.430204786410801,-0.4027777777777999,0.7151023932054005,88.0,-1.6888062189146404,0.217261904761898,-2.251741625219521
137.66314996232103,2024-10-24,0.38717098947120204,3.5204400939941403,3520.4400939941406,139.08357674876848,8345.01460492611,2024-10-25T01:41:36+00:00,1327,27.99999997417132,0.519971298310107,1679.9999984502792,FE96F4B1-0BF7-4C4B-9978-8C020DFBD86A,43,178.0,69.0,45.88840422612021,22.86,0.612829010528797,85.2344507197539,5114.067043185234,484.6348725928829,70,2024-10-24 23:22:31+00:00,53.849126029014585,3230.9475617408752,Thursday,2024,2024-10-21,15.400726914310356,204.59927308568965,197.21949115998274,0.6618420671265434,0.6728428106617239,0.6980200037665135,0.5135430469775498,0.900622263676959,z2_60_70,z2_60_70,z2_60_70,z1_under_60,lthr_z3_90_95,7384.0,3.3136511375947997,4.455501618122978,1.0,82.4,40.666666666666664,0.6695557963163596,0.3304442036836403,z1,40.666666666666664,0.3304442036836403,12.05,0.09791440953412785,10.433333333333334,0.08477789815817985,11.033333333333333,0.08965330444203684,25.7,0.20882990249187433,23.183333333333334,0.18838028169014084,0.5011570919313548,z3,3.0,3.3136511375947997,27.99999997417132,0.5199712983101076,69.70272085882421,460.8744523143103,139.9999998708566,600.8744521851669,170.68162960939367,0.3333383279307502,103,95.0,3.976495798866657,4.821256038647334,1.9882478994333286,89.0,-4.0059608901368735,-5.0,-5.341281186849164
145.2291993720565,2024-10-25,0.46340493600632005,2.8575000762939453,2857.5000762939453,127.37989763418834,7642.7938580513,2024-10-26T01:32:08+00:00,1274,20.966666668653488,0.355195814703731,1258.0000001192093,8B1EE283-2515-4BBF-9054-253091042CB1,43,183.0,92.00000000000001,61.97214880381042,22.86,0.5365950639936791,68.35142432252566,4101.08545935154,414.9924482857601,57,2024-10-25 23:24:45+00:00,59.02847331166267,3541.7083986997604,Friday,2024,2024-10-21,15.403464821317344,204.59653517868264,197.21757462507787,0.6982173046733486,0.7098321545143559,0.7363907585221332,0.5685404742965962,0.950121004250255,z2_60_70,z3_70_80,z3_70_80,z1_under_60,lthr_z4_95_100,7053.0,3.698993336169006,4.5481826654240445,1.0,89.41666666666667,28.133333333333333,0.7606692187721537,0.23933078122784632,z5,28.133333333333333,0.23933078122784632,11.25,0.09570395576350489,9.683333333333334,0.08237629377569829,13.316666666666666,0.11328512689635616,29.133333333333333,0.24783779951793564,26.033333333333335,0.22146604281865873,0.5548170168230958,z4,4.0,3.698993336169006,20.966666668653488,0.3551958147037314,70.6725348086317,471.17739251075284,104.83333334326744,576.0107258540203,201.57855134726066,0.4267196202400497,125,118.0,2.716512072790469,0.7717391304347814,1.3582560363952345,119.0,-2.043924511523587,-2.1555555555555372,-2.725232682031449
144.48446069469836,2024-10-26,0.348127683150432,1.668780044555664,1668.780044555664,60.317152220010755,3619.0291332006454,2024-10-26T17:10:59+00:00,547,17.033333337306978,0.8111856454870541,1022.0000002384186,1209DEEB-47B9-4181-958F-60067933D518,43,177.0,83.0,37.74866051117358,22.86,0.651872316849567,39.31908176342646,2359.1449058055878,241.1127847556998,33,2024-10-26 16:10:40+00:00,20.998070456584294,1259.8842273950577,Saturday,2024,2024-10-21,15.406202728324333,204.59379727167567,197.21565809017298,0.6946368302629728,0.7062015692628285,0.7326216492842352,0.5631391983586814,0.9452487618699691,z2_60_70,z3_70_80,z3_70_80,z1_under_60,lthr_z3_90_95,3102.0,3.4216634429400385,4.5788470700333495,1.0,34.983333333333334,16.716666666666665,0.6766602192134107,0.3233397807865893,z1,16.716666666666665,0.3233397807865893,6.15,0.11895551257253385,3.05,0.05899419729206963,4.383333333333334,0.08478401031592521,7.2,0.13926499032882012,14.2,0.2746615087040619,0.5495351822319032,z3,3.0,3.4216634429400385,17.033333337306978,0.8111856454870544,33.146397236933055,206.3849947334604,85.16666668653488,291.5516614199953,174.7094605853973,0.26126450089977543,32,25.0,1.679186640583067,0.7083333333333428,0.8395933202915336,25.0,-3.6823041353286383,-0.75,-4.909738847104851
148.62943143812709,2024-10-29,0.696808999940285,4.297680114746094,4297.680114746094,144.09567983349163,8645.740790009499,2024-10-30T01:55:23+00:00,1495,44.93333333532016,0.44751121732182103,2696.0000001192093,7CF2613E-2CC8-49C0-AA10-30A678ADF25C,44,187.0,75.0,70.08932531947387,22.86,0.303191000059714,43.688513273000716,2621.310796380043,638.7617519576567,85,2024-10-29 23:31:18+00:00,100.40716656049092,6024.429993629456,Tuesday,2024,2024-10-28,15.414416449345298,204.5855835506547,197.2099084854583,0.7145645742217648,0.7264902485239237,0.7536610740280659,0.5932993074675857,0.9723660618507068,z3_70_80,z3_70_80,z3_70_80,z1_under_60,lthr_z4_95_100,8094.0,3.849518161601186,4.917119565217392,1.0,98.13333333333334,36.766666666666666,0.7274524339016556,0.27254756609834446,z6,36.766666666666666,0.27254756609834446,12.433333333333334,0.09216703731158883,9.216666666666667,0.0683222139856684,7.083333333333333,0.05250803063998023,14.716666666666667,0.1090931554237707,54.68333333333333,0.4053619965406474,0.5789321378590574,z4,4.0,3.849518161601186,44.93333333532016,0.44751121732182125,83.42161998225757,554.6989365272958,224.66666667660078,779.3656032038966,181.3456521647008,0.4715709711145019,135,123.0,3.160116973205875,1.3055555555555713,1.5800584866029375,125.0,-2.7354736798577797,-1.8571428571428612,-3.647298239810374
127.76952748312439,2024-10-30,0.43566935253294004,3.36042008972168,3360.4200897216797,121.75950675010681,7305.570405006409,2024-10-31T01:49:27+00:00,1037,1.516666664679845,0.028591059611254,90.99999988079071,F1F46ECB-E3B7-4A55-A7BC-B99A56E196EE,44,192.0,76.0,47.357369662918636,22.86,0.5643306474670591,68.71262127955755,4122.757276773453,429.3592870085375,67,2024-10-30 23:47:41+00:00,53.04688547054926,3182.813128232956,Wednesday,2024,2024-10-28,15.417154356352286,204.58284564364772,197.2079919505534,0.614276574438098,0.624536857335925,0.6478922391500263,0.44169407311521297,0.835896033922532,z2_60_70,z2_60_70,z2_60_70,z1_under_60,lthr_z1_under_85,6061.0,2.3121597096188746,3.8484957020057307,1.0,46.53333333333333,54.483333333333334,0.4606500577462465,0.5393499422537535,z1,54.483333333333334,0.5393499422537535,12.0,0.11879227850189737,8.1,0.08018478798878073,8.133333333333333,0.08051476654017489,11.55,0.11433756805807622,6.75,0.06682065665731728,0.4309895566179035,z1,1.0,2.3121597096188746,1.5166666646798452,0.028591059611254143,52.47707582824316,281.52742577066437,7.583333323399226,289.1107590940636,86.0341122166094,0.37064682476166727,88,76.0,1.4235776751798195,-0.2475845410627926,0.7117888375899097,73.0,-4.81432491008429,-3.183333333333337,-6.419099880112386
145.75319926873857,2024-10-31,0.41821889969551,3.5204400939941403,3520.4400939941406,118.99669041832288,7139.801425099373,2024-11-01T01:28:05+00:00,1094,9.85,0.19792365056070402,591.0,143E4A22-6DAD-4304-845E-AC2C095DDA69,44,193.0,97.0,42.40946893463129,22.86,0.581781100304489,69.23002548416456,4153.801529049873,513.1154065335847,70,2024-10-31 23:29:05+00:00,49.76666493415833,2985.9998960494995,Thursday,2024,2024-10-28,15.419892263359275,204.5801077366407,197.2060754156485,0.7007365349458585,0.7124504961956958,0.7390908163530793,0.5724170489784026,0.9535491255248696,z3_70_80,z3_70_80,z3_70_80,z1_under_60,lthr_z4_95_100,6267.0,3.5284825275251315,4.491846628470692,1.0,75.63333333333334,28.816666666666666,0.7241104196585288,0.2758895803414712,z1,28.816666666666666,0.2758895803414712,11.2,0.10722833891814265,12.133333333333333,0.11616403382798787,6.983333333333333,0.06685814584330621,18.9,0.18094782192436573,26.416666666666668,0.25291207914472635,0.558533328147082,z4,4.0,3.5284825275251315,9.85,0.1979236505607041,66.46361753783387,419.87774297436954,49.25,469.12774297436954,133.25826613970793,0.29096767101789,92,77.0,0.29319794309247577,-0.15277777777777146,0.14659897154623788,79.0,-4.847249482012608,-0.12777777777776578,-6.462999309350147
149.1709886547812,2024-11-01,0.52060257433585,4.549140121459961,4549.140121459961,129.19678579966228,7751.807147979736,2024-11-02T01:28:38+00:00,1234,29.58331436912219,0.43983401002473804,1774.9988621473312,59370BAE-ABB1-4731-A30F-BFC37D4E4F2E,44,200.0,80.0,44.355753496752484,22.86,0.47939742566415006,61.93660651644071,3716.1963909864426,678.5997294473138,90,2024-11-01 23:19:26+00:00,67.26017928322156,4035.6107569932938,Friday,2024,2024-10-28,15.422630170366263,204.57736982963374,197.20415888074362,0.7171682146864481,0.7291666169088331,0.7564292228998589,0.5972711119316793,0.9759090469306438,z3_70_80,z3_70_80,z3_70_80,z1_under_60,lthr_z4_95_100,6752.0,3.619075829383886,5.0054360135900335,1.0,73.58333333333333,38.95,0.6538803317535545,0.3461196682464455,z6,38.95,0.3461196682464455,6.766666666666667,0.060130331753554506,8.016666666666667,0.07123815165876778,6.916666666666667,0.061463270142180094,8.233333333333333,0.07316350710900474,43.65,0.3878850710900474,0.5827729691828455,z4,4.0,3.619075829383886,29.58331436912219,0.4398340100247386,75.29239446934928,467.57296472164506,147.91657184561095,615.489536567256,135.29799481527647,0.2973483912438412,69,59.0,4.00010319799745,1.6399999999999864,2.000051598998725,59.0,-4.004944732983168,-0.1369047619047592,-5.339926310644224
141.02585034013606,2024-11-02,0.37999173676497205,3.611880096435547,3611.880096435547,139.130691999197,8347.84151995182,2024-11-02T17:21:10+00:00,1470,13.650000001986822,0.258187702897749,819.0000001192093,1A8A966D-A75A-4CC7-9280-78D4D43349C3,44,192.0,88.0,43.91218302810912,22.86,0.620008263235027,86.26217870910962,5175.730722546577,509.36846192643566,72,2024-11-02 15:02:02+00:00,52.868513290087385,3172.110797405243,Saturday,2024,2024-10-28,15.425368077373252,204.57463192262674,197.20224234583873,0.6780088958660387,0.6893613788510894,0.7151330971826139,0.5380777640878508,0.9226217808110944,z2_60_70,z2_60_70,z3_70_80,z1_under_60,lthr_z3_90_95,7916.0,3.2555583628095,4.477795091546552,1.0,85.56666666666666,46.36666666666667,0.6485598787266296,0.3514401212733704,z1,46.36666666666667,0.3514401212733704,15.5,0.11748357756442648,10.733333333333333,0.08135421930267812,9.133333333333333,0.06922688226376958,17.783333333333335,0.13479029813036889,32.416666666666664,0.24570490146538657,0.5250060307811069,z3,3.0,3.2555583628095,13.650000001986822,0.25818770289774984,73.04445236632712,452.94808786145865,68.25000000993411,521.1980878713928,144.30104930275706,0.3113768356808247,100,96.0,1.6906263578188527,-0.21439393939394336,0.8453131789094264,100.0,-5.097228658160389,-1.0582602339181335,-6.7963048775471835
152.83655172413793,2024-11-05,0.560100411426938,4.434840118408203,4434.840118408203,132.72104099988937,7963.262459993362,2024-11-05T02:50:36+00:00,1450,32.88320858279864,0.44235253064311203,1972.9925149679184,8D89D118-AE9B-40B9-99B8-DE14A36E5E8E,45,195.0,70.0,50.28621620009927,22.86,0.43989958857306105,58.38393133083979,3503.0358798503876,677.8056711453773,88,2024-11-05 00:37:53+00:00,74.33710966904958,4460.226580142975,Tuesday,2024,2024-11-04,15.433581798394217,204.56641820160579,197.19649274112405,0.7347911140583554,0.747124347523714,0.7750470081878128,0.623964430027851,0.9998899576542346,z3_70_80,z3_70_80,z3_70_80,z2_60_70,lthr_z4_95_100,7707.0,4.1880108991825615,5.0265486725663715,1.0,101.7,26.75,0.7917477617750097,0.20825223822499025,z6,26.75,0.20825223822499025,10.55,0.08213312572985597,9.85,0.07668353444920202,7.9,0.061502530167380304,11.45,0.08913974309069676,61.95,0.4822888283378747,0.608769870383957,z4,4.0,4.1880108991825615,32.88320858279864,0.4423525306431121,80.7965709267265,555.8371662583922,164.41604291399318,720.2532091723854,162.40793127642803,0.32901956785091097,127,126.0,0.8956787635270781,0.3472222222222001,0.44783938176353905,127.0,-0.11738432214857,-0.3194444444444571,-0.15651242953142716
147.84981412639405,2024-11-06,0.43493747641707803,3.8633401031494143,3863.340103149414,130.4449386994044,7826.696321964264,2024-11-06T02:47:29+00:00,1345,7.183333333333334,0.12661115087469502,431.0,3024A90E-4804-4139-881E-B9AEB857D7AA,45,203.0,85.0,44.05674178391531,22.86,0.5650625235829211,73.7095462501049,4422.572775006294,571.1941161576849,77,2024-11-06 00:37:03+00:00,56.735392449299496,3404.1235469579697,Wednesday,2024,2024-11-04,15.436319705401205,204.56368029459878,197.19457620621915,0.7108164140692022,0.7227569132187627,0.7497661293268935,0.5877264547826182,0.9672656358595325,z3_70_80,z3_70_80,z3_70_80,z1_under_60,lthr_z4_95_100,7370.0,3.787516960651289,4.855132294989679,1.0,88.81666666666666,34.016666666666666,0.7230664857530529,0.27693351424694707,z6,34.016666666666666,0.27693351424694707,11.783333333333333,0.09592944369063772,8.0,0.06512890094979647,5.966666666666667,0.0485753052917232,18.616666666666667,0.15156037991858887,44.45,0.36187245590230666,0.5734029370666245,z4,4.0,3.787516960651289,7.183333333333334,0.12661115087469577,74.79751097571426,494.0624177551118,35.91666666666667,529.9790844217785,137.18157611589433,0.29798307183701983,112,109.0,-1.4509835084726308,-1.1884057971014386,-0.7254917542363154,107.0,-0.7270471228031711,-3.03478260869565,-0.9693961637375612
141.77817745803358,2024-11-07,0.484782570291365,4.434840118408203,4434.840118408203,156.05649685064952,9363.389811038971,2024-11-07T02:54:14+00:00,1668,32.03333334128062,0.423421866674676,1922.0000004768372,7A49A70D-18D1-4905-9086-CEFFD7F32677,45,183.0,69.0,51.176683465927475,22.86,0.515217429708634,80.4030271967252,4824.181631803513,628.7635493056848,88,2024-11-07 00:18:11+00:00,75.6534696539243,4539.208179235458,Thursday,2024,2024-11-04,15.439057612408194,204.5609423875918,197.19265967131426,0.681625853163623,0.6930852771952889,0.7189830376767221,0.5436003574862008,0.9275436684195929,z2_60_70,z2_60_70,z3_70_80,z1_under_60,lthr_z3_90_95,9007.0,3.633618296880204,4.788086873203449,1.0,104.36666666666666,45.75,0.6952370378594427,0.30476296214055737,z1,45.75,0.30476296214055737,7.766666666666667,0.051737537470856,11.1,0.07394248917508604,15.266666666666667,0.1016986788053736,31.583333333333332,0.21039191739757965,38.65,0.25746641501054734,0.530341684099529,z3,3.0,3.633618296880204,32.03333334128062,0.42342186667467646,82.7632653544463,567.0497423035481,160.16666670640308,727.2164090099511,163.9780442121036,0.36096305075635354,133,132.0,-0.5405698912327723,0.5386473429951764,-0.27028494561638616,132.0,-1.2680126271765442,-1.6983333333333377,-1.690683502902059
131.47406082289802,2024-11-08,0.394254962834969,3.200400085449219,3200.4000854492188,130.04907343387603,7802.944406032562,2024-11-08T02:40:59+00:00,1118,14.699999992052714,0.286703439657082,881.9999995231628,ABE22B20-2EC9-427E-A181-4DC5DF1FF2C9,45,183.0,70.0,48.061952797565574,22.86,0.60574503716503,78.77658082048099,4726.594849228859,420.7695954919586,64,2024-11-08 00:30:56+00:00,51.27249261339505,3076.3495568037033,Friday,2024,2024-11-04,15.441795519415182,204.5582044805848,197.19074313640937,0.6320868308793174,0.6427220123325662,0.6667354599498064,0.4687038556976658,0.860131896629777,z2_60_70,z2_60_70,z2_60_70,z1_under_60,lthr_z2_85_90,6611.0,2.7333232491302373,4.243419190489669,1.0,58.88333333333333,51.3,0.5344123430645893,0.46558765693541065,z1,51.3,0.46558765693541065,9.816666666666666,0.08909393435183785,10.4,0.09438814097715928,9.6,0.08712751474814703,13.766666666666667,0.12494327635758584,15.3,0.1388594766298593,0.4572628427155888,z2,2.0,2.7333232491302373,14.699999992052714,0.28670343965708245,59.466609010902516,355.46615594465885,73.49999996026357,428.9661559049224,134.035165745445,0.3655622447252722,82,64.0,3.1827863758313724,1.0333333333333314,1.5913931879156862,61.0,-5.421203357206537,-2.492753623188406,-7.228271142942048
137.3939393939394,2024-11-09,0.3910569299439,3.063240081787109,3063.2400817871094,126.44218058387439,7586.530835032463,2024-11-09T02:40:19+00:00,1188,27.63333971699079,0.558857923519075,1658.0003830194473,C187C95E-A3CF-48A1-8DF0-6753B1573C8C,45,183.0,79.0,48.42528463426386,22.86,0.608943070056099,76.99608962933222,4619.7653777599335,420.8706221461441,61,2024-11-09 00:33:52+00:00,49.44609095454216,2966.7654572725296,Saturday,2024,2024-11-04,15.444533426422172,204.55546657357783,197.18882660150447,0.6605477855477856,0.6716708269662367,0.6967633093714608,0.5117494865701029,0.898861029595304,z2_60_70,z2_60_70,z2_60_70,z1_under_60,lthr_z2_85_90,6873.0,3.1441873999709005,4.699046184738956,1.0,66.4,48.15,0.5796595373199476,0.4203404626800524,z1,48.15,0.4203404626800524,7.933333333333334,0.06925651098501383,7.466666666666667,0.06518259857413065,8.4,0.07333042339589699,15.45,0.13487560017459624,27.15,0.23701440419030992,0.4992477971201376,z2,2.0,3.1441873999709005,27.63333971699079,0.5588579235190758,63.125980119565924,397.55791101666307,138.16669858495396,535.724609601617,174.8882213923868,0.3524557549472226,82,72.0,2.750276551940919,1.3333333333333428,1.3751382759704596,75.0,-4.059900647111174,-2.6038647342995205,-5.413200862814898
136.9240837696335,2024-11-13,0.438359727455348,3.2461200866699222,3246.120086669922,121.18341064850489,7271.004638910294,2024-11-13T02:48:57+00:00,1146,14.900000001986822,0.280486813668041,894.0000001192093,FEED6114-50ED-4561-87E7-6E82DB98C7B7,46,185.0,67.0,49.094234451274524,22.86,0.5616402725446511,68.06148378451665,4083.689027070999,444.47201867348235,64,2024-11-13 00:47:46+00:00,53.12192686398824,3187.3156118392944,Wednesday,2024,2024-11-11,15.455485054450126,204.54451494554988,197.1811604618849,0.6582888642770842,0.6694097067627697,0.694407535937496,0.5083742074143381,0.8957871319249431,z2_60_70,z2_60_70,z2_60_70,z1_under_60,lthr_z2_85_90,6499.0,3.1187875057701184,4.371694417238002,1.0,68.06666666666666,40.25,0.628404369903062,0.37159563009693797,z1,40.25,0.37159563009693797,10.133333333333333,0.09355285428527466,11.65,0.10755500846284044,8.566666666666666,0.07908909062932759,18.216666666666665,0.16817971995691644,19.5,0.18002769656870288,0.49591548772789723,z2,2.0,3.1187875057701184,14.900000001986822,0.28048681366804196,60.09673019628336,377.9453070371666,74.50000000993411,452.4453070471007,139.38033559049506,0.3585507611201007,100,92.0,2.4209785836757605,-0.010265700483088835,1.2104892918378802,94.0,-3.7514451204937984,-1.4561111111111131,-5.001926827325065
144.3708609271523,2024-11-14,0.468907759914201,4.343400115966797,4343.400115966797,132.19943683346114,7931.9662100076675,2024-11-14T02:42:24+00:00,1057,15.083217191696168,0.24331952488545902,904.99303150177,8EF241AC-6431-4E0D-A1EE-42F30500A263,46,189.0,99.0,42.8162316151472,22.86,0.531092240085798,70.21009504596393,4212.605702757835,627.0604140932197,86,2024-11-14 00:30:12+00:00,61.9893417874972,3719.360507249832,Thursday,2024,2024-11-11,15.458222961457114,204.54177703854288,197.17924392698,0.6940906775343861,0.7058257878533428,0.7321808221387447,0.562526256334982,0.9445055674869516,z2_60_70,z3_70_80,z3_70_80,z1_under_60,lthr_z3_90_95,6401.0,3.399312607405093,4.085794655414909,1.0,82.95,23.733333333333334,0.7775347601937197,0.22246523980628027,z1,23.733333333333334,0.22246523980628027,16.033333333333335,0.15028901734104047,18.666666666666668,0.17497266052179347,13.916666666666666,0.1304483674425871,10.816666666666666,0.10139040774878925,23.516666666666666,0.22043430713950946,0.5487295101216476,z3,3.0,3.399312607405093,15.083217191696168,0.2433195248854593,72.54173221198283,449.38721231983766,75.41608595848083,524.8032982783185,120.82775803893503,0.29657114559115727,113,91.0,-3.9426425156872993,-2.8499999999999943,-1.9713212578436496,94.0,1.6191005706403054,3.0541666666666742,2.1588007608537407
137.23076923076923,2024-11-15,0.541219990045808,2.9718000793457033,2971.800079345703,112.01854231754939,6721.112539052963,2024-11-15T02:38:06+00:00,1053,18.649999992052713,0.30762036990367003,1118.9999995231628,B357FF59-DE3D-4204-8EB1-EF57CDD85D57,46,181.0,76.0,61.20197126927675,22.86,0.45878000995419105,51.39186795949936,3083.5120775699615,407.82241088867187,59,2024-11-15 00:46:04+00:00,60.62667435805003,3637.6004614830017,Friday,2024,2024-11-11,15.460960868464102,204.5390391315359,197.17732739207514,0.6597633136094674,0.6709270260261575,0.6959764139509518,0.5106242538426039,0.897793534904393,z2_60_70,z2_60_70,z2_60_70,z1_under_60,lthr_z2_85_90,5833.0,3.0269158237613576,4.290564987475647,1.0,59.88333333333333,37.333333333333336,0.615978055888908,0.3840219441110921,z1,37.333333333333336,0.3840219441110921,8.483333333333333,0.0872621292645294,14.216666666666667,0.1462369278244471,7.25,0.07457569003943082,11.283333333333333,0.11606377507286131,18.65,0.19183953368763929,0.4980905619203491,z2,2.0,3.0269158237613576,18.649999992052713,0.3076203699036703,55.79537868844658,339.0706982956715,93.24999996026357,432.32069825593504,145.47435450338855,0.445978490190918,97,85.0,0.9814328792832631,1.2857142857142776,0.49071643964163153,88.0,-2.433625054713507,-0.7036714975845371,-3.2448334062846764
53.0,2024-11-15,1.0,0.0,0.0,14.652464415629705,879.1478649377823,2024-11-15T02:54:08+00:00,1,0.0,0.0,0.0,8A5CEF7D-CE2C-42C9-815A-A1FBAD9311FE,46,53.0,53.0,,22.86,0.0,0.0,0.0,0.0,0,2024-11-15 02:39:29+00:00,14.652464415629705,879.1478649377823,Friday,2024,2024-11-11,15.460960868464102,204.5390391315359,197.17732739207514,0.2548076923076923,0.25911923819059557,0.26879358139697634,-0.10178928170794516,0.34673752553202175,z1_under_60,z1_under_60,z1_under_60,z1_under_60,lthr_z1_under_85,5.0,1.0,,1.0,0.0,0.08333333333333333,0.0,1.0,z1,0.08333333333333333,1.0,0.0,0.0,0.0,0.0,0.0,0.0,0.0,0.0,0.0,0.0,-0.09929078014184398,z1,1.0,1.0,0.0,0.0,-1.4548546228284813,14.652464415629705,0.0,14.652464415629705,,,0,0.0,,,,0.0,,,
148.1503088538092,2024-11-19,0.42738385846209803,4.5948601226806645,4594.860122680664,159.8601979156335,9591.611874938011,2024-11-19T03:05:50+00:00,1457,10.83330199321111,0.158563194937605,649.9981195926666,CEFCDF29-3782-4A38-B9B1-D07ED0DA9A23,47,199.00000000000003,74.0,44.60745248530369,22.86,0.5726161415379011,91.53852971593538,5492.311782956123,680.729946315192,91,2024-11-19 00:25:59+00:00,68.32166819969812,4099.300091981888,Tuesday,2024,2024-11-18,15.471912496492056,204.52808750350795,197.16966125245557,0.7122611002586982,0.7243519003289376,0.7513849134432397,0.5900635304896484,0.9692315377127279,z3_70_80,z3_70_80,z3_70_80,z1_under_60,lthr_z4_95_100,8016.0,3.8594061876247503,4.68564077826017,1.0,103.65,29.95,0.7758233532934131,0.22417664670658682,z6,29.95,0.22417664670658682,13.8,0.10329341317365269,13.516666666666667,0.10117265469061876,11.383333333333333,0.08520459081836328,17.716666666666665,0.13260978043912175,47.233333333333334,0.3535429141716567,0.5755341053461646,z4,4.0,3.8594061876247503,10.83330199321111,0.15856319493760512,92.00499598783493,616.9654369905131,54.16650996605555,671.1319469565686,146.06145324071952,0.30109591286320664,108,91.0,3.425092548573708,1.826086956521749,1.712546274286854,86.0,-3.3445095200094936,-1.9583333333333286,-4.459346026679324
155.41007194244605,2024-11-20,0.48276849641151404,4.640580123901367,4640.580123901367,136.5681259671847,8194.087558031082,2024-11-20T02:43:32+00:00,1390,8.199970813592275,0.12437240565438401,491.9982488155365,3DC9A6FE-D31B-437A-8805-0AAA1488EA6E,47,201.0,90.0,42.622336262230704,22.86,0.517231503588485,70.63733713626861,4238.240228176117,721.1928909101968,92,2024-11-20 00:26:58+00:00,65.93078883091609,3955.847329854965,Wednesday,2024,2024-11-18,15.474650403499044,204.52534959650094,197.16774471755068,0.7471638074156061,0.7598572609656834,0.7882124541469809,0.6428638225740999,1.0167264865674948,z3_70_80,z3_70_80,z3_70_80,z2_60_70,lthr_z5_100_106,7519.0,4.440351110520016,4.986438588380336,1.0,108.15,17.166666666666668,0.863013698630137,0.136986301369863,z6,17.166666666666668,0.136986301369863,9.016666666666667,0.07195105732145232,7.483333333333333,0.059715387684532516,11.05,0.08817661923128076,29.0,0.23141375182870064,51.6,0.41175688256417076,0.6270217868258585,z5,5.0,4.440351110520016,8.199970813592275,0.12437240565438475,85.63119036740308,606.410429800026,40.99985406796137,647.4102838679873,139.51063586500584,0.27425723268447677,143,131.0,1.2210264298731706,0.37333333333333485,0.6105132149365853,138.0,-3.331101911951008,-3.0,-4.441469215934677
135.50870406189554,2024-11-21,0.47519929407681205,4.046220108032227,4046.2201080322266,126.9813582678636,7618.8814960718155,2024-11-21T02:46:22+00:00,1034,13.100000001986821,0.217097859084962,786.0000001192093,6A34F661-1AFF-4197-9069-25BC0B8E92E3,47,179.0,70.0,44.73912703613333,22.86,0.5248007059231871,66.63990645805994,3998.394387483597,548.29804318863,80,2024-11-21 00:39:24+00:00,60.341451809803644,3620.4871085882187,Thursday,2024,2024-11-18,15.477388310506033,204.52261168949397,197.16582818264578,0.6514841541437286,0.6625609899194165,0.687282909573794,0.4981631981842973,0.8865274100843902,z2_60_70,z2_60_70,z2_60_70,z1_under_60,lthr_z2_85_90,6157.0,3.104596394347897,4.144382431448678,1.0,68.68333333333334,33.93333333333333,0.669319473769693,0.33068052623030697,z1,33.93333333333333,0.33068052623030697,11.05,0.10768231281468248,10.766666666666667,0.10492122787071625,14.516666666666667,0.1414649991879162,21.916666666666668,0.2135780412538574,10.433333333333334,0.1016728926425207,0.4858773337723088,z2,2.0,3.104596394347897,13.100000001986821,0.21709785908496274,61.69736379397588,394.22586702780785,65.5000000099341,459.725867037742,113.6186007590471,0.3301568511473484,123,97.0,0.3798808038412703,0.26630434782609314,0.18994040192063516,105.0,-0.5990513792899533,0.1380952380952465,-0.7987351723866044
138.60372771474877,2024-11-22,0.43461989791461003,4.183380111694336,4183.380111694336,135.10444678465527,8106.266807079315,2024-11-22T02:46:37+00:00,1234,17.43333332935969,0.29689383878720504,1045.9999997615814,A1362EA4-C319-4C77-85C6-933BA92B1897,47,190.0,67.0,42.108830157612395,22.86,0.565380102085389,76.38536591529846,4583.121954917908,579.8320779285771,83,2024-11-22 00:31:30+00:00,58.719080869356794,3523.1448521614075,Friday,2024,2024-11-18,15.480126217513021,204.51987378248697,197.1639116477409,0.6663640755516768,0.677702978939631,0.7029873091703641,0.52067912618945,0.9067757278740771,z2_60_70,z2_60_70,z3_70_80,z1_under_60,lthr_z3_90_95,6981.0,3.362698753760206,4.662078152753108,1.0,75.06666666666666,41.28333333333333,0.6451797736713938,0.3548202263286062,z1,41.28333333333333,0.3548202263286062,7.516666666666667,0.06460392493912047,11.416666666666666,0.09812347801174617,9.45,0.0812204555221315,17.216666666666665,0.14797306976077926,29.466666666666665,0.2532588454376164,0.50782785613297,z3,3.0,3.362698753760206,17.43333332935969,0.2968938387872054,68.60980156468241,454.31555483022237,87.16666664679846,541.4822214770209,129.4365338601067,0.3038073423557108,115,99.0,-2.123275962812597,-3.142857142857139,-1.0616379814062984,95.0,-1.057858907781792,-0.15686274509803866,-1.4104785437090555
141.06538796861378,2024-11-23,0.36342579954986803,2.880360076904296,2880.360076904297,121.00767646630605,7260.460587978363,2024-11-23T02:26:59+00:00,1147,6.083335453271866,0.13832895272349102,365.00012719631195,93CBE34E-940E-4EBB-98F0-4C6F7008D8ED,47,195.0,76.0,45.80397283388014,22.86,0.636574200450131,77.03036489486695,4621.821893692017,406.31911173781083,57,2024-11-23 00:25:59+00:00,43.97731157143911,2638.6386942863464,Saturday,2024,2024-11-18,15.48286412452001,204.51713587548,197.161995112836,0.6781989806183355,0.6897485013407447,0.7154796130353719,0.5385902454780548,0.9228804445745618,z2_60_70,z2_60_70,z3_70_80,z1_under_60,lthr_z3_90_95,6387.0,3.1794269610145607,4.105756358768407,1.0,74.7,31.75,0.7017379051197745,0.2982620948802255,z1,31.75,0.2982620948802255,12.6,0.11836542977923908,15.433333333333334,0.14498199467668701,15.733333333333333,0.14780021919524033,13.333333333333334,0.12525442304681383,17.6,0.16533583842179428,0.5252864394937148,z3,3.0,3.1794269610145607,6.083335453271866,0.13832895272349172,63.56369152239329,384.73506904670063,30.41667726635933,415.15174631305996,144.13189157907286,0.3247002932007053,103,92.0,1.2777998357208984,-1.3409090909090935,0.6388999178604492,91.0,-3.5894071663186753,-1.0288461538461604,-4.785876221758235
137.23232323232324,2024-11-27,0.382550766091837,3.36042008972168,3360.4200897216797,143.61976646582286,8617.185987949371,2024-11-27T02:52:53+00:00,1386,11.81666667064031,0.21507587217602803,709.0000002384186,F674FEFE-1076-4114-9A14-8F934CB16FE0,48,184.00000000000003,75.0,49.04909227463444,22.86,0.6174492339081621,88.67791477839152,5320.674886703491,461.1582559490782,67,2024-11-27 00:29:16+00:00,54.94185168743134,3296.51110124588,Wednesday,2024,2024-11-25,15.493815752547965,204.50618424745204,197.15432897321642,0.6597707847707848,0.6710424124205087,0.6960654830509269,0.510757560590404,0.8978037015204969,z2_60_70,z2_60_70,z2_60_70,z1_under_60,lthr_z2_85_90,7826.0,3.058522872476361,4.183165382335507,1.0,84.35,46.083333333333336,0.646690518783542,0.35330948121645794,z1,46.083333333333336,0.35330948121645794,11.65,0.08931765908510095,17.966666666666665,0.13774597495527727,14.75,0.11308458982877588,23.25,0.17825198057756197,16.733333333333334,0.12829031433682597,0.4981015832079662,z2,2.0,3.058522872476361,11.81666667064031,0.2150758721760287,71.53723305658474,439.26434067543266,59.083333353201546,498.34767402863423,148.29921876520768,0.3574164680692484,118,115.0,4.590169493395156,2.9833333333333485,2.295084746697578,114.0,-5.33355610589352,-3.3741830065359437,-7.111408141191362
139.82919914953933,2024-11-27,0.42539345226958203,3.794760101318359,3794.7601013183594,138.14306221604346,8288.583732962608,2024-11-28T01:24:00+00:00,1411,7.133333333333334,0.12138712877284001,428.0,A3373A79-7312-4E5C-9BE8-F2901783F4BA,48,192.0,81.0,46.45760409683754,22.86,0.5746065477304171,79.37790807286898,4762.674484372139,530.6182659319709,75,2024-11-27 23:05:52+00:00,58.76515414317449,3525.9092485904694,Wednesday,2024,2024-11-25,15.493815752547965,204.50618424745204,197.15432897321642,0.672255765142016,0.6837406881561405,0.7092372755788449,0.5296430814957244,0.9147930284950103,z2_60_70,z2_60_70,z3_70_80,z1_under_60,lthr_z3_90_95,7766.0,3.286762812258563,4.427055191045929,1.0,86.36666666666666,43.06666666666667,0.6672675766160185,0.33273242338398146,z1,43.06666666666667,0.33273242338398146,9.966666666666667,0.07700231779551893,12.516666666666667,0.09670357970641257,17.416666666666668,0.13456090651558072,23.6,0.18233324748905486,22.866666666666667,0.17666752510945147,0.5165191429045343,z3,3.0,3.286762812258563,7.133333333333334,0.12138712877284033,71.35353609403852,454.0434796632126,35.66666666666667,489.7101463298793,129.0490395321028,0.33224537063359555,123,116.0,0.7422928668250008,-0.029239766081872176,0.3711464334125004,121.0,-2.5085307151873453,-0.3478260869565304,-3.344707620249794
158.23625,2024-11-29,0.541406395396124,2.834640075683594,2834.6400756835938,84.70291804273923,5082.175082564354,2024-11-30T00:36:24+00:00,800,20.233333333333334,0.44121034078963706,1214.0,C5883105-70C5-4BEF-A835-54F80DFC0AF9,48,191.0,105.0,48.53388823199394,22.86,0.45859360460387505,38.84421650568644,2330.6529903411865,448.5428156758881,56,2024-11-29 23:11:42+00:00,45.85870153705279,2751.5220922231674,Friday,2024,2024-11-25,15.499291566561942,204.50070843343806,197.15049590340664,0.760751201923077,0.773768713136285,0.802616545674465,0.6635329449532694,1.0352159580087996,z3_70_80,z3_70_80,z4_80_90,z2_60_70,lthr_z5_100_106,4426.0,4.648441030275644,5.094320486815416,1.0,65.73333333333333,8.033333333333333,0.8910980569362856,0.10890194306371441,z6,8.033333333333333,0.10890194306371441,4.983333333333333,0.0675553547220967,5.3,0.07184816990510619,4.066666666666666,0.055128784455490284,15.566666666666666,0.21102575689109807,35.81666666666667,0.48553999096249434,0.6470656028368795,z5,5.0,4.648441030275644,20.233333333333334,0.4412103407896375,54.80834472536786,393.7365196139442,101.16666666666667,494.9031862806109,174.59119079210134,0.30671788690640694,74,69.0,-2.956570639330563,-1.9027777777777715,-1.4782853196652814,70.0,-0.6246195232548315,0.8263888888888999,-0.8328260310064406
124.57864768683274,2024-11-30,0.37271929720677704,2.674620071411133,2674.620071411133,142.88469943404198,8573.081966042519,2024-11-30T18:31:48+00:00,1405,8.950000003973644,0.16805654521007402,537.0000002384186,738FBC3D-9BDD-451C-9712-3FDF6204CEC9,48,183.0,72.0,59.734709976837806,22.86,0.627280702793222,89.62881467938423,5377.728880763054,333.20055157245895,53,2024-11-30 16:08:55+00:00,53.25588475465774,3195.3530852794647,Saturday,2024,2024-11-25,15.50202947356893,204.49797052643106,197.14857936850174,0.5989358061866958,0.6091925869295174,0.6319023352127515,0.41875998217562393,0.8150206043973189,z1_under_60,z2_60_70,z2_60_70,z1_under_60,lthr_z1_under_85,7709.0,2.225580490335971,4.3255895811334035,1.0,47.35,81.13333333333334,0.36853028927227915,0.6314697107277208,z1,81.13333333333334,0.6314697107277208,5.783333333333333,0.04501232325852899,7.066666666666666,0.05500064859255416,11.25,0.08755999481125956,12.45,0.09689972759112725,10.8,0.08405759501880919,0.4083592034527145,z1,1.0,2.225580490335971,8.950000003973644,0.16805654521007427,58.348282046465904,318.00139942792293,44.75000001986822,362.75139944779113,135.6272628494869,0.4794939669517012,81,72.0,-2.014442462957221,-1.5126262626262559,-1.0072212314786104,70.0,-3.272893663730392,-1.0458333333333343,-4.363858218307191
131.16611515552614,2024-12-03,0.28937671189894004,2.926080078125,2926.080078125,151.6185349325339,9097.112095952034,2024-12-03T03:12:56+00:00,1511,14.0,0.31908924198014205,840.0,656BB7E4-39F5-46C4-BE5F-DD6E592C0558,49,189.0,71.0,44.98325944294643,22.86,0.710623288101059,107.74366183082263,6464.619709849358,383.80255648163467,58,2024-12-03 00:41:19+00:00,43.87487310171127,2632.4923861026764,Tuesday,2024,2024-12-02,15.510243194589895,204.4897568054101,197.14282976378706,0.6306063228631065,0.6414312247451209,0.6653354591322798,0.46669742274939613,0.8581172491070821,z2_60_70,z2_60_70,z2_60_70,z1_under_60,lthr_z2_85_90,8414.0,2.8370572854765865,4.618211610486892,1.0,71.2,69.03333333333333,0.5077252198716425,0.4922747801283575,z1,69.03333333333333,0.4922747801283575,8.416666666666666,0.06001901592583789,8.683333333333334,0.061920608509626815,11.033333333333333,0.0786783931542667,16.6,0.11837413834086047,26.466666666666665,0.18873306394105063,0.45507883089025636,z2,2.0,2.8370572854765865,14.0,0.31908924198014266,68.99838561839101,430.1504691436316,70.0,500.1504691436316,170.92849675669933,0.3429487820814768,81,68.0,-0.9798830830398297,0.047619047619051,-0.48994154151991487,68.0,-2.632105645465928,-1.4009661835748943,-3.509474193954571
125.0285941223193,2024-12-04,0.245485509629483,1.943100051879882,1943.1000518798828,121.02948994835218,7261.769396901131,2024-12-04T03:06:16+00:00,1259,7.833333333333333,0.26365107263744403,470.0,79CE53D3-7F3C-499F-80AF-9B1B88E74B79,49,198.0,78.0,45.871522660024596,22.86,0.7545144903705161,91.31850392818451,5479.110235691071,242.94306772554745,38,2024-12-04 01:05:14+00:00,29.71098602016767,1782.6591612100601,Wednesday,2024,2024-12-02,15.512981101596884,204.4870188984031,197.14091322888217,0.6010990102034582,0.6114255799505701,0.6342092672420571,0.4220659854818723,0.8179642518249146,z2_60_70,z2_60_70,z2_60_70,z1_under_60,lthr_z1_under_85,6620.0,2.4484894259818732,4.338788300835654,1.0,47.86666666666667,62.46666666666667,0.43383685800604227,0.5661631419939577,z1,62.46666666666667,0.5661631419939577,8.766666666666667,0.07945619335347431,6.6,0.05981873111782477,7.4,0.06706948640483383,9.85,0.08927492447129909,15.25,0.13821752265861026,0.41155031292425037,z1,1.0,2.4484894259818732,7.833333333333333,0.2636510726374448,49.80972446130676,296.33942637051973,39.166666666666664,335.5060930371864,172.66537186934656,0.36688825449918344,56,43.0,0.772342314090399,-0.9000000000000057,0.3861711570451995,44.0,-3.6876457706217334,-2.0060386473430043,-4.916861027495644
143.65934065934067,2024-12-04,0.46751190508049306,1.303020034790039,1303.020034790039,38.902556683619814,2334.153401017189,2024-12-04T17:49:20+00:00,455,13.766666668653489,0.7569339388669201,826.0000001192093,4B5B89D8-7AFC-4284-9361-B1255CB8FC7E,49,180.0,81.0,41.87366556629713,22.86,0.532488094919506,20.715148295958837,1242.9088977575302,187.19099906384818,26,2024-12-04 17:10:26+00:00,18.18740838766098,1091.2445032596588,Wednesday,2024,2024-12-02,15.512981101596884,204.4870188984031,197.14091322888217,0.6906699070160609,0.7025352583907347,0.7287139858815153,0.5575751170806065,0.9398506471656894,z2_60_70,z3_70_80,z3_70_80,z1_under_60,lthr_z3_90_95,2327.0,3.878813923506661,4.949882075471698,1.0,28.266666666666666,10.516666666666667,0.7288354103996562,0.2711645896003438,z6,10.516666666666667,0.2711645896003438,1.45,0.03738719381177482,3.6666666666666665,0.09454232917920069,2.8333333333333335,0.0730554361839278,7.216666666666667,0.18607649333906318,13.1,0.3377739578856897,0.5436832670875225,z3,3.0,3.878813923506661,13.766666668653489,0.7569339388669203,21.150669115807954,150.89577852443165,68.83333334326744,219.7291118676991,168.63064726637526,0.2914788928733296,36,35.0,1.7053264947612778,-1.0,0.8526632473806389,36.0,-3.5539615393152792,-4.348055555555561,-4.7386153857537066
107.66666666666667,2024-12-04,1.0,0.0,0.0,41.04223160346349,2462.5338962078094,2024-12-04T18:31:48+00:00,6,27.549977618455888,0.671259250340836,1652.9986571073532,C7EAAD5E-7120-4C30-BD04-7872188FE9D3,49,154.00000000000003,78.0,,22.86,0.0,0.0,0.0,0.0,0,2024-12-04 17:50:45+00:00,41.04223160346349,2462.5338962078094,Wednesday,2024,2024-12-02,15.512981101596884,204.4870188984031,197.14091322888217,0.5176282051282052,0.5265207896651843,0.5461406508838924,0.2957855002785213,0.7043787468354907,z1_under_60,z1_under_60,z1_under_60,z1_under_60,lthr_z1_under_85,162.0,1.7407407407407407,5.0,1.0,0.5,2.2,0.18518518518518517,0.8148148148148148,z1,2.2,0.8148148148148148,0.0,0.0,0.0,0.0,0.0,0.0,0.5,0.18518518518518517,0.0,0.0,0.28841607565011823,z1,1.0,1.7407407407407407,27.549977618455888,0.6712592503408364,11.8372393749942,71.44388464306607,137.74988809227943,209.1937727353455,,,0,0.0,,,,0.0,,,
147.24381625441697,2024-12-12,0.49957067083684503,1.120140029907226,1120.1400299072266,36.28208610018094,2176.9251660108566,2024-12-12T02:21:48+00:00,283,8.849999992052714,0.488263305722662,530.9999995231628,910B65FB-1F06-4466-AF6F-BEECEDDF8CDC,50,177.0,93.0,48.54428627266034,22.86,0.5004293291631541,18.15662000775337,1089.3972004652023,164.9336927428768,22,2024-12-12 01:45:31+00:00,18.125466092427573,1087.5279655456543,Thursday,2024,2024-12-09,15.534884357652793,204.4651156423472,197.12558094964305,0.70790296276162,0.720141505761685,0.7469543807814132,0.5837394882290939,0.963301065999023,z3_70_80,z3_70_80,z3_70_80,z1_under_60,lthr_z4_95_100,1666.0,3.5978391356542616,4.407874015748032,1.0,21.166666666666668,6.6,0.7623049219687875,0.23769507803121248,z6,6.6,0.23769507803121248,4.283333333333333,0.15426170468187275,1.8666666666666667,0.06722689075630252,2.95,0.10624249699879952,5.066666666666666,0.18247298919567828,7.0,0.25210084033613445,0.5691050798185601,z4,4.0,3.5978391356542616,8.849999992052714,0.48826330572266236,20.64831950602734,130.53710929440848,44.24999996026357,174.78710925467206,156.04040975943747,0.32968641745051297,48,33.0,1.944573020766072,1.4434782608695684,0.972286510383036,36.0,-2.4047222904320638,-2.78653381642512,-3.206296387242751
152.01548269581056,2024-12-13,0.525523655495598,3.726180099487305,3726.1800994873047,114.28209211826325,6856.925527095795,2024-12-13T02:31:11+00:00,1098,15.366646645466487,0.25586368641822405,921.9987987279892,D4C192AF-3FD4-4DC0-94F0-33A786E5F743,50,194.0,86.0,48.35349435949535,22.86,0.474476344504401,54.224149310588835,3253.44895863533,566.4370664350861,74,2024-12-13 00:36:54+00:00,60.05794280767441,3603.4765684604645,Friday,2024,2024-12-09,15.537622264659781,204.46237773534023,197.12366441473816,0.7308436668067816,0.7434887747054479,0.771168104789173,0.6184636414444468,0.994518345518891,z3_70_80,z3_70_80,z3_70_80,z2_60_70,lthr_z4_95_100,5929.0,4.087029853263619,4.888463989802422,1.0,78.45,20.366666666666667,0.7938944172710406,0.20610558272895935,z6,20.366666666666667,0.20610558272895935,10.433333333333334,0.10558272895935233,7.233333333333333,0.07319952774498228,5.783333333333333,0.05852588969472086,12.2,0.1234609546297858,42.8,0.43312531624219935,0.6029466857858905,z4,4.0,4.087029853263619,15.366646645466487,0.2558636864182248,68.90600868738467,467.07432218076485,76.83323322733243,543.9075554080973,145.96920730775602,0.3180826946177104,116,106.0,3.567030327822343,2.0980392156862706,1.7835151639111715,104.0,-3.178592206053796,-2.066666666666663,-4.238122941405061
156.5206378986867,2024-12-14,0.6182615267771481,3.840480102539062,3840.4801025390625,108.01260769963264,6480.756461977959,2024-12-14T02:18:59+00:00,1066,34.55004470348358,0.5173708316750141,2073.002682209015,00D5F345-0E13-4AAE-A3A0-A2407234246D,50,191.0,91.0,52.16538398681379,22.86,0.38173847322285104,41.23256795207659,2473.9540771245956,601.1143954866277,76,2024-12-14 00:30:58+00:00,66.78003974755605,4006.802384853363,Saturday,2024,2024-12-09,15.54036017166677,204.45963982833322,197.12174787983326,0.7525030668206091,0.7655331782355838,0.7940302862680718,0.6512503452685074,1.0239920505600792,z3_70_80,z3_70_80,z3_70_80,z2_60_70,lthr_z5_100_106,5979.0,4.278809165412277,4.904401513642701,1.0,83.68333333333334,15.966666666666667,0.8397725372135809,0.16022746278641914,z6,15.966666666666667,0.16022746278641914,11.916666666666666,0.11958521491888276,6.6,0.06623181133968892,6.1,0.061214249874560964,12.016666666666667,0.12058872721190834,47.05,0.4721525338685399,0.6348981411254375,z5,5.0,4.278809165412277,34.55004470348358,0.5173708316750142,68.57700384660788,462.1653358052688,172.7502235174179,634.9155593226867,165.3219239185549,0.3332811869868535,124,120.0,2.2434117670492015,1.9541666666666657,1.1217058835246008,115.0,-2.2150394427159226,-1.7750000000000057,-2.9533859236212296
154.6093916755603,2024-12-17,0.6215866979101451,4.183380111694336,4183.380111694336,110.34068900148074,6620.441340088844,2024-12-17T02:25:10+00:00,937,16.733333333333334,0.243974849644699,1004.0,7EFFABBF-6890-4C3D-B1BF-B6E3991023E9,51,189.0,112.0,49.184847676044996,22.86,0.378413302089854,41.75438447992007,2505.263068795204,646.7898542166988,83,2024-12-17 00:34:50+00:00,68.58630452156066,4115.17827129364,Tuesday,2024,2024-12-16,15.548573892687735,204.45142610731227,197.11599827511859,0.7433143830555783,0.7562157653740652,0.7843573988335995,0.6373843775703071,1.0114882621433006,z3_70_80,z3_70_80,z3_70_80,z2_60_70,lthr_z5_100_106,5540.0,4.367509025270758,4.635938413564607,1.0,85.51666666666667,6.816666666666666,0.9261732851985559,0.07382671480144404,z5,6.816666666666666,0.07382671480144404,8.616666666666667,0.09332129963898916,11.55,0.12509025270758123,9.566666666666666,0.1036101083032491,28.4,0.3075812274368231,27.383333333333333,0.29657039711191335,0.621343203372768,z5,5.0,4.367509025270758,16.733333333333334,0.24397484964469948,68.5594371665384,481.913955068561,83.66666666666667,565.5806217352276,135.19704321254193,0.31812328567501785,102,83.0,3.2565163928030945,2.4000000000000057,1.6282581964015472,87.0,-3.677924894123781,-3.916666666666657,-4.903899858831711
149.761872909699,2024-12-18,0.597160472456922,4.9377601318359385,4937.7601318359375,148.40136780142785,8904.08206808567,2024-12-18T02:50:35+00:00,1495,28.89999999801318,0.326113581427856,1733.9999998807907,4DA3AAF3-FB3E-4861-8838-F7DD4D5239C5,51,192.0,74.0,53.841880859006444,22.86,0.40283952754307706,59.78193689187368,3586.9162135124207,739.4882053225923,98,2024-12-18 00:22:11+00:00,88.61943090955417,5317.16585457325,Wednesday,2024,2024-12-16,15.551311799694723,204.44868820030527,197.1140817402137,0.720009004373553,0.7325156949061579,0.7597725722461448,0.6021292308667897,0.979774740221701,z3_70_80,z3_70_80,z3_70_80,z2_60_70,lthr_z4_95_100,8151.0,3.999631947000368,4.799533799533799,1.0,107.25,28.6,0.7894736842105263,0.21052631578947367,z6,28.6,0.21052631578947367,10.35,0.07618697092381303,11.45,0.08428413691571586,13.65,0.10047846889952153,25.7,0.18917924181082077,46.1,0.33934486566065514,0.5869636376574398,z4,4.0,3.999631947000368,28.89999999801318,0.3261135814278563,87.10620667806575,593.5508516371426,144.4999999900659,738.0508516272085,149.47077863678837,0.35951661002177204,170,161.0,1.4631273744622957,1.1010101010100755,0.7315636872311478,160.0,-1.0015706261799735,-1.0224999999999937,-1.335427501573298
155.71588188347965,2024-12-20,0.5107130819273631,4.869180130004882,4869.180130004883,141.03261313438415,8461.95678806305,2024-12-20T02:40:11+00:00,1253,18.699999996026357,0.259624140111271,1121.9999997615814,AE7C855B-5F05-484A-8495-3A330E9171BD,51,196.0,83.0,44.377409697138454,22.86,0.489286918072636,69.0054126282533,4140.324757695198,758.2086779932265,97,2024-12-20 00:19:09+00:00,72.02720050613085,4321.632030367851,Friday,2024,2024-12-16,15.5567876137087,204.4432123862913,197.1102486704039,0.7486340475167291,0.7616583601183964,0.7899938381380591,0.6454729945785832,1.0187271617040434,z3_70_80,z3_70_80,z3_70_80,z2_60_70,lthr_z5_100_106,7149.0,4.499930060148272,5.132287365813378,1.0,100.91666666666667,18.233333333333334,0.8469716044201986,0.15302839557980136,z6,18.233333333333334,0.15302839557980136,6.733333333333333,0.05651140019583158,9.233333333333333,0.07749335571408589,6.466666666666667,0.05427332494055113,20.0,0.1678556441460344,58.483333333333334,0.4908378794236956,0.6291906516558841,z5,5.0,4.499930060148272,18.699999996026357,0.25962414011127144,88.73640176275535,634.6368953046773,93.49999998013178,728.136895284809,149.5399381094737,0.2849896180169056,146,117.0,2.3825606796082854,0.6782608695652073,1.1912803398041427,119.0,-2.6215867298576474,-1.7301587301587347,-3.495448973143529
145.93821138211382,2024-12-21,0.500973952419558,4.297680114746094,4297.680114746094,137.1200411339601,8227.202468037605,2024-12-21T02:39:21+00:00,1230,24.616666666666667,0.358354749044892,1477.0,48BB2254-779A-44D9-B840-531EDBEE3D3B,51,187.0,91.0,47.951616078018056,22.86,0.49902604758044106,68.42647217114767,4105.58833026886,627.1957490385226,85,2024-12-21 00:22:13+00:00,68.69356896281242,4121.614137768745,Saturday,2024,2024-12-16,15.559525520715688,204.44047447928432,197.108332135499,0.7016260162601626,0.7138420694523556,0.7403959528295887,0.5743447240064045,0.9547595150038354,z3_70_80,z3_70_80,z3_70_80,z1_under_60,lthr_z4_95_100,7033.0,3.7002701549836483,4.869396903015485,1.0,81.8,35.416666666666664,0.6978529788141619,0.3021470211858382,z6,35.416666666666664,0.3021470211858382,8.133333333333333,0.06938717474761837,6.433333333333334,0.05488411773069814,11.533333333333333,0.09839328878145884,17.583333333333332,0.15000710934167497,38.11666666666667,0.32518128821271153,0.5598454707951335,z4,4.0,3.7002701549836483,24.616666666666667,0.35835474904489256,76.76603398408996,507.38119585812274,123.08333333333334,630.4645291914561,146.69880315852774,0.3285747826007343,137,119.0,0.7935027702319903,-0.34640522875818647,0.39675138511599517,118.0,-2.175890248888997,-1.8722875816993394,-2.9011869985186634
147.21633554083886,2024-12-21,0.43456961950814305,3.840480102539062,3840.4801025390625,127.98903798460961,7679.342279076576,2024-12-21T18:16:12+00:00,1359,15.100000001986821,0.271484357203838,906.0000001192093,C05428F3-D684-42AB-A4B4-3DF8FC4CB646,51,189.0,76.0,43.44780812800948,22.86,0.565430380491856,72.36889044642449,4342.133426785469,565.3814074133059,76,2024-12-21 16:08:12+00:00,55.62014753818512,3337.208852291107,Saturday,2024,2024-12-16,15.559525520715688,204.44047447928432,197.108332135499,0.7077708439463406,0.7200938851066699,0.7468803269038738,0.5836441982956734,0.9631212811947601,z3_70_80,z3_70_80,z3_70_80,z1_under_60,lthr_z4_95_100,7222.0,3.8663805040155084,4.56852266850543,1.0,96.68333333333334,23.683333333333334,0.8032400996953752,0.19675990030462476,z6,23.683333333333334,0.19675990030462476,10.416666666666666,0.08654112434228746,13.983333333333333,0.11617280531708668,13.233333333333333,0.10994184436444199,28.316666666666666,0.2352533924120742,30.733333333333334,0.2553309332594849,0.5689101811407011,z4,4.0,3.8663805040155084,15.100000001986821,0.271484357203838,72.81426678384832,494.85432119139494,75.5000000099341,570.3543212013291,148.51120328009247,0.2951289880188381,116,111.0,2.587046069316226,1.6666666666666572,1.293523034658113,110.0,-0.879869975573741,0.6666666666666572,-1.1731599674316546
165.92283163265307,2024-12-23,0.772972946212873,6.355080169677734,6355.080169677734,137.1201135158539,8227.206810951233,2024-12-23T18:23:55+00:00,1568,40.85000000198682,0.38541321601182305,2451.0000001192093,1D3E850D-05F3-480E-9B50-F9553F79A277,52,199.00000000000003,86.0,50.0340524271158,22.86,0.227027053787126,31.12997538646062,1867.7985231876373,1054.4528970054512,127,2024-12-23 16:06:47+00:00,105.99013812939326,6359.408287763596,Monday,2024,2024-12-23,15.565001334729665,204.43499866527034,197.10449906568923,0.7977059213108321,0.8116165662236984,0.8418013410102617,0.719779041680529,1.0855032465957055,z3_70_80,z4_80_90,z4_80_90,z3_70_80,lthr_z6_106_plus,8015.0,4.941983780411728,5.5103497501784435,1.0,116.75,16.833333333333332,0.8739862757330006,0.1260137242669994,z6,16.833333333333332,0.1260137242669994,6.05,0.04529008109794136,6.15,0.046038677479725516,4.55,0.03406113537117904,5.416666666666667,0.040548970679975045,94.58333333333333,0.7080474111041797,0.7015803661890289,z6,6.0,4.941983780411728,40.85000000198682,0.3854132160118232,96.20077945233398,677.6453769635648,204.2500000099341,881.8953769734989,138.77014190652133,0.3015501358962419,79,76.0,1.1141412572934313,-0.4722222222222143,0.5570706286467156,79.0,1.0582364361010497,0.9956521739130437,1.4109819148013996
148.86254612546125,2024-12-27,0.571802864459491,4.663440124511719,4663.440124511719,125.34668943285942,7520.801365971565,2024-12-27T02:11:50+00:00,1084,29.383333325386047,0.40996036109890704,1762.9999995231628,5918D989-14A6-4DF5-B483-C8EC39C22DEA,52,178.0,76.0,46.10776218064631,22.86,0.42819713554050803,53.6730933646361,3220.385601878166,694.2115706384525,93,2024-12-27 00:06:29+00:00,71.67359606822332,4300.415764093399,Friday,2024,2024-12-23,15.57595296275762,204.4240470372424,197.09683292606968,0.7156853179108714,0.7282046720185574,0.7552761955403873,0.5956930238219241,0.9738911488290355,z3_70_80,z3_70_80,z3_70_80,z1_under_60,lthr_z4_95_100,6269.0,4.118838730260009,4.717110266159696,1.0,87.66666666666667,16.816666666666666,0.83904929015792,0.16095070984208007,z5,16.816666666666666,0.16095070984208007,6.55,0.06268942415058223,6.25,0.05981815281544106,15.466666666666667,0.1480299888339448,36.583333333333336,0.3501355878130483,22.816666666666666,0.21837613654490348,0.5805854335139096,z4,4.0,4.118838730260009,29.383333325386047,0.4099603610989072,72.77446202391008,516.2827991459344,146.91666662693024,663.1994657728646,142.2124972264556,0.30973380061487543,133,112.0,-2.7183485814621036,-1.2638888888888857,-1.3591742907310518,115.0,0.6588430893785635,-0.5652173913043441,0.8784574525047516
133.56349873843567,2024-12-28,0.47351912483804204,4.114800109863281,4114.800109863281,134.25131946603457,8055.079167962074,2024-12-28T02:21:35+00:00,1189,11.099901785453161,0.17460756221881002,665.9941071271896,E7417F9A-6B31-4AFE-B98F-C1856984154F,52,189.0,66.0,46.34774395202979,22.86,0.5264808751619571,70.68075216412544,4240.845129847527,549.5870992826393,82,2024-12-28 00:07:20+00:00,63.57056730190913,3814.2340381145477,Saturday,2024,2024-12-23,15.578690869764609,204.4213091302354,197.0949163911648,0.6421322054732485,0.6533736590706564,0.6776608001058669,0.48437537933329433,0.8738014538483866,z2_60_70,z2_60_70,z2_60_70,z1_under_60,lthr_z2_85_90,7013.0,2.988022244403251,4.266635426429241,1.0,71.13333333333334,45.75,0.60858405817767,0.39141594182232997,z1,45.75,0.39141594182232997,13.683333333333334,0.11706830172536717,12.3,0.105233138457151,7.983333333333333,0.06830172536717524,15.7,0.1343219734778269,21.466666666666665,0.18365891915014973,0.4720815513364232,z2,2.0,2.988022244403251,11.099901785453161,0.17460756221881021,63.37757116248736,401.14592890499847,55.49950892726581,456.6454378322643,110.97633557889569,0.3470090585362321,120,104.0,-0.8130348807253296,-1.1266390614216704,-0.4065174403626648,112.0,3.022267043606474,2.5902777777777857,4.029689391475299
150.94470989761092,2024-12-31,0.38373039111060303,3.017520080566406,3017.5200805664062,134.90827993353207,8094.496796011925,2024-12-31T02:23:06+00:00,1465,31.833237135410307,0.614916296754043,1909.9942281246185,61215E27-DA72-46A6-9DB8-5900AA90A456,1,189.0,85.0,51.467833493160185,22.86,0.6162696088893961,83.13987291057904,4988.392374634743,455.47869317131176,60,2024-12-31 00:08:11+00:00,51.768407022953035,3106.104421377182,Tuesday,2024,2024-12-30,15.586904590785574,204.41309540921443,197.0891667864501,0.7256957206615909,0.7384297449017873,0.7658701508498558,0.6108930859000349,0.9875131170197449,z3_70_80,z3_70_80,z3_70_80,z2_60_70,lthr_z4_95_100,7867.0,4.053387568323376,4.833546121927864,1.0,104.43333333333334,26.683333333333334,0.7964916740816067,0.2035083259183933,z6,26.683333333333334,0.2035083259183933,13.95,0.10639379687301385,9.4,0.07169187746281937,7.566666666666666,0.05770941909241134,22.683333333333334,0.1730011440193212,50.833333333333336,0.38769543663404094,0.5953525524653257,z4,4.0,4.053387568323376,31.833237135410307,0.6149162967540437,80.317988807135,546.8355447464688,159.16618567705154,706.0017304235204,233.967533462445,0.340971429393398,132,131.0,1.4663975279607275,-0.4734299516908038,0.7331987639803638,132.0,-4.017879225738858,-1.0135233918128677,-5.357172300985143
151.51213925790196,2024-12-31,0.7343804029301011,9.144000244140624,9144.000244140625,193.65581143299738,11619.348685979843,2024-12-31T19:15:07+00:00,2183,94.81667432586352,0.6667040679948391,5689.000459551811,C60A8070-3B61-4934-AC18-5116E0DD2A17,1,176.0,76.0,46.65913026010194,22.86,0.265619597069898,51.43877860307693,3086.326716184616,1385.427038364524,182,2024-12-31 16:01:28+00:00,142.21703282992044,8533.021969795227,Tuesday,2024,2024-12-30,15.586904590785574,204.41309540921443,197.0891667864501,0.728423746432221,0.741205640248194,0.7687491998079644,0.6150224547829731,0.9912253632895852,z3_70_80,z3_70_80,z3_70_80,z2_60_70,lthr_z4_95_100,11221.0,4.374565546742715,4.9521970566746685,1.0,159.68333333333334,27.333333333333332,0.8538454683183317,0.1461545316816683,z5,27.333333333333332,0.1461545316816683,6.133333333333334,0.0327956510114963,13.416666666666666,0.07174048658764816,15.483333333333333,0.08279119508065234,71.56666666666666,0.3826753408787096,53.083333333333336,0.2838427947598253,0.5993768741695175,z4,4.0,4.374565546742715,94.81667432586352,0.666704067994839,116.07281492147148,847.1600406212942,474.0833716293176,1321.2434122506118,144.4929327399406,0.307956382166048,231,224.0,0.8667136489616638,-0.2493357487922765,0.4333568244808319,224.0,-0.15593315669482535,0.2533333333333445,-0.2079108755931007
144.56347962382446,2025-01-02,0.507368799310507,3.8633401031494143,3863.340103149414,137.98600773413975,8279.160464048386,2025-01-02T03:34:53+00:00,1276,16.750006578365962,0.239252329801024,1005.0003947019577,E9B9F6B3-C6D6-42CA-BE08-583081AED787,1,187.0,101.0,54.36471539897448,22.86,0.49263120068949207,67.97621266841888,4078.572760105133,558.4978882815442,77,2025-01-02 01:16:54+00:00,70.00979506572088,4200.587703943253,Thursday,2025,2024-12-30,15.59238040479955,204.40761959520046,197.08533371664032,0.6950167289606946,0.7072313640269937,0.7335070392993869,0.5644772819172955,0.945765720887995,z2_60_70,z3_70_80,z3_70_80,z1_under_60,lthr_z3_90_95,6867.0,3.447648172418815,4.413484971567831,1.0,82.06666666666666,32.38333333333333,0.7170525702635795,0.28294742973642056,z1,32.38333333333333,0.28294742973642056,15.983333333333333,0.1396534148827727,12.6,0.11009174311926606,7.2,0.06290956749672345,14.066666666666666,0.12290665501674676,32.21666666666667,0.28149118974807047,0.5500956001689679,z3,3.0,3.447648172418815,16.750006578365962,0.2392523298010241,75.90549573943144,475.7272073839753,83.75003289182982,559.4772402758051,144.81697840159515,0.3760611984467966,87,64.0,2.614262985844168,1.5693236714975995,1.307131492922084,66.0,-2.583126441058318,-2.338599033816436,-3.444168588077757
157.00945945945946,2025-01-03,0.511281225840023,4.457700119018555,4457.700119018555,140.12573281725247,8407.543969035149,2025-01-03T02:21:25+00:00,1480,31.54996928771337,0.440373521572804,1892.9981572628021,FCDC4F6B-0499-4EF7-8E48-5436A5B205C9,1,194.0,95.0,48.21566359356856,22.86,0.48871877415997705,68.4820763707161,4108.924582242966,699.9010861194713,89,2025-01-03 00:01:18+00:00,71.64365644653638,4298.619386792183,Friday,2025,2024-12-30,15.595118311806539,204.40488168819346,197.08341718173543,0.7548531704781705,0.7681296951555556,0.7966649944712355,0.6550674062928402,1.0271900275111936,z3_70_80,z3_70_80,z3_70_80,z2_60_70,lthr_z5_100_106,8005.0,4.517176764522174,5.130721830985915,1.0,113.6,19.816666666666666,0.8514678326046221,0.1485321673953779,z6,19.816666666666666,0.1485321673953779,7.1,0.05321673953778888,10.766666666666667,0.0806995627732667,9.95,0.07457838850718301,18.15,0.13603997501561524,67.63333333333334,0.5069331667707683,0.6383649607053863,z5,5.0,4.517176764522174,31.54996928771337,0.4403735215728043,89.45135792369884,632.9727043937351,157.74984643856686,790.722550832302,177.38352283024236,0.30708763509894166,146,143.0,1.7755789007252594,0.8985507246376869,0.8877894503626297,143.0,-2.308167166663629,-1.7916666666666572,-3.0775562222181727
141.069033530572,2025-01-04,0.49269761750294305,4.457700119018555,4457.700119018555,146.10022100011508,8766.013260006905,2025-01-04T02:28:13+00:00,1521,26.34999998609225,0.36605747883219303,1580.999999165535,FA691963-5D6A-45BB-AED0-A5FAD2C7B9B2,1,184.00000000000003,62.00000000000001,48.444194684360234,22.86,0.5073023824970561,74.11699019670486,4447.019411802292,628.8434475590633,89,2025-01-04 00:02:07+00:00,71.98323080341021,4318.993848204613,Saturday,2025,2024-12-30,15.597856218813527,204.40214378118648,197.08150064683053,0.6782165073585192,0.6901543737309679,0.7157903358132395,0.5390675246561456,0.9229042946336667,z2_60_70,z2_60_70,z3_70_80,z1_under_60,lthr_z3_90_95,8189.0,3.5728416168030286,4.771750805585392,1.0,93.1,43.38333333333333,0.6821345707656613,0.31786542923433875,z1,43.38333333333333,0.31786542923433875,9.016666666666667,0.06606423250702162,7.366666666666666,0.05397484430333374,15.866666666666667,0.11625351080718037,24.45,0.1791427524728294,36.4,0.2666992306752961,0.5253122945430638,z3,3.0,3.5728416168030286,26.34999998609225,0.36605747883219375,76.74824232681918,521.9929498133309,131.74999993046126,653.7429497437922,146.6547619375809,0.3434077165763071,154,149.0,1.2978982445427714,-1.0277777777777715,0.6489491222713857,144.0,-1.0113236548969469,0.11382850241545839,-1.3484315398625957
137.84935241990456,2025-01-04,0.44413519254321804,3.611880096435547,3611.880096435547,138.28254749973615,8296.952849984169,2025-01-04T18:24:01+00:00,1467,10.566666668653488,0.17205030567832602,634.0000001192093,B2AC3B14-B120-4B6A-BA1C-90A933C32FF0,1,191.0,88.0,51.01178130451095,22.86,0.555864807456781,76.86640164057414,4611.984098434448,497.8953323119826,72,2025-01-04 16:05:44+00:00,61.416145859162015,3684.9687515497208,Saturday,2025,2024-12-30,15.597856218813527,204.40214378118648,197.08150064683053,0.6627372712495412,0.6744026744038114,0.6994535355549691,0.5156349855263719,0.901840440646591,z2_60_70,z2_60_70,z2_60_70,z1_under_60,lthr_z3_90_95,7823.0,2.963568963313307,4.1483910637425705,1.0,81.31666666666666,49.06666666666667,0.6236737824364055,0.3763262175635945,z1,49.06666666666667,0.3763262175635945,16.416666666666668,0.12591077591716732,16.6,0.12731688610507477,11.633333333333333,0.08922408283267289,11.833333333333334,0.09075802121948101,24.833333333333332,0.19046401636200946,0.5024776767369118,z3,3.0,2.963568963313307,10.566666668653488,0.17205030567832613,69.48389320092907,409.8098659381162,52.83333334326744,462.64319928138366,128.0893016736497,0.37005455890081623,118,116.0,1.8607577080481092,0.8315217391304373,0.9303788540240546,112.0,-1.5918763292360276,-1.2569444444444429,-2.122501772314703
154.42152466367713,2025-01-07,0.424784332415001,3.886200103759765,3886.2001037597656,121.10918688376745,7266.551213026047,2025-01-07T02:49:18+00:00,1115,14.96665856440862,0.29092381421136004,897.9995138645172,4CD33078-29DA-4B90-829F-498C8A35CFDE,2,206.0,94.0,39.713821002145444,22.86,0.5752156675849981,69.66390178402266,4179.834107041359,600.1129451707233,77,2025-01-07 00:48:11+00:00,51.445285099744794,3086.717105984688,Tuesday,2025,2025-01-06,15.606069939834493,204.3939300601655,197.07575104211585,0.7424111762676785,0.7555093471622251,0.7835643088868739,0.6362837472179069,1.0102591952974618,z3_70_80,z3_70_80,z3_70_80,z2_60_70,lthr_z5_100_106,6193.0,3.9182948490230904,4.8306485799067405,1.0,78.63333333333334,24.583333333333332,0.7618278701760052,0.23817212982399483,z6,24.583333333333332,0.23817212982399483,10.75,0.10414984660100113,6.133333333333334,0.05942192798320685,7.7,0.07460035523978685,15.15,0.14677862102373648,38.9,0.37687711932827384,0.6200108132175683,z5,5.0,3.9182948490230904,14.96665856440862,0.2909238142113604,75.08900544792311,474.54150313604083,74.8332928220431,549.374795958084,141.36554508003402,0.2571780138075977,64,52.0,3.780073605548565,3.1037280701754355,1.8900368027742824,50.0,-2.678867896723907,2.4666666666666544,-3.571823862298544
152.39514348785872,2025-01-09,0.5761769033970341,4.572000122070312,4572.0001220703125,127.54456353187561,7652.673811912537,2025-01-09T02:52:15+00:00,1359,36.88313848177592,0.501891767541178,2212.988308906555,C70E5C0D-3F2C-4FA8-A86E-30A8103CA5E9,2,190.0,80.0,48.22062316195551,22.86,0.423823096602965,54.056331870953244,3243.3799122571945,696.7506146294129,91,2025-01-09 00:44:42+00:00,73.48823166092237,4409.293899655342,Thursday,2025,2025-01-06,15.61154575384847,204.38845424615153,197.07191797230607,0.7326689590762439,0.7456152259184092,0.7732971042037271,0.6215598243420136,0.9970021689825949,z3_70_80,z3_70_80,z3_70_80,z2_60_70,lthr_z4_95_100,7283.0,4.162982287518879,4.977896736314971,1.0,96.51666666666667,24.866666666666667,0.7951393656460249,0.204860634353975,z6,24.866666666666667,0.204860634353975,10.95,0.09021007826445146,8.783333333333333,0.07236029108883701,5.083333333333333,0.04187834683509543,18.333333333333332,0.1510366607167376,53.36666666666667,0.4396539887409035,0.6056393155167284,z4,4.0,4.162982287518879,36.88313848177592,0.5018917675411785,77.24600215532503,530.9657588525246,184.4156924088796,715.3814512614042,156.47012951903906,0.316418371729787,105,101.0,1.5165422022751456,-0.08260869565219764,0.7582711011375728,101.0,-0.04688688493678566,0.4000000000000057,-0.06251584658238087
153.83319638455217,2025-01-10,0.554702976281901,4.411980117797851,4411.980117797852,125.63125934998195,7537.875560998917,2025-01-10T02:41:44+00:00,1217,21.816585677862168,0.313060716307038,1308.99514067173,252A7926-BA83-4610-AC66-073B795E0532,2,192.0,102.0,47.38554908329584,22.86,0.44529702371809804,55.943225874503455,3356.593552470207,678.7090039059365,88,2025-01-10 00:36:06+00:00,69.68803347547849,4181.282008528709,Friday,2025,2025-01-06,15.61428366085546,204.38571633914455,197.07000143740117,0.7395826749257316,0.7526611895387603,0.780601792573777,0.6320394775989625,1.0064102237558712,z3_70_80,z3_70_80,z3_70_80,z2_60_70,lthr_z5_100_106,6607.0,4.1711820796125325,4.7588805166846075,1.0,92.9,17.216666666666665,0.8436506735280763,0.1563493264719237,z6,17.216666666666665,0.1563493264719237,13.866666666666667,0.12592704707128802,7.05,0.06402300590283033,10.65,0.09671560466172241,17.383333333333333,0.15786287271076133,43.95,0.3991221431814742,0.6158382722308664,z5,5.0,4.1711820796125325,21.816585677862168,0.3130607163070384,77.36853769628077,524.0308576397991,109.08292838931084,633.11378602911,143.49878492768812,0.30803201257576074,117,112.0,2.3009312505266455,0.40144927536232444,1.1504656252633227,109.0,-0.5118026504597822,0.4583333333333428,-0.6824035339463761
140.58697591436217,2025-01-11,0.5409654814348901,3.154680084228515,3154.6800842285156,121.38466526667277,7283.079916000366,2025-01-11T02:38:55+00:00,1121,19.450000001986822,0.296200799655498,1167.0000001192093,14A43735-FAB1-4EC6-B333-20644B71384C,2,193.0,76.0,62.4452357750157,22.86,0.459034518565109,55.71975138187408,3343.185082912445,443.5069330189524,63,2025-01-11 00:37:32+00:00,65.66491388479868,3939.894833087921,Saturday,2025,2025-01-06,15.617021567862448,204.38297843213755,197.06808490249628,0.6758989226652028,0.6878604910880192,0.7133929168892092,0.5356338663942389,0.9197505688787901,z2_60_70,z2_60_70,z3_70_80,z1_under_60,lthr_z3_90_95,6353.0,3.3168581772390997,4.758682328907048,1.0,65.26666666666667,40.61666666666667,0.6164016999842594,0.3835983000157406,z1,40.61666666666667,0.3835983000157406,9.7,0.0916102628679364,7.1,0.06705493467653077,5.55,0.052416181331654335,9.816666666666666,0.09271210451755077,33.1,0.31260821659058713,0.5218934462011502,z3,3.0,3.3168581772390997,19.450000001986822,0.2962007996554986,63.34986127199691,402.6157195811945,97.25000000993411,499.86571959112865,158.45211122679402,0.4441751120178721,95,80.0,4.320055431241201,1.5,2.1600277156206005,83.0,-6.340879305783294,-2.6111111111111143,-8.454505741044395
149.92307692307693,2025-01-14,0.6667465026856471,4.549140121459961,4549.140121459961,132.46645611524582,7947.987366914749,2025-01-14T02:55:49+00:00,1274,32.31666666467984,0.36589788114675503,1938.9999998807907,44DB5E44-C270-4A67-A2DB-A6F616212DDC,3,193.0,78.0,58.244993985582106,22.86,0.33325349731435305,44.14490977724393,2648.694586634636,682.0210843634974,90,2025-01-14 00:43:21+00:00,88.32154633800188,5299.292780280113,Tuesday,2025,2025-01-13,15.625235288883413,204.3747647111166,197.0623352977816,0.7207840236686391,0.7335694166302428,0.7607901159626858,0.6036267075503617,0.9808293719331065,z3_70_80,z3_70_80,z3_70_80,z2_60_70,lthr_z4_95_100,7111.0,3.9718745605400083,5.029170638703527,1.0,87.41666666666667,31.1,0.7375896498382787,0.26241035016172126,z6,31.1,0.26241035016172126,10.55,0.0890170158908733,5.266666666666667,0.04443819434678667,7.416666666666667,0.06257910279848122,12.033333333333333,0.10153283645056954,52.15,0.440022500351568,0.5881069285324605,z4,4.0,3.9718745605400083,32.31666666467984,0.3658978811467552,77.90444063951719,526.1401471690343,161.58333332339922,687.7234804924335,151.17658769141664,0.38849919025785906,99,86.0,-0.5175232400416778,-0.05500000000000682,-0.2587616200208389,92.0,-0.484067974344713,-1.9208333333333343,-0.6454239657929506
149.52751905165115,2025-01-15,0.48976379091800704,4.526280120849609,4526.280120849609,123.82133233348529,7429.279940009117,2025-01-15T02:43:17+00:00,1181,32.86654366453489,0.541965808030907,1971.9926198720932,5147734F-A87F-48A2-AB20-447BF7239C19,3,190.0,77.00000000000001,40.1940689712216,22.86,0.5102362090819931,63.178127213319144,3790.6876327991486,676.8034370034499,90,2025-01-15 00:39:28+00:00,60.643205120166144,3638.5923072099686,Wednesday,2025,2025-01-13,15.627973195890402,204.3720268041096,197.0604187628767,0.7188823031329382,0.7316437645107525,0.7587902227670489,0.6007592737154132,0.9782415463190898,z3_70_80,z3_70_80,z3_70_80,z2_60_70,lthr_z4_95_100,6492.0,3.8495070856438693,4.971446972949764,1.0,77.63333333333334,30.566666666666666,0.7174984596426371,0.2825015403573629,z6,30.566666666666666,0.2825015403573629,7.516666666666667,0.06947011706715958,8.516666666666667,0.07871226124460876,6.55,0.060536044362292055,11.133333333333333,0.10289587184226741,43.916666666666664,0.4058841651263093,0.5853015535578096,z4,4.0,3.8495070856438693,32.86654366453489,0.5419658080309071,72.47281817838677,476.65109617161596,164.33271832267445,640.9838144942904,141.61381915840727,0.26880716824665163,92,82.0,0.5876603728475095,0.40972222222222854,0.29383018642375475,83.0,-4.649345092337015,-2.0434782608695627,-6.199126789782687
139.68509984639016,2025-01-16,0.322955400385233,2.606040069580078,2606.040069580078,126.03640924890836,7562.184554934502,2025-01-16T02:47:59+00:00,1302,8.866666672627131,0.217832065431766,532.0000003576279,FC9ED6F2-BC5A-489A-AAC0-3E8776F22CCA,3,190.0,84.0,46.85745950789291,22.86,0.677044599614766,85.33227023681005,5119.936214208603,364.02496732298675,52,2025-01-16 00:41:56+00:00,40.70413901209831,2442.2483407258987,Thursday,2025,2025-01-13,15.63071110289739,204.36928889710262,197.05850222797181,0.6715629800307219,0.683493594366421,0.708850916185246,0.529121905121278,0.9138502995175606,z2_60_70,z2_60_70,z3_70_80,z1_under_60,lthr_z3_90_95,7328.0,3.1589792576419216,4.186505538771399,1.0,82.75,39.38333333333333,0.6775382096069869,0.3224617903930131,z1,39.38333333333333,0.3224617903930131,12.533333333333333,0.10262008733624454,18.033333333333335,0.1476528384279476,13.583333333333334,0.11121724890829694,18.666666666666668,0.15283842794759825,19.933333333333334,0.16320960698689957,0.5154971620311358,z3,3.0,3.1589792576419216,8.866666672627131,0.2178320654317668,64.97141128040705,398.1464025249699,44.33333336313566,442.47973588810555,169.7900738569243,0.3354506640967536,81,80.0,1.0892309907481947,-0.7676767676767753,0.5446154953740974,80.0,-6.514956708567621,-2.912121212121207,-8.686608944756827
139.29144178874324,2025-01-17,0.45674240012648604,4.572000122070312,4572.0001220703125,141.40645193457604,8484.387116074562,2025-01-17T02:57:32+00:00,1297,17.5,0.27095520212886004,1050.0,963D2544-D93C-4527-8052-CD6A371AC747,3,188.0,68.0,42.379475410461666,22.86,0.5432575998735141,76.82012968460718,4609.207781076431,636.840488861484,91,2025-01-17 00:36:07+00:00,64.58632224996884,3875.179334998131,Friday,2025,2025-01-13,15.633449009904378,204.36655099009562,197.05658569306695,0.6696703932151118,0.6815765158922403,0.7068601198931863,0.5262667022480283,0.9112749028984242,z2_60_70,z2_60_70,z3_70_80,z1_under_60,lthr_z3_90_95,7269.0,3.1703122850460863,4.467252747252747,1.0,75.83333333333333,45.31666666666667,0.6259457972210758,0.3740542027789242,z1,45.31666666666667,0.3740542027789242,9.083333333333334,0.07497592516164535,14.65,0.12092447379281882,10.866666666666667,0.0896959691842069,14.216666666666667,0.11734764066584125,27.016666666666666,0.22300178841656348,0.5127052609130727,z3,3.0,3.1703122850460863,17.5,0.27095520212886004,72.49983183390867,448.30261175296533,87.5,535.8026117529653,117.19216917044632,0.30425038944414556,103,87.0,0.8771370824314788,0.21323529411765207,0.4385685412157394,93.0,-1.0255078649315919,0.125,-1.3673438199087895
163.33333333333334,2025-01-22,0.7408196592688611,0.365760009765625,365.760009765625,17.207264149188994,1032.4358489513397,2025-01-22T00:53:41+00:00,147,8.2,0.64326441622144,492.0,82B27464-9232-45A8-9BEF-182E33B66C64,4,179.0,97.0,104.55609599409135,22.86,0.259180340731138,4.459784585237503,267.5870751142502,59.74080159505208,7,2025-01-22 00:36:29+00:00,12.747479563951492,764.8487738370895,Wednesday,2025,2025-01-20,15.64713854493932,204.3528614550607,197.04700301854248,0.7852564102564104,0.7992710851727027,0.8289054430224619,0.7013565812376746,1.068562185601828,z3_70_80,z3_70_80,z4_80_90,z3_70_80,lthr_z6_106_plus,845.0,5.233136094674556,5.609536082474227,1.0,12.933333333333334,1.15,0.9183431952662722,0.08165680473372781,z6,1.15,0.08165680473372781,0.0,0.0,0.0,0.0,0.25,0.01775147928994083,4.55,0.3230769230769231,8.133333333333333,0.5775147928994083,0.6832151300236408,z6,6.0,5.233136094674556,8.2,0.6432644162214405,11.75626321303929,90.04795510972039,41.0,131.0479551097204,358.28945650371804,0.6401393632291307,25,20.0,2.377062198067635,3.2054347826087053,1.1885310990338176,22.0,-1.147200923917172,0.27318840579711434,-1.5296012318895627
155.69878472222223,2025-01-22,0.56812890594883,3.6,3600.0,106.09637639919917,6365.78258395195,2025-01-22T02:40:08+00:00,1152,26.73333332935969,0.443512307234453,1603.9999997615814,49BC9A7B-2D19-4240-A40E-7D45E893FFC6,4,192.0,99.0,50.230348540676964,50.0,0.431871094051169,45.81995815038681,2749.1974890232086,560.515625,72,2025-01-22 00:54:02+00:00,60.276418248812355,3616.5850949287415,Wednesday,2025,2025-01-20,15.64713854493932,204.3528614550607,197.04700301854248,0.7485518496260684,0.7619114487244996,0.7901606334381583,0.6457731115506671,1.0186153083570997,z3_70_80,z3_70_80,z3_70_80,z2_60_70,lthr_z5_100_106,6075.0,4.2739094650205764,4.753349688620494,1.0,88.31666666666666,12.933333333333334,0.8722633744855967,0.1277366255144033,z6,12.933333333333334,0.1277366255144033,12.733333333333333,0.12576131687242798,10.7,0.10567901234567902,6.35,0.06271604938271605,14.366666666666667,0.14189300411522635,44.166666666666664,0.43621399176954734,0.6290693951930655,z5,5.0,4.2739094650205764,26.73333332935969,0.4435123072344536,66.74198333362006,453.44630729692307,133.66666664679846,587.1129739437215,163.0869372065893,0.32261233528759714,108,101.0,2.6604775594475782,0.38888888888888573,1.3302387797237891,102.0,-4.315317457994209,-2.1576086956521863,-5.753756610658946
143.09486166007906,2025-01-23,0.508695111279942,4.1,4100.0,125.29618243376414,7517.770946025848,2025-01-23T02:46:13+00:00,1265,4.3,0.06746414995923901,258.0,A5918D92-B512-4E8C-B12F-A07CC0237A23,4,202.0,92.00000000000001,46.63723570689922,50.0,0.49130488872005706,61.55862696766853,3693.517618060112,586.6889328063241,82,2025-01-23 00:40:56+00:00,63.73755546609561,3824.2533279657364,Thursday,2025,2025-01-20,15.649876451946309,204.3501235480537,197.0450864836376,0.687956065673457,0.7002435779121502,0.7262036532535486,0.5540210645202391,0.9361577027992978,z2_60_70,z3_70_80,z3_70_80,z1_under_60,lthr_z3_90_95,6871.0,3.3001018774559743,4.403100775193798,1.0,77.4,37.11666666666667,0.6758841507786348,0.32411584922136516,z1,37.11666666666667,0.32411584922136516,10.233333333333333,0.08936108281181779,12.25,0.10697132877310435,15.116666666666667,0.13200407509823897,15.683333333333334,0.1369524086741377,24.116666666666667,0.21059525542133606,0.5396798699296388,z3,3.0,3.3001018774559743,4.3,0.06746414995923919,67.61982743853413,413.49016688773133,21.5,434.99016688773133,106.09516265554424,0.32591831157212114,124,115.0,5.155078882669948,0.5,2.577539441334974,108.0,-6.864716142522867,-1.4375000000000142,-9.152954856697159
126.53036211699164,2025-01-24,0.34508291208219405,3.9,3900.0,176.09727883338928,10565.836730003357,2025-01-24T03:33:41+00:00,1795,22.249999998013177,0.366145681270711,1334.9999998807907,F05D1E39-D1D0-4074-B6AC-7FF6F1A126F7,4,185.0,61.0,46.744739838135544,50.0,0.654917087917805,115.32911704381307,6919.747022628784,493.4684122562674,78,2025-01-24 00:37:35+00:00,60.76816178957621,3646.0897073745728,Friday,2025,2025-01-20,15.652614358953297,204.3473856410467,197.0431699487327,0.6083190486393829,0.619192468355102,0.6421453844348561,0.4334291609493934,0.8277891446248367,z2_60_70,z2_60_70,z2_60_70,z1_under_60,lthr_z1_under_85,9752.0,2.700881870385562,4.719058295964126,1.0,74.33333333333333,88.2,0.45734208367514356,0.5426579163248565,z1,88.2,0.5426579163248565,7.65,0.04706726825266612,8.0,0.04922067268252666,10.3,0.06337161607875308,20.016666666666666,0.12315422477440525,28.366666666666667,0.17452830188679244,0.4222011497658982,z1,1.0,2.700881870385562,22.249999998013177,0.3661456812707111,74.34847359410291,475.6179478253323,111.24999999006589,586.8679478153982,150.47896097830724,0.3694349645100576,131,122.0,3.2510607262346505,-2.051388888888887,1.6255303631173252,121.0,-5.62811753101813,-3.0972222222222143,-7.5041567080241744
135.09845402766476,2025-01-25,0.40642274567472303,2.65,2650.0,123.85179086724916,7431.10745203495,2025-01-25T02:26:53+00:00,1229,11.25,0.22349727183588503,675.0,920F9FBA-E8AE-4CE2-B987-FAFD90612C77,4,190.0,73.0,56.984360265281964,50.0,0.5935772543252761,73.5156059662501,4410.936357975006,358.0109031733116,53,2025-01-25 00:23:02+00:00,50.33618490099907,3020.171094059944,Saturday,2025,2025-01-20,15.655352265960286,204.3446477340397,197.0412534138278,0.6495117982099268,0.6611303771630915,0.6856353767905129,0.49582168035796803,0.8838434651463033,z2_60_70,z2_60_70,z2_60_70,z1_under_60,lthr_z2_85_90,6750.0,2.921037037037037,4.229638854296389,1.0,66.91666666666667,45.583333333333336,0.5948148148148148,0.4051851851851852,z1,45.583333333333336,0.4051851851851852,12.316666666666666,0.10948148148148149,11.75,0.10444444444444445,10.366666666666667,0.09214814814814815,13.216666666666667,0.11748148148148148,19.266666666666666,0.17125925925925925,0.4829677590614522,z2,2.0,2.921037037037037,11.25,0.2234972718358858,59.81642189090296,361.77566822660026,56.25,418.02566822660026,157.74553517984916,0.42179875910062603,85,73.0,4.019509675900883,1.5,2.0097548379504415,76.0,-4.415241307372962,-0.6111111111111143,-5.886988409830616
149.59101123595505,2025-01-25,0.591586467236307,3.05,3050.0,39.27488181591034,2356.4929089546204,2025-01-25T16:42:47+00:00,445,13.24993599851926,0.5702701804808651,794.9961599111557,91E7B4FA-37AA-425D-ABF3-6FCF565BFB62,4,181.0,102.0,22.853595329112693,50.0,0.408413532763692,16.040393231312432,962.423593878746,456.2525842696629,61,2025-01-25 16:03:30+00:00,23.234488584597905,1394.0693150758743,Saturday,2025,2025-01-20,15.655352265960286,204.3446477340397,197.0412534138278,0.7191875540190147,0.7320525048967856,0.7591862548792393,0.6013413161602624,0.9786569259959984,z3_70_80,z3_70_80,z3_70_80,z2_60_70,lthr_z4_95_100,2320.0,3.902155172413793,4.625740441572429,1.0,30.95,7.716666666666667,0.8004310344827587,0.19956896551724138,z6,7.716666666666667,0.19956896551724138,4.533333333333333,0.11724137931034483,4.233333333333333,0.10948275862068965,2.85,0.07370689655172413,6.0,0.15517241379310345,13.333333333333334,0.3448275862068966,0.5857518527372698,z4,4.0,3.902155172413793,13.24993599851926,0.5702701804808656,23.00533478970679,153.25668322389495,66.2496799925963,219.50636321649125,71.96929941524304,0.1527738541259336,43,42.0,3.749827407467159,-0.7943478260869483,1.8749137037335795,43.0,-1.27200766147682,2.833333333333343,-1.696010215302427
132.77085242896425,2025-01-25,0.16852133416138101,1.165860031127929,1165.8600311279297,104.47108713388442,6268.265228033066,2025-01-25T18:27:29+00:00,1091,11.285416662693024,0.641012642861398,677.1249997615814,4487356B-ED84-4E7E-86A0-9A6FCD126F25,4,187.0,78.0,45.30288331797259,22.86,0.8314786658386181,86.86548014879227,5211.928808927536,154.792230145714,23,2025-01-25 16:43:00+00:00,17.605606985092162,1056.3364191055298,Saturday,2025,2025-01-20,15.655352265960286,204.3446477340397,197.0412534138278,0.638321405908482,0.6497398091961245,0.6738226139381975,0.478874521243273,0.8686157893206845,z2_60_70,z2_60_70,z2_60_70,z1_under_60,lthr_z2_85_90,5977.0,2.568679939769115,3.787158145065398,1.0,56.06666666666667,43.55,0.5628241592772294,0.4371758407227706,z1,43.55,0.4371758407227706,16.633333333333333,0.16697339802576544,11.216666666666667,0.11259829345825666,8.266666666666667,0.0829847749707211,7.35,0.07378283419775808,12.6,0.12648485862472814,0.466459946304711,z2,2.0,2.568679939769115,11.285416662693024,0.6410126428613985,48.73157769486651,268.3527858066802,56.42708331346512,324.7798691201453,278.57535248543695,0.3412110601776152,28,26.0,7.749051875362606,10.926226551226549,3.874525937681303,28.0,-10.470507036528002,-12.55714285714285,-13.960676048704002
146.40814630091438,2025-01-28,0.46923695512704505,4.114800109863281,4114.800109863281,126.45940235058467,7587.56414103508,2025-01-28T02:51:31+00:00,1203,15.683333325386048,0.264298707818352,940.9999995231628,F8CEEED2-F680-47C1-B2D4-99B7B70FBD89,5,195.0,70.0,43.262921640302444,22.86,0.530763044872954,67.11997744441032,4027.1986466646194,602.4402564838819,82,2025-01-28 00:45:04+00:00,59.339424906174344,3560.3654943704605,Tuesday,2025,2025-01-27,15.663565986981252,204.33643401301876,197.03550380911312,0.7038853187543961,0.7165053408516778,0.7430546448256035,0.5782016030311877,0.957833931436024,z3_70_80,z3_70_80,z3_70_80,z1_under_60,lthr_z4_95_100,6729.0,3.7366622083519094,4.9047921967769295,1.0,78.6,33.55,0.7008470798038342,0.29915292019616585,z6,33.55,0.29915292019616585,8.683333333333334,0.07742606628027938,7.95,0.07088720463664734,7.583333333333333,0.06761777381483133,12.333333333333334,0.10997176400653887,42.05,0.37494427106553724,0.5631783425596765,z4,4.0,3.7366622083519094,15.683333325386048,0.2642987078183526,71.21919661688953,472.53606965419834,78.41666662693024,550.9527362811286,133.89538290340784,0.2954953172577136,75,66.0,2.9544473466103685,1.4867149758454161,1.4772236733051842,69.0,-3.5757192682399115,-3.305555555555543,-4.7676256909865495
138.6457437661221,2025-01-29,0.539812087460125,3.909060104370117,3909.060104370117,121.9819574991862,7318.917449951172,2025-01-29T02:40:11+00:00,1163,14.849999994039536,0.22552165504052302,890.9999996423721,994B67A8-E4CF-4627-98AC-7E817DF2CA81,5,176.0,89.0,50.53439958865891,22.86,0.460187912539874,56.13462238907814,3368.0773433446884,541.9745455968698,78,2025-01-29 00:38:12+00:00,65.84733511010806,3950.8401066064835,Wednesday,2025,2025-01-27,15.66630389398824,204.33369610601176,197.03358727420823,0.666566075798664,0.6785260894717549,0.703665530756293,0.5216909309046539,0.9070506060190926,z2_60_70,z2_60_70,z3_70_80,z1_under_60,lthr_z3_90_95,6432.0,3.0377798507462686,4.022832103321033,1.0,72.26666666666667,34.93333333333333,0.6741293532338308,0.32587064676616917,z1,34.93333333333333,0.32587064676616917,9.733333333333333,0.09079601990049752,14.233333333333333,0.13277363184079602,21.366666666666667,0.19931592039800994,18.516666666666666,0.17273009950248755,8.416666666666666,0.07851368159203981,0.5081258423129228,z3,3.0,3.0377798507462686,14.849999994039536,0.2255216550405234,61.982184901253135,370.5543326456155,74.24999997019768,444.80433261581317,113.78805153662029,0.36448576217315454,157,128.0,0.16529408990409322,-0.25869565217392676,0.08264704495204661,134.0,-1.954572467200971,-1.4499999999999886,-2.606096622934628
137.93669932177843,2025-01-30,0.340187697673618,3.268980087280273,3268.9800872802734,132.37329254945118,7942.3975529670715,2025-01-30T02:51:20+00:00,1327,13.366530106465023,0.29682447314002103,801.9918063879013,4807D6B6-9E6D-4181-AEF9-CB4A4929ECFD,5,183.0,76.0,41.32643615765161,22.86,0.6598123023263811,87.34152692357699,5240.491615414619,450.9123233880601,65,2025-01-30 00:38:58+00:00,45.0317656258742,2701.905937552452,Thursday,2025,2025-01-27,15.66904180099523,204.33095819900478,197.03167073930334,0.6631572082777809,0.6750651028976101,0.7000737434962185,0.5165382973516055,0.9024118830733576,z2_60_70,z2_60_70,z3_70_80,z1_under_60,lthr_z3_90_95,7313.0,3.0667304799671817,4.182564750473784,1.0,79.15,42.733333333333334,0.64939149459866,0.3506085054013401,z1,42.733333333333334,0.3506085054013401,15.5,0.12717079174073567,11.683333333333334,0.09585669355941474,12.533333333333333,0.1028305756871325,21.733333333333334,0.17831259401066593,17.7,0.14522083960071105,0.5030971583104853,z3,3.0,3.0667304799671817,13.366530106465023,0.29682447314002114,66.59662731783142,405.95321099501456,66.83265053232512,472.78586152733965,144.62794171398218,0.2996043573671818,105,95.0,1.7711580905604107,0.4416666666666629,0.8855790452802054,93.0,-3.3995908059540247,-2.833333333333343,-4.532787741272032
140.368115942029,2025-01-31,0.642778386730903,1.600200042724609,1600.2000427246094,39.69687608281772,2381.812564969063,2025-01-31T01:19:35+00:00,345,15.2,0.595697792939481,912.0,715F1284-7914-476D-B9F8-A02A82E36C32,5,165.0,83.0,47.83707027652192,22.86,0.357221613269096,14.18058211604754,850.8349269628525,224.61706512760773,32,2025-01-31 00:39:53+00:00,25.51629396677017,1530.9776380062103,Friday,2025,2025-01-27,15.671779708002218,204.32822029199778,197.02975420439844,0.6748467112597548,0.686973711910348,0.7124209057095573,0.5342537446857469,0.9183187393458692,z2_60_70,z2_60_70,z3_70_80,z1_under_60,lthr_z3_90_95,2112.0,3.149147727272727,3.735985533453888,1.0,27.65,7.55,0.7855113636363636,0.21448863636363635,z4,7.55,0.21448863636363635,3.5166666666666666,0.09990530303030302,7.683333333333334,0.21827651515151514,9.133333333333333,0.25946969696969696,7.216666666666667,0.2050189393939394,0.1,0.002840909090909091,0.5203412478158085,z3,3.0,3.149147727272727,15.2,0.5956977929394816,20.655922035322895,125.01132709603249,76.0,201.0113270960325,125.61637403394703,0.34079726692547674,59,52.0,-2.9379664982530986,0.26893939393940514,-1.4689832491265493,56.0,-3.651219687436376,-3.423669467787107,-4.868292916581835
121.0968096809681,2025-02-01,0.38890092226293504,3.200400085449219,3200.4000854492188,125.65420140028,7539.2520840168,2025-02-01T02:37:26+00:00,909,10.666666666666666,0.21827939239549002,640.0,DE02B0CD-566C-4287-B4A5-EB6BF460677E,5,171.0,61.0,45.80711802217285,22.86,0.6110990777370651,76.78716658949853,4607.229995369911,387.55824005059804,64,2025-02-01 00:31:47+00:00,48.867034810781476,2932.0220886468887,Saturday,2025,2025-01-27,15.674517615009206,204.3254823849908,197.02783766949355,0.5821962003892697,0.5926662121017146,0.614617767282729,0.3939313282680352,0.7922416629924727,z1_under_60,z1_under_60,z2_60_70,z1_under_60,lthr_z1_under_85,5595.0,2.2879356568364613,3.6033236994219653,1.0,46.13333333333333,47.11666666666667,0.49472743521000895,0.505272564789991,z1,47.11666666666667,0.505272564789991,8.383333333333333,0.08990169794459339,15.8,0.16943699731903486,9.666666666666666,0.10366398570151922,10.3,0.11045576407506702,1.9833333333333334,0.021268990169794458,0.3836653168862985,z1,1.0,2.2879356568364613,10.666666666666666,0.21827939239549055,48.2091589983332,287.48872781501063,53.33333333333333,340.82206114834395,106.49357956772614,0.37826857819667253,107,74.0,-0.4291322284746699,0.2333333333333485,-0.21456611423733496,79.0,-3.8693936214136526,-2.177777777777777,-5.159191495218203
,2025-02-05,0.0033405803941110005,0.0,0.0,120.16042175094286,7209.625305056572,2025-02-05T02:32:56+00:00,0,0.0,0.0,0.0,66CA288C-5C01-4B24-AC58-427261896E01,6,,,,22.86,0.9966594196058881,119.75901620189349,7185.540972113609,,0,2025-02-05 00:32:46+00:00,0.40140554904937703,24.084332942962646,Wednesday,2025,2025-02-03,15.68546924303716,204.31453075696285,197.02017152987398,,,,,,,,,,,0.0,,,,,,,,,,,,,,,,,,,,,,,,,0.0,0.0,,,0.0,0.0,,,0,,,,,,,,
127.48145650708024,2025-02-11,0.44678977072895004,4.503420120239258,4503.420120239258,165.59298399885495,9935.579039931297,2025-02-11T03:16:54+00:00,1483,7.845833335320155,0.10604591038902701,470.7500001192093,652C63D5-A49A-41EA-97D2-EA698786D3B5,7,186.0,69.0,49.286042194464756,22.86,0.553210229271049,91.60773264368375,5496.463958621025,574.1025561913909,90,2025-02-11 00:31:19+00:00,73.9852513551712,4439.115081310272,Tuesday,2025,2025-02-10,15.701896685079092,204.29810331492092,197.00867232044465,0.6128916178225011,0.6239972590962847,0.6470855064680866,0.4405119593557225,0.8340114109525104,z2_60_70,z2_60_70,z2_60_70,z1_under_60,lthr_z1_under_85,8281.0,2.5157589663084168,4.243410852713178,1.0,64.5,73.51666666666667,0.4673348629392585,0.5326651370607415,z1,73.51666666666667,0.5326651370607415,9.183333333333334,0.06653785774664896,10.5,0.0760777683854607,15.033333333333333,0.10892404298997706,15.0,0.10868252626494385,14.783333333333333,0.107112667552228,0.42894650005021445,z1,1.0,2.5157589663084168,7.845833335320155,0.10604591038902741,71.03053091918,416.5920342528855,39.22916667660077,455.8212009294863,101.21667283070836,0.38661342241353697,125,98.0,3.241946445378554,0.32638888888888573,1.620973222689277,93.0,-2.821280358619806,-1.3050000000000068,-3.7617071448264077
127.0656660412758,2025-02-12,0.5115904904719161,4.114800109863281,4114.800109863281,128.87977089881898,7732.786253929138,2025-02-12T02:44:41+00:00,1066,22.08333332737287,0.33493259108780005,1324.9999996423721,B4869D8E-2897-4C77-8A48-A5479197BEB9,7,170.0,74.0,48.07062076818042,22.86,0.48840950952808304,62.946105692783995,3776.7663415670395,522.8498165864927,82,2025-02-12 00:35:49+00:00,65.93366520603497,3956.0199123620987,Wednesday,2025,2025-02-10,15.70463459208608,204.29536540791392,197.00675578553975,0.6108926251984413,0.6219703799328263,0.6449812623664472,0.43749230618831597,0.8312912193062305,z2_60_70,z2_60_70,z2_60_70,z1_under_60,lthr_z1_under_85,6162.0,2.2942226549821485,3.8707703383729304,1.0,46.3,56.4,0.4508276533592989,0.549172346640701,z1,56.4,0.549172346640701,13.966666666666667,0.13599480688088283,6.8,0.06621226874391431,4.35,0.04235637779941578,13.616666666666667,0.13258682246024017,7.566666666666666,0.07367737747484583,0.42599763149840997,z1,1.0,2.2942226549821485,22.08333332737287,0.33493259108780077,54.90247715095459,295.6788901649795,110.41666663686435,406.0955568018439,98.69144210150633,0.37831321603874674,89,79.0,-1.6149380394285644,-0.5169082125603808,-0.8074690197142822,71.0,1.8236931696354952,-1.28985507246378,2.4315908928473267
129.12359550561797,2025-02-13,0.483819806798278,3.703320098876953,3703.320098876953,120.60940913359325,7236.5645480155945,2025-02-13T02:51:38+00:00,979,11.583333335320155,0.19850375235231202,695.0000001192093,72854626-73F0-4DAF-AE39-778231AE8829,7,178.0,67.0,47.271005044445445,22.86,0.516180193201721,62.25618810852369,3735.371286511421,478.1860064752129,74,2025-02-13 00:51:01+00:00,58.35322102506955,3501.1932615041733,Thursday,2025,2025-02-10,15.707372499093069,204.29262750090692,197.00483925063486,0.6207865168539326,0.6320521552107637,0.6554336228327033,0.45249039687296827,0.8447546413852011,z2_60_70,z2_60_70,z2_60_70,z1_under_60,lthr_z1_under_85,5643.0,2.657097288676236,4.093284816407542,1.0,50.38333333333333,43.666666666666664,0.5357079567605884,0.46429204323941164,z1,43.666666666666664,0.46429204323941164,8.083333333333334,0.0859471912103491,9.65,0.10260499734183945,9.216666666666667,0.09799751905015062,16.35,0.17384370015948963,7.083333333333333,0.07531454899875953,0.4405928759263686,z1,1.0,2.657097288676236,11.583333335320155,0.1985037523523124,53.13964643394988,320.4709339977135,57.91666667660078,378.3876006743142,102.17523480864152,0.36609114592374215,96,71.0,0.254702305326231,-0.4583333333333428,0.1273511526631155,72.0,-0.6397402332814202,-0.3333333333333428,-0.8529869777085604
132.62688064192577,2025-02-14,0.564230603526801,4.732020126342773,4732.020126342773,137.63612688382466,8258.16761302948,2025-02-14T02:41:07+00:00,997,6.783333331346512,0.087348223651925,406.9999998807907,0AAB9137-BEF8-4069-A705-7F39D90DD512,7,178.0,77.00000000000001,49.23384486876959,22.86,0.435769396473198,59.97761194507281,3598.6567167043686,627.5930684916535,94,2025-02-14 00:23:29+00:00,77.65851493875185,4659.510896325111,Friday,2025,2025-02-10,15.710110406100057,204.28988959389994,197.00292271572997,0.6376292338554124,0.6492092237436208,0.6732229086433549,0.4780168505929201,0.867673894581361,z2_60_70,z2_60_70,z2_60_70,z1_under_60,lthr_z2_85_90,6134.0,2.5647212259537007,3.6521138436032055,1.0,60.31666666666667,41.916666666666664,0.5899902184545158,0.4100097815454842,z1,41.916666666666664,0.4100097815454842,14.0,0.13694163677861101,14.433333333333334,0.14118030648842517,12.433333333333334,0.12161721552005217,17.45,0.17068796869905445,2.0,0.019563090968373,0.46543886980089194,z2,2.0,2.5647212259537007,6.783333331346512,0.08734822365192572,64.06120334057951,352.9982960770019,33.91666665673256,386.91496273373446,81.7652825650107,0.3712207105412828,97,61.0,-1.4535335759944854,-0.125,-0.7267667879972427,64.0,-1.1540803538028557,-2.25,-1.5387738050704747
135.48433734939758,2025-02-15,0.6060464557285921,2.766060073852539,2766.060073852539,133.41149675051372,8004.689805030823,2025-02-15T02:41:21+00:00,1245,12.816666660706202,0.15851702641551602,768.9999996423721,7850AFA3-A52E-4566-85B5-6C9A7855532B,7,194.0,65.0,87.69176655641125,22.86,0.39395354427140705,52.5579319914182,3153.475919485092,374.757816174537,55,2025-02-15 00:27:57+00:00,80.8535647590955,4851.213885545731,Saturday,2025,2025-02-10,15.712848313107045,204.28715168689297,197.00100618082507,0.6513670064874884,0.6632053765038138,0.6877342404283864,0.4988401063603382,0.8863679977523734,z2_60_70,z2_60_70,z2_60_70,z1_under_60,lthr_z2_85_90,7044.0,2.9825383304940374,4.348920863309353,1.0,69.5,47.9,0.5919931856899489,0.4080068143100511,z1,47.9,0.4080068143100511,12.016666666666667,0.10235661555934128,11.383333333333333,0.09696195343554799,8.166666666666666,0.06956274843838728,16.2,0.13798977853492334,21.733333333333334,0.185122089721749,0.4857045202084935,z2,2.0,2.9825383304940374,12.816666660706202,0.15851702641551632,64.79856701950526,397.90490278698786,64.083333303531,461.98823609051885,167.02031906597983,0.6472465251113484,112,97.0,5.686750360141613,4.795321637426895,2.8433751800708067,94.0,-10.881412529730044,-9.365000000000009,-14.508550039640054
140.62953367875647,2025-02-15,0.265351342733511,2.19456005859375,2194.56005859375,114.4677102168401,6868.0626130104065,2025-02-15T18:11:39+00:00,1158,20.533333325386046,0.676013193976254,1231.9999995231628,82F56DAB-027C-4EA8-9B5B-4A343EFBDA48,7,176.0,97.0,41.52198134663826,22.86,0.7346486572664881,84.09354961117108,5045.612976670265,308.6199576700635,43,2025-02-15 16:17:11+00:00,30.374160605669022,1822.4496363401413,Saturday,2025,2025-02-10,15.712848313107045,204.28715168689297,197.00100618082507,0.6761035273017139,0.6883914750267637,0.7138518548969957,0.5363177309314519,0.9200289910281911,z2_60_70,z2_60_70,z3_70_80,z1_under_60,lthr_z3_90_95,6480.0,3.1473765432098766,3.9675837065472384,1.0,78.15,29.85,0.7236111111111111,0.2763888888888889,z1,29.85,0.2763888888888889,15.283333333333333,0.14151234567901236,17.083333333333332,0.15817901234567902,12.8,0.11851851851851852,20.85,0.19305555555555556,12.133333333333333,0.11234567901234568,0.5221952743174219,z3,3.0,3.1473765432098766,20.533333325386046,0.6760131939762547,59.77449733716997,360.2729860914281,102.66666662693024,462.93965271835833,210.94872792636397,0.2952579039441882,80,75.0,1.8381153132743921,2.9722222222222,0.9190576566371961,73.0,-3.5994883750839293,-3.133333333333354,-4.799317833445239
144.47972972972974,2025-02-18,0.540369887217924,4.526280120849609,4526.280120849609,146.36477461655934,8781.88647699356,2025-02-18T02:57:28+00:00,1332,24.75,0.312930212852293,1485.0,54B14EEB-BB92-4E62-B2D3-0B46EFAC1BCA,8,188.0,65.0,52.42126954620383,22.86,0.45963011278207505,67.2736578643322,4036.419471859932,653.9557285414,90,2025-02-18 00:31:07+00:00,79.09111675222715,4745.467005133629,Tuesday,2025,2025-02-17,15.72106203412801,204.278937965872,196.9952565761104,0.6946140852390853,0.7072668928495572,0.7334173027354548,0.5643963369602368,0.9452178108683352,z2_60_70,z3_70_80,z3_70_80,z1_under_60,lthr_z3_90_95,7494.0,3.733787029623699,5.002148857198671,1.0,85.31666666666666,39.583333333333336,0.6830797971710701,0.3169202028289298,z6,39.583333333333336,0.3169202028289298,6.466666666666667,0.051774753135842004,7.6,0.06084867894315452,8.483333333333333,0.06792100346944221,19.5,0.15612489991993594,43.266666666666666,0.3464104617026955,0.5495016292888634,z3,3.0,3.733787029623699,24.75,0.312930212852293,80.42768212229663,546.4948970571053,123.75,670.2448970571053,148.07852787761098,0.3628278488910895,107,93.0,3.2634242741462494,1.280701754385973,1.6317121370731247,92.0,-2.7848799214002735,-2.4216269841269735,-3.713173228533697
151.8430799220273,2025-02-20,0.446096242810253,3.931920104980468,3931.9201049804688,126.38810741702716,7583.286445021629,2025-02-20T02:41:38+00:00,1026,24.31662088036537,0.431289065605484,1458.9972528219223,B4C0CE7D-9DBE-47F7-964E-69C8AF38D49A,8,190.0,94.0,43.01811202868884,22.86,0.553903757189746,70.00684756239255,4200.410853743553,597.0348587475753,78,2025-02-20 00:35:15+00:00,56.3812598546346,3382.875591278076,Thursday,2025,2025-02-17,15.726537848141987,204.273462151858,196.9914235063006,0.730014807317439,0.7433323855310502,0.7708106130679884,0.6180588628861863,0.9933904490815992,z3_70_80,z3_70_80,z3_70_80,z2_60_70,lthr_z4_95_100,5938.0,4.052711350623105,4.686597518812284,1.0,81.95,17.016666666666666,0.8280565847086561,0.17194341529134388,z6,17.016666666666666,0.17194341529134388,12.216666666666667,0.12344223644324688,9.216666666666667,0.09312899966318626,9.15,0.09245537217918491,12.816666666666666,0.129504883799259,38.55,0.38952509262377905,0.6017239710782079,z4,4.0,4.052711350623105,24.31662088036537,0.43128906560548447,76.05075389203267,512.2145175127582,121.58310440182686,633.7976219145851,161.19290448241026,0.28330637162246053,97,67.0,2.3011165447143207,2.6388888888888857,1.1505582723571603,64.0,-1.7522593286912547,0.11111111111111427,-2.3363457715883396
141.7807525325615,2025-02-21,0.41803309835315106,4.206240112304687,4206.2401123046875,155.11128306587537,9306.676983952522,2025-02-21T02:52:46+00:00,1382,12.516680788993835,0.19303458102654603,751.0008473396301,A62CF23F-99EB-494E-9590-A4CCC3FBAFE8,8,194.0,77.00000000000001,46.246753764634164,22.86,0.5819669016468481,90.2696328163147,5416.177968978882,596.3638884552047,84,2025-02-21 00:17:39+00:00,64.84165024956067,3890.4990149736404,Friday,2025,2025-02-17,15.729275755148976,204.270724244851,196.9895069713957,0.6816382333296226,0.694082586022531,0.7197375876124665,0.544768397951878,0.9275605151171378,z2_60_70,z2_60_70,z3_70_80,z1_under_60,lthr_z3_90_95,7967.0,3.430902472699887,4.466439949883658,1.0,93.11666666666666,39.666666666666664,0.7012677293837078,0.2987322706162922,z1,39.666666666666664,0.2987322706162922,15.7,0.1182377306388854,12.083333333333334,0.09100037655328229,11.816666666666666,0.08899209238107192,20.116666666666667,0.15149993724111963,33.4,0.25153759256934854,0.5303599470394433,z3,3.0,3.430902472699887,12.516680788993835,0.19303458102654691,82.26481187203777,532.1716846143639,62.58340394496918,594.7550885593331,141.39827320353672,0.32618499294544995,134,112.0,2.2364425719327095,1.2361111111111,1.1182212859663547,114.0,-2.2850049874618494,-1.7368421052631504,-3.046673316615799
126.07167832167832,2025-02-22,0.36055131632008003,2.697480072021484,2697.4800720214844,129.1492149333159,7748.952895998955,2025-02-22T02:40:24+00:00,1144,6.116666666666666,0.131357827726332,367.0,B5470FEF-8C22-485B-BF6F-B3713865BE02,8,184.00000000000003,72.0,51.787132660093846,22.86,0.639448683679919,82.58429548740386,4955.057729244232,340.0758399190303,53,2025-02-22 00:31:15+00:00,46.56491944591205,2793.8951667547226,Saturday,2025,2025-02-17,15.732013662155964,204.26798633784404,196.98759043649082,0.606113838084992,0.6171876493322118,0.6399980731899153,0.43033834689095735,0.8247883354892032,z2_60_70,z2_60_70,z2_60_70,z1_under_60,lthr_z1_under_85,6659.0,2.544826550533113,4.2349056603773585,1.0,53.0,57.983333333333334,0.4775491815587926,0.5224508184412074,z1,57.983333333333334,0.5224508184412074,8.066666666666666,0.07268358612404265,8.216666666666667,0.07403514041147319,9.716666666666667,0.08755068328577864,17.2,0.1549782249587025,9.8,0.08830154677879562,0.41894807320339233,z1,1.0,2.544826550533113,6.116666666666666,0.13135782772633253,54.10681475204348,328.6623511428099,30.583333333333332,359.2456844761432,133.17825336404636,0.4107753093280502,102,83.0,-0.41490666243623353,0.5317460317460245,-0.20745333121811677,83.0,-3.465417898097971,-2.0888888888888744,-4.620557197463962
136.81801470588235,2025-02-22,0.384132676643667,3.131820083618164,3131.820083618164,110.97209333380063,6658.325600028038,2025-02-22T18:16:09+00:00,1088,5.566666664679845,0.130587072313225,333.9999998807907,2D387C42-8D2B-454E-9102-7F4CE8A0F0B8,8,181.0,77.00000000000001,40.83377024246172,22.86,0.6158673233563321,68.34408608873686,4100.645165324211,428.48940625664767,62,2025-02-22 16:25:11+00:00,42.628007245063785,2557.680434703827,Saturday,2025,2025-02-17,15.732013662155964,204.26798633784404,196.98759043649082,0.6577789168552036,0.669796658589445,0.6945514405385488,0.5086256203543791,0.8950932050438001,z2_60_70,z2_60_70,z2_60_70,z1_under_60,lthr_z2_85_90,6172.0,3.0079390797148413,4.1303359434200555,1.0,65.98333333333333,36.88333333333333,0.6414452365521711,0.3585547634478289,z1,36.88333333333333,0.3585547634478289,7.866666666666666,0.07647440051847051,12.866666666666667,0.12508101101749838,13.616666666666667,0.13237200259235257,26.066666666666666,0.25340246273493194,5.566666666666666,0.054115359688917695,0.49516322486441383,z2,2.0,3.0079390797148413,5.566666664679845,0.1305870723132255,54.94929960511944,333.7972962965017,27.833333323399224,361.63062961990096,115.46979710345055,0.29845317029516955,98,93.0,2.953081763451053,0.09999999999999432,1.4765408817255266,93.0,-3.996281235486331,-1.3333333333333428,-5.328374980648442
136.82665094339623,2025-02-25,0.521771912955,3.543300094604492,3543.300094604492,117.57473210096359,7054.483926057816,2025-02-25T02:40:31+00:00,848,13.866666674613953,0.22603587911429002,832.0000004768372,C66DC826-B00F-427F-B1A2-78EFCE704224,9,177.0,88.0,51.94072580268353,22.86,0.47822808704499903,56.22753921747208,3373.6523530483246,484.8178852321517,70,2025-02-25 00:42:56+00:00,61.347192883491516,3680.831573009491,Tuesday,2025,2025-02-24,15.74022738317693,204.25977261682306,196.98184083177614,0.6578204372278665,0.6698658731989945,0.6946155562646363,0.5087189757943547,0.8951497051876769,z2_60_70,z2_60_70,z2_60_70,z1_under_60,lthr_z2_85_90,5091.0,2.8754665095266154,4.052429667519181,1.0,52.13333333333333,32.71666666666667,0.6144175996857199,0.3855824003142801,z1,32.71666666666667,0.3855824003142801,9.7,0.11431938715380083,9.45,0.11137301119622864,9.1,0.10724808485562758,16.183333333333334,0.1907287369868395,7.7,0.09074837949322334,0.4952244747758598,z2,2.0,2.8754665095266154,13.866666674613953,0.22603587911429052,58.225884951612116,338.0822045228847,69.33333337306976,407.41553789595446,114.98194536678969,0.3796097137842749,106,80.0,1.0286099376713622,0.26940993788819867,0.5143049688356811,69.0,-6.871066483593259,-3.9343434343434183,-9.161421978124343
139.87084148727985,2025-02-26,0.55234803314644,3.726180099487305,3726.1800994873047,110.2400307516257,6614.401845097542,2025-02-26T02:31:06+00:00,1022,9.683333333333334,0.15902768776515303,581.0,1C6329AD-82CB-493A-9C25-0560384FB8B0,9,187.0,80.0,49.024091053496036,22.86,0.447651966853559,49.34916659196218,2960.9499955177307,521.1839460484454,74,2025-02-26 00:40:52+00:00,60.890864159663515,3653.451849579811,Wednesday,2025,2025-02-24,15.74296529018392,204.25703470981608,196.97992429687125,0.6724559686888454,0.6847785765909682,0.710076633375483,0.530907881270645,0.9150654617241709,z2_60_70,z2_60_70,z3_70_80,z1_under_60,lthr_z3_90_95,5903.0,3.1748263594782316,4.210302575643911,1.0,66.65,31.733333333333334,0.6774521429781467,0.3225478570218533,z1,31.733333333333334,0.3225478570218533,7.35,0.07470777570726748,14.116666666666667,0.14348636286633915,16.5,0.1677113332203964,14.533333333333333,0.14772149754362188,14.15,0.14382517364052178,0.5168144786331904,z3,3.0,3.1748263594782316,9.683333333333334,0.1590276877651533,56.97364401740831,349.9929554999521,48.41666666666667,398.40962216661876,106.92172990281307,0.3504954323017667,144,128.0,1.0097800162448416,-1.0801328502415544,0.5048900081224208,130.0,-1.8665314605966905,-0.5763888888888857,-2.4887086141289205
144.83832976445396,2025-02-27,0.500142502923667,4.000500106811524,4000.500106811524,122.96620240012804,7377.972144007683,2025-02-27T02:40:05+00:00,934,25.583333331346513,0.415984937487595,1534.9999998807907,697012A8-F7D0-40E0-9009-60DFEDB33BFB,9,181.0,96.0,46.11970198828633,22.86,0.49985749707633204,61.46557815670967,3687.9346894025803,579.4257536931008,80,2025-02-27 00:37:07+00:00,61.50062424341838,3690.0374546051025,Thursday,2025,2025-02-24,15.745703197190908,204.25429680280908,196.97800776196635,0.6963381238675671,0.7091078720575635,0.735302034019354,0.5671103315350701,0.9475638502776932,z2_60_70,z3_70_80,z3_70_80,z1_under_60,lthr_z3_90_95,5673.0,3.4272871496562667,4.221806270472626,1.0,71.23333333333333,23.316666666666666,0.7533932663493742,0.24660673365062577,z1,23.316666666666666,0.24660673365062577,12.633333333333333,0.13361537105587873,12.866666666666667,0.1360832011281509,9.8,0.10364886303543099,17.933333333333334,0.18967036841177506,18.0,0.19037546271813854,0.552044891946482,z3,3.0,3.4272871496562667,25.583333331346513,0.4159849374875958,67.88286391704791,421.4404853279904,127.91666665673256,549.357151984723,137.3221190644015,0.31842194026463405,100,82.0,0.5521563480700892,0.15000000000000568,0.2760781740350446,76.0,-2.4598497196481413,-4.407738095238102,-3.279799626197521
144.89409368635438,2025-02-28,0.44996778374699603,2.125980056762695,2125.9800567626953,95.20333056648572,5712.199833989143,2025-02-28T03:34:53+00:00,982,10.449999998013178,0.243939836100237,626.9999998807907,F1EDE395-251C-4476-A8B7-21F2441D2170,9,192.0,84.0,60.44990618430239,22.86,0.550032216253003,52.36489890615145,3141.893934369087,308.04195351989495,42,2025-02-28 01:59:41+00:00,42.83843166033427,2570.305899620056,Friday,2025,2025-02-24,15.748441104197896,204.2515588958021,196.9760912270615,0.6966062196459345,0.7093903932467481,0.7355922883012725,0.5675279342035714,0.9479286699813482,z2_60_70,z3_70_80,z3_70_80,z1_under_60,lthr_z3_90_95,5466.0,3.456641053787047,4.4255102040816325,1.0,65.33333333333333,25.766666666666666,0.7171606293450421,0.2828393706549579,z1,25.766666666666666,0.2828393706549579,10.783333333333333,0.11836809366995975,8.833333333333334,0.09696304427369191,9.333333333333334,0.10245151847786316,14.566666666666666,0.15989754848152213,21.816666666666666,0.23948042444200512,0.5524403807542864,z3,3.0,3.456641053787047,10.449999998013178,0.24393983610023776,52.59416418722556,329.0837408933738,52.24999999006589,381.33374088343965,179.36844688191007,0.41720062320245804,50,47.0,6.54626518585722,3.080808080808083,3.27313259292861,49.0,-6.78597018602779,-6.599999999999994,-9.047960248037052
144.5271273557967,2025-03-01,0.268464981831383,2.766060073852539,2766.060073852539,158.17978548407555,9490.787129044533,2025-03-02T00:10:30+00:00,1751,13.06666665673256,0.307699070780025,783.9999994039536,FBFBD067-FA7F-4AB6-AAF5-51C57509CACF,9,195.0,96.0,46.057278694886,22.86,0.7315350181686161,115.7140522480011,6942.843134880066,399.77071656747034,55,2025-03-01 21:32:19+00:00,42.46573323607445,2547.943994164467,Saturday,2025,2025-02-24,15.751179011204885,204.2488209887951,196.97417469215657,0.6948419584413302,0.7076032393045016,0.7337364280453142,0.5648655252355571,0.9455278964452889,z2_60_70,z3_70_80,z3_70_80,z1_under_60,lthr_z3_90_95,9206.0,3.2812296328481425,3.7786451442180473,1.0,125.96666666666667,27.466666666666665,0.8209863132739518,0.17901368672604823,z2,27.466666666666665,0.17901368672604823,36.18333333333333,0.23582446230719095,29.133333333333333,0.18987616771670648,15.133333333333333,0.09863132739517706,17.416666666666668,0.11351292635237889,28.1,0.18314142950249837,0.5498377826652248,z3,3.0,3.2812296328481425,13.06666665673256,0.3076990707800257,86.97322251302501,519.0241994479112,65.3333332836628,584.357532731574,211.25988486493245,0.3186756668974832,76,75.0,4.252324390356659,1.0266666666666708,2.1261621951783294,76.0,-4.009445450487393,-2.3991545893719746,-5.345927267316525
137.52386780905752,2025-03-03,0.35474080422020204,1.668780044555664,1668.780044555664,104.00713430047036,6240.428058028221,2025-03-04T01:38:09+00:00,817,2.4,0.065048451872905,144.0,00FE425A-0592-455D-92E3-3A91466A5AC1,10,189.0,84.0,66.32792845304797,22.86,0.6452591957797971,67.11155983408293,4026.6935900449753,229.49708624986627,33,2025-03-03 23:54:09+00:00,36.89557446638743,2213.734467983246,Monday,2025,2025-03-03,15.756654825218861,204.24334517478113,196.9703416223468,0.6611724413896997,0.673333408691341,0.6981958130160194,0.5138600179064747,0.8997110495416125,z2_60_70,z2_60_70,z2_60_70,z1_under_60,lthr_z2_85_90,5110.0,2.831898238747554,3.812800480769231,1.0,55.46666666666667,29.7,0.6512720156555774,0.3487279843444227,z1,29.7,0.3487279843444227,12.816666666666666,0.15048923679060666,11.516666666666667,0.13522504892367906,12.05,0.14148727984344422,11.4,0.13385518590998044,7.683333333333334,0.09021526418786693,0.5001692752415428,z2,2.0,2.831898238747554,2.4,0.0650484518729054,52.02117298301606,294.5376204426823,12.0,306.5376204426823,183.68964888018073,0.4823012143982146,39,33.0,4.161398960392098,2.927536231884062,2.080699480196049,30.0,-10.520206385318618,-8.674999999999997,-14.026941847091486
131.26443202979516,2025-03-06,0.402729744499896,3.794760101318359,3794.7601013183594,135.2305752178033,8113.834513068199,2025-03-06T02:56:25+00:00,1074,6.799999994039536,0.12485913169260501,407.99999964237213,38BA9258-1798-45F6-869D-7215AB8C88A9,10,187.0,73.0,43.05519206902107,22.86,0.597270255500103,80.76920021176338,4846.152012705803,498.1170293888824,75,2025-03-06 00:41:11+00:00,54.46137500603994,3267.6825003623962,Thursday,2025,2025-03-03,15.764868546239827,204.23513145376018,196.96459201763213,0.6310790001432459,0.6427123046629911,0.6664366964903238,0.468279742577784,0.8587604594788194,z2_60_70,z2_60_70,z2_60_70,z1_under_60,lthr_z2_85_90,6495.0,2.6497305619707467,4.025127046866177,1.0,59.03333333333333,49.21666666666667,0.5453425712086221,0.454657428791378,z1,49.21666666666667,0.454657428791378,13.2,0.12193995381062356,10.666666666666666,0.09853733641262509,9.883333333333333,0.09130100076982293,12.016666666666667,0.11100846805234796,13.266666666666667,0.12255581216320247,0.4557761136864905,z2,2.0,2.6497305619707467,6.799999994039536,0.1248591316926059,61.63486602435903,358.3245880674973,33.99999997019768,392.324588037695,103.38587356323139,0.328003491907451,98,73.0,3.8427220239241695,3.0,1.9213610119620848,74.0,-4.5526975709475055,-0.6607142857142918,-6.070263427930008
139.14050719671008,2025-03-07,0.618313566751976,4.229100112915039,4229.100112915039,156.5911076327165,9395.46645796299,2025-03-07T03:07:40+00:00,1459,25.133333331346513,0.25958178789873504,1507.9999998807907,D2425532-5F4D-4AAD-B90A-30ECB6FAB75B,10,188.0,81.0,68.68298481727572,22.86,0.38168643324802304,59.768701350688936,3586.122081041336,588.4391346966624,84,2025-03-07 00:31:04+00:00,96.82240628202756,5809.344376921654,Friday,2025,2025-03-03,15.767606453246815,204.23239354675317,196.96267548272724,0.6689447461380292,0.6812852005519773,0.7064308344497081,0.52568133027668,0.9102874559746739,z2_60_70,z2_60_70,z3_70_80,z1_under_60,lthr_z3_90_95,8037.0,3.131392310563643,4.713418599609798,1.0,76.88333333333334,57.06666666666667,0.5739703869603086,0.42602961303969145,z1,57.06666666666667,0.42602961303969145,11.266666666666667,0.08411098668657459,7.216666666666667,0.053875824312554436,8.85,0.06606942889137737,14.5,0.10824934677118328,35.05,0.2616648002986189,0.5116348028135467,z3,3.0,3.131392310563643,25.133333331346513,0.2595817878987359,80.11746047601977,490.34819034373226,125.66666665673256,616.0148570004649,145.66097764374214,0.4936232172862146,118,101.0,4.392227342062381,1.8499999999999943,2.1961136710311906,99.0,-6.457699236144193,-3.0909090909090935,-8.610265648192257
147.56395759717316,2025-03-10,0.41375525769501403,4.114800109863281,4114.800109863281,146.93172891736032,8815.903735041618,2025-03-11T01:58:57+00:00,1415,13.233333331346511,0.21767579415156502,793.9999998807907,FEF46BC6-3098-49DB-90E4-0EE656A2BE74,11,198.0,92.00000000000001,44.323252944451994,22.86,0.586244742304986,86.13795355558395,5168.277213335037,607.1961889327087,82,2025-03-10 23:32:01+00:00,60.793775361776355,3647.626521706581,Monday,2025,2025-03-10,15.77582017426778,204.22417982573222,196.95692587801256,0.7094421038325632,0.7225586985982358,0.7492194394248848,0.5870973883719715,0.9653955002821887,z3_70_80,z3_70_80,z3_70_80,z1_under_60,lthr_z4_95_100,7614.0,3.7415287628053586,4.576764907470871,1.0,97.26666666666667,29.633333333333333,0.7664827948515892,0.23351720514841082,z6,29.633333333333333,0.23351720514841082,14.066666666666666,0.11084843708957184,12.416666666666666,0.09784607302337799,10.716666666666667,0.08444969792487524,23.483333333333334,0.18505384817441556,36.583333333333336,0.28828473863934856,0.5713755857955543,z4,4.0,3.7415287628053586,13.233333331346511,0.21767579415156496,83.95320268211033,549.7492899130235,66.16666665673256,615.9159565697561,149.68308061754684,0.3003663880135801,87,79.0,-0.7805392614511178,-1.0277777777777715,-0.3902696307255589,77.0,-2.7679934544389124,-1.5555555555555713,-3.6906579392518837
150.05405405405406,2025-03-13,0.41729181516066904,3.771900100708007,3771.900100708008,141.90665129820505,8514.399077892303,2025-03-14T01:52:33+00:00,1406,25.250000001986823,0.42640153977753104,1515.0000001192093,620B6734-6688-4999-9182-0BA2CA785B18,11,191.0,76.0,47.09813292177455,22.86,0.5827081848393301,82.69016719460487,4961.410031676292,565.9889015981314,75,2025-03-13 23:30:38+00:00,59.21648410360019,3552.989046216011,Thursday,2025,2025-03-10,15.784033895288745,204.21596610471124,196.95117627329788,0.7214137214137215,0.734781206955749,0.7618845284063327,0.6052798111749945,0.9816862528066215,z3_70_80,z3_70_80,z3_70_80,z2_60_70,lthr_z4_95_100,7742.0,4.0312580728493925,4.9152485819152485,1.0,99.9,29.133333333333333,0.7742185481787652,0.22578145182123482,z6,29.133333333333333,0.22578145182123482,10.283333333333333,0.07969516920692328,8.983333333333333,0.06962025316455696,9.116666666666667,0.07065357788685095,22.05,0.17088607594936708,49.46666666666667,0.3833634719710669,0.5890358443549933,z4,4.0,4.0312580728493925,25.250000001986823,0.42640153977753126,83.58810416702782,572.0623336369129,126.25000000993411,698.3123336468469,185.1354264434972,0.3138744449037569,112,109.0,1.4701951568516765,0.027777777777771462,0.7350975784258382,107.0,-1.4332644125705898,-1.0749999999999886,-1.9110192167607865
157.46031746031747,2025-03-18,0.534497456003884,1.600200042724609,1600.2000427246094,52.67736085057258,3160.641651034355,2025-03-18T00:56:31+00:00,441,21.033333333333335,0.74703070604137,1262.0,1AF3D66E-AFB1-48C5-8252-319739798815,12,182.0,104.0,52.78574167956429,22.86,0.465502543996115,24.521445486942927,1471.2867292165756,251.96800672743055,32,2025-03-18 00:03:50+00:00,28.15591536362966,1689.3549218177795,Tuesday,2025,2025-03-17,15.797723430323689,204.20227656967631,196.9415935987734,0.7570207570207571,0.7710997159553707,0.7995279949907858,0.6593208197560659,1.0301396385976807,z3_70_80,z3_70_80,z3_70_80,z2_60_70,lthr_z5_100_106,2697.0,4.697441601779755,5.30012936610608,1.0,38.65,6.3,0.8598442714126807,0.14015572858731926,z6,6.3,0.14015572858731926,1.4833333333333334,0.03299962921764924,0.9,0.020022246941045607,2.2666666666666666,0.05042639970337412,13.883333333333333,0.3088616981831665,20.116666666666667,0.4475342973674453,0.6415625351795565,z5,5.0,4.697441601779755,21.033333333333335,0.7470307060413705,33.79582117386167,247.44882633144385,105.16666666666667,352.61549299811054,220.35713259807412,0.335232028811749,45,38.0,-2.7600686986222702,-2.3289855072463723,-1.3800343493111351,38.0,-1.169040943316055,0.2708333333333286,-1.5587212577547398
136.7879746835443,2025-03-20,0.33661763456744603,1.005840026855468,1005.8400268554688,65.73087805112203,3943.852683067322,2025-03-20T01:44:21+00:00,632,6.15,0.27795136948577703,369.0,5140A6AB-CB27-4C97-8FFB-3CD5C0EFB849,12,183.0,78.0,65.99311649025083,22.86,0.663382365432553,43.60470536351204,2616.2823218107224,137.58682012920136,20,2025-03-20 00:38:38+00:00,22.12617268760999,1327.5703612565994,Thursday,2025,2025-03-17,15.803199244337666,204.19680075566234,196.93776052896362,0.657634493670886,0.6698830450689673,0.6945746428523386,0.5086705688409723,0.8948966766850751,z2_60_70,z2_60_70,z2_60_70,z1_under_60,lthr_z2_85_90,3563.0,2.7373000280662363,3.823905109489051,1.0,36.53333333333333,22.85,0.6152119000841987,0.3847880999158013,z1,22.85,0.3847880999158013,8.6,0.14482177939938254,9.633333333333333,0.16222284591636263,4.566666666666666,0.07690148751052484,7.066666666666666,0.11900084198708953,6.666666666666667,0.11226494527083918,0.4949501750605978,z2,2.0,2.7373000280662363,6.15,0.27795136948577737,32.533509598289655,179.9251343341547,30.75,210.6751343341547,209.451929441288,0.48244823160021433,29,25.0,-3.1655390286864273,-0.8166666666666629,-1.5827695143432137,27.0,-8.234650156230378,-6.182608695652192,-10.979533541640505
131.421146953405,2025-03-20,0.385250206086626,3.680460098266601,3680.4600982666016,132.80928701758384,7968.557221055031,2025-03-21T01:52:07+00:00,1116,12.499999996026357,0.24430856227622602,749.9999997615814,9F2EA5C0-8674-4851-BC2E-E4C1FE8EACDE,12,178.0,76.0,41.70522474989421,22.86,0.614749793913373,81.64448182384173,4898.668909430504,483.6902874304385,73,2025-03-20 23:39:19+00:00,51.16480519374212,3069.888311624527,Thursday,2025,2025-03-17,15.803199244337666,204.19680075566234,196.93776052896362,0.6318324372759856,0.6436004210989614,0.6673232527901978,0.46955283649896806,0.8597857225887519,z2_60_70,z2_60_70,z2_60_70,z1_under_60,lthr_z2_85_90,6641.0,2.5205541334136425,3.9973285841495994,1.0,56.15,54.53333333333333,0.5073031170004517,0.4926968829995483,z1,54.53333333333333,0.4926968829995483,12.05,0.10886914621291974,8.933333333333334,0.08071073633488933,9.933333333333334,0.08974552025297396,17.583333333333332,0.15886161722632133,7.65,0.06911609697334739,0.45688756704542566,z2,2.0,2.5205541334136425,12.499999996026357,0.24430856227622677,60.678912026501514,334.7529973478898,62.49999998013179,397.2529973280216,107.93568921318212,0.3173402889618721,116,98.0,0.02220222750701145,-0.27518115942028487,0.011101113753505726,99.0,-0.6534542550462028,0.7058823529411882,-0.8712723400616036
155.91647331786544,2025-03-24,0.55090102296471,4.617720123291016,4617.720123291016,119.3392740170161,7160.356441020966,2025-03-25T01:37:34+00:00,1293,17.69999612967173,0.269225505479365,1061.999767780304,37DB851C-E28B-4A31-98A7-9EDFE4FE10EF,13,198.0,96.0,42.71206983998723,22.86,0.44909897703528906,53.595145881175995,3215.7087528705597,719.978636392474,92,2025-03-24 23:38:14+00:00,65.7441281358401,3944.647688150406,Monday,2025,2025-03-24,15.81415087236562,204.18584912763438,196.93009438934408,0.7495984294128146,0.763600778330156,0.791735127134038,0.6481461016809373,1.020039474488984,z3_70_80,z3_70_80,z3_70_80,z2_60_70,lthr_z5_100_106,6812.0,4.326629477392836,4.670986554349587,1.0,102.88333333333334,10.65,0.9061949500880798,0.09380504991192014,z6,10.65,0.09380504991192014,10.9,0.09600704638872577,16.5,0.14533176746917206,11.516666666666667,0.10143863769817968,20.6,0.1814445096887845,43.36666666666667,0.38197298884321784,0.630613285942308,z5,5.0,4.326629477392836,17.69999612967173,0.2692255054793656,75.25693172984002,516.3368207726828,88.49998064835866,604.8368014210415,130.98169340544152,0.27394199555110854,106,104.0,-1.3870421621479154,-0.9082070707070784,-0.6935210810739577,104.0,3.3684320615978227,3.958333333333343,4.491242748797097
132.26545842217485,2025-03-26,0.46761905704698403,3.268980087280273,3268.9800872802734,114.10180661678314,6846.1083970069885,2025-03-27T01:37:23+00:00,938,13.366666664679846,0.25051768812367303,801.9999998807907,8B8CB5F3-A8C3-4B69-AB3D-FBE57D8CDAA2,13,175.0,82.0,48.965895593957676,22.86,0.5323809429530151,60.74562739928563,3644.737643957138,432.3731498170865,65,2025-03-26 23:43:17+00:00,53.356179217497505,3201.3707530498505,Wednesday,2025,2025-03-24,15.819626686379596,204.1803733136204,196.9262613195343,0.6358916270296867,0.6477873278202676,0.6716496699623,0.47576381989401356,0.8653093918238379,z2_60_70,z2_60_70,z2_60_70,z1_under_60,lthr_z2_85_90,5594.0,2.530210940293171,3.7392,1.0,52.083333333333336,41.15,0.5586342509831963,0.4413657490168037,z1,41.15,0.4413657490168037,13.4,0.14372542009295675,10.85,0.11637468716481945,8.316666666666666,0.08920271719699678,14.966666666666667,0.16052913836253127,4.55,0.04880228816589203,0.4628755916466301,z2,2.0,2.530210940293171,13.366666664679846,0.25051768812367303,52.81494124569287,288.70163940900045,66.83333332339923,355.5349727323997,108.76021365679159,0.3702092456948559,95,76.0,-3.7367887837601055,-1.0305555555555515,-1.8683943918800527,72.0,-2.3940017881809346,-1.8888888888888857,-3.192002384241246
126.26633785450062,2025-03-27,0.37117924397759006,2.125980056762695,2125.9800567626953,88.76086710095406,5325.652026057243,2025-03-28T00:16:00+00:00,811,5.484070358673732,0.166455365596012,329.0442215204239,F9ADA0B9-403D-4D0B-B030-E7078C472146,13,173.0,82.0,46.49082869878257,22.86,0.628820756022409,55.81467555562655,3348.880533337593,268.43971611912895,42,2025-03-27 22:47:14+00:00,32.9461915453275,1976.7714927196503,Thursday,2025,2025-03-24,15.822364593386585,204.1776354066134,196.9243447846294,0.6070497012235607,0.6184141451292897,0.6411921186920517,0.4320408183070588,0.826061840484147,z2_60_70,z2_60_70,z2_60_70,z1_under_60,lthr_z1_under_85,4668.0,2.177806341045416,3.38008658008658,1.0,38.5,39.3,0.4948586118251928,0.5051413881748072,z1,39.3,0.5051413881748072,11.2,0.14395886889460155,11.233333333333333,0.1443873179091688,8.016666666666667,0.10304198800342759,6.333333333333333,0.08140531276778064,1.7166666666666666,0.022065124250214223,0.42032863726596187,z1,1.0,2.177806341045416,5.484070358673732,0.1664553655960121,37.30873431108917,193.30397920914717,27.42035179336866,220.72433100251584,103.82239019618113,0.36819653985969675,73,66.0,3.445420256223545,0.7013888888888857,1.7227101281117725,66.0,-4.619187971090926,-2.400946275946282,-6.158917294787901
137.35742035742035,2025-03-31,0.48327906440767304,4.229100112915039,4229.100112915039,133.25802879929543,7995.4817279577255,2025-04-01T01:57:01+00:00,1287,25.883333323399224,0.40191002441976903,1552.9999994039536,6FCEF934-7031-41D4-B223-0B99AADC9CEF,14,182.0,67.0,45.68405601437326,22.86,0.516720935592326,68.85721331636111,4131.432798981667,580.8982819432849,84,2025-03-31 23:43:46+00:00,64.40081548293432,3864.048928976059,Monday,2025,2025-03-31,15.83331622141454,204.16668377858545,196.91667864500982,0.6603722132568286,0.6727709820980471,0.6975408142295579,0.5129337417750169,0.8986221141168619,z2_60_70,z2_60_70,z2_60_70,z1_under_60,lthr_z2_85_90,7113.0,3.2686630113876003,4.633641071830668,1.0,74.01666666666667,44.53333333333333,0.6243497820891326,0.37565021791086745,z1,44.53333333333333,0.37565021791086745,7.733333333333333,0.06523267257134824,9.3,0.0784479122733024,10.833333333333334,0.09138197666244904,20.633333333333333,0.17404751862786447,25.516666666666666,0.21523970195416842,0.49898879686113723,z2,2.0,3.2686630113876003,25.883333323399224,0.40191002441976986,66.4942634626472,435.57558970668055,129.4166666169961,564.9922563236767,133.5963304813416,0.3325925595828599,117,112.0,1.8371413524323814,-0.09722222222222854,0.9185706762161907,114.0,-2.7509922790164087,-1.3958333333333286,-3.6679897053552106
139.0399061032864,2025-04-01,0.40696916016391405,3.794760101318359,3794.7601013183594,146.93721216718356,8816.232730031013,2025-04-02T01:55:18+00:00,1278,24.066666662693024,0.402459929792417,1443.9999997615814,29EA7900-E956-400C-A251-7AF2F0C64353,14,180.0,65.0,47.274857094442254,22.86,0.5930308398360861,87.13829833467801,5228.297900080681,527.6230881718022,75,2025-04-01 23:28:21+00:00,59.79891383250554,3587.9348299503326,Tuesday,2025,2025-03-31,15.836054128421528,204.16394587157848,196.91476211010493,0.6684610870350307,0.6810208605134627,0.706091836962138,0.5252102193876421,0.9096293017444937,z2_60_70,z2_60_70,z3_70_80,z1_under_60,lthr_z3_90_95,7732.0,3.217020175892395,4.373081463990555,1.0,84.7,44.166666666666664,0.6572684945680289,0.342731505431971,z1,44.166666666666664,0.342731505431971,9.716666666666667,0.07540093119503363,14.383333333333333,0.11161407139161925,14.333333333333334,0.11122607346094154,27.116666666666667,0.21042421107087428,19.15,0.14860320744956027,0.5109213198814638,z3,3.0,3.217020175892395,24.066666662693024,0.40245992979241785,75.07335438016011,472.69997613121103,120.33333331346512,593.0333094446762,156.27689066263954,0.34000927085871246,132,112.0,0.9122078538136374,-0.6168478260869534,0.4561039269068187,120.0,-4.655749498691895,-3.9722222222222285,-6.207665998255862
147.74545454545455,2025-04-03,0.48725076634951103,3.543300094604492,3543.300094604492,117.66238225102424,7059.742935061455,2025-04-04T01:35:35+00:00,1155,35.18333332935969,0.61368684655704,2110.9999997615814,35D8CD30-2115-44BD-ACB6-B5EBF619E0EE,14,179.0,86.0,48.54041519905758,22.86,0.5127492336504881,60.331296328703566,3619.8777797222137,523.5064830682928,70,2025-04-03 23:37:55+00:00,57.33108592232068,3439.865155339241,Thursday,2025,2025-03-31,15.841529942435505,204.1584700575645,196.91092904029514,0.7103146853146853,0.723680259279942,0.7503161722182543,0.5887019191127331,0.9665828927866925,z3_70_80,z3_70_80,z3_70_80,z1_under_60,lthr_z4_95_100,6478.0,3.8602963877740044,4.699141545218606,1.0,83.48333333333333,24.483333333333334,0.7732324791602346,0.22676752083976537,z6,24.483333333333334,0.22676752083976537,9.783333333333333,0.0906143871565298,8.1,0.07502315529484409,10.833333333333334,0.10033961099104662,23.5,0.2176597715344242,31.266666666666666,0.28959555418338995,0.5726627981947131,z4,4.0,3.8602963877740044,35.18333332935969,0.6136868465570401,67.38086906212749,454.211669180513,175.91666664679846,630.1283358273115,177.83657014736914,0.32854083632145786,123,119.0,4.335848012307966,2.0088888888888903,2.167924006153983,116.0,-4.223008931005245,-3.7777777777777715,-5.6306785746736585
153.76572847682118,2025-04-07,0.430456201353539,3.726180099487305,3726.1800994873047,121.63056661685307,7297.833997011185,2025-04-08T01:39:36+00:00,1208,33.29999999403954,0.636022580695184,1997.9999996423721,A76F1F02-FD5A-426B-9E3B-32EC4065E78B,15,186.0,90.0,42.15306046122655,22.86,0.5695437986464601,69.2739349424839,4156.436096549034,572.9587974334995,74,2025-04-07 23:37:58+00:00,52.356631674369176,3141.3979004621506,Monday,2025,2025-04-07,15.852481570463459,204.14751842953655,196.90326290067557,0.7392583099847172,0.7532089033445434,0.7809201646109116,0.6326452674490027,1.0059688340317303,z3_70_80,z3_70_80,z3_70_80,z2_60_70,lthr_z5_100_106,6715.0,4.34951600893522,4.9943171727934645,1.0,93.85,18.066666666666666,0.8385703648548026,0.16142963514519731,z6,18.066666666666666,0.16142963514519731,9.266666666666667,0.08279970215934475,5.35,0.04780342516753537,8.25,0.07371556217423679,24.766666666666666,0.22129560685033506,46.21666666666667,0.4129560685033507,0.6153597764313559,z5,5.0,4.34951600893522,33.29999999403954,0.6360225806951848,74.84655828056584,529.0340966758641,166.49999997019768,695.5340966460618,186.66142754124047,0.2741382028283419,81,73.0,0.7790904578045609,0.36363636363637397,0.38954522890228044,75.0,-2.6231935740134698,-1.7878787878788103,-3.4975914320179604
156.07394957983195,2025-04-08,0.469188361996319,3.291840087890625,3291.840087890625,111.02521760066351,6661.51305603981,2025-04-09T01:34:07+00:00,1190,35.55000000397364,0.682449847390311,2133.0000002384186,E9FD3F5B-12E8-48F6-B285-D59FDC03CB6A,15,187.0,110.0,47.47351505132197,22.86,0.53081163800368,58.9334776143233,3536.008656859398,513.770483902311,65,2025-04-08 23:43:05+00:00,52.09173998634021,3125.5043991804123,Tuesday,2025,2025-04-07,15.855219477470447,204.14478052252954,196.90134636577068,0.7503555268261152,0.764525789884731,0.7926504945776431,0.6494884401758131,1.0210697184400086,z3_70_80,z3_70_80,z3_70_80,z2_60_70,lthr_z5_100_106,6348.0,4.410838059231254,4.865738261024817,1.0,93.35,12.45,0.8823251417769377,0.11767485822306238,z6,12.45,0.11767485822306238,11.433333333333334,0.10806553245116572,9.8,0.09262759924385633,9.65,0.09120982986767485,11.45,0.10822306238185256,51.016666666666666,0.48219911783238817,0.6317301388640564,z5,5.0,4.410838059231254,35.55000000397364,0.6824498473903111,70.13797613227923,489.71425532743825,177.75000001986822,667.4642553473064,202.76326842322715,0.3041732151914258,105,103.0,3.2044760305641895,1.5972222222222001,1.6022380152820948,100.0,-3.764289368804869,-3.2125000000000057,-5.019052491739825
142.7916006339144,2025-04-09,0.467956267536178,3.8633401031494143,3863.340103149414,125.15717661778132,7509.430597066879,2025-04-10T01:37:47+00:00,1262,27.94986736178398,0.47722009784351804,1676.9920417070389,41FE2B86-C143-43D3-A690-E5E97BD386E2,15,181.0,94.0,45.479882947150976,22.86,0.5320437324638211,66.58909139235814,3995.3454835414886,551.6525171218968,77,2025-04-09 23:32:38+00:00,58.568085225423175,3514.0851135253906,Wednesday,2025,2025-04-07,15.857957384477436,204.14204261552257,196.89942983086578,0.6864980799707424,0.6994717932887814,0.7252006811628183,0.552650370290867,0.934173703218116,z2_60_70,z2_60_70,z3_70_80,z1_under_60,lthr_z3_90_95,7026.0,3.3660688869911755,4.178585086042065,1.0,87.16666666666667,29.933333333333334,0.7443780244805009,0.255621975519499,z1,29.933333333333334,0.255621975519499,14.966666666666667,0.1278109877597495,19.95,0.1703672075149445,12.433333333333334,0.10617705664674068,14.183333333333334,0.12112154853401651,25.633333333333333,0.21890122402504983,0.5375290825100313,z3,3.0,3.3660688869911755,27.94986736178398,0.47722009784351854,67.27562231690193,421.28767819677313,139.7493368089199,561.0370150056931,145.2207157605236,0.318505309452698,112,110.0,1.5479807234212708,2.2120915032679846,0.7739903617106354,111.0,-1.0005049335140874,-1.0,-1.3340065780187833
132.48426323319026,2025-04-10,0.43703865119413404,2.994660079956054,2994.6600799560547,139.45581478277842,8367.348886966705,2025-04-11T02:02:49+00:00,1398,19.049981224536896,0.312563367592033,1142.9988734722137,7416E7C5-8C16-4DC9-9C2F-E8D8395ED8D3,15,175.0,71.0,61.05625970885369,22.86,0.562961348805865,78.50823358893395,4710.494015336037,396.74533432682455,59,2025-04-10 23:43:21+00:00,60.94758119384448,3656.8548716306686,Thursday,2025,2025-04-07,15.860695291484424,204.13930470851557,196.8975132959609,0.6369435732364916,0.6489894899091608,0.6728589966194765,0.4775017882172773,0.8667408604794226,z2_60_70,z2_60_70,z2_60_70,z1_under_60,lthr_z2_85_90,7579.0,2.9217574877952237,4.076679340937896,1.0,78.9,47.416666666666664,0.6246206623565114,0.3753793376434886,z1,47.416666666666664,0.3753793376434886,11.433333333333334,0.09051326032458108,12.7,0.10054096846549676,21.366666666666667,0.16915160311386726,25.183333333333334,0.19936667106478428,8.216666666666667,0.06504815938778202,0.4644273988169522,z2,2.0,2.9217574877952237,19.049981224536896,0.3125633675920331,64.76710130946445,407.4560710581667,95.24990612268448,502.70597718085116,167.8674586626968,0.4608566951184715,86,79.0,1.2597216985613806,1.1666666666666572,0.6298608492806903,76.0,-0.6439208787851308,0.6470959595959584,-0.8585611717135079
136.26255144032922,2025-04-11,0.26512461249858904,2.263140060424804,2263.1400604248047,131.405963631471,7884.35781788826,2025-04-12T01:37:17+00:00,1215,16.91656279961268,0.485564584483801,1014.9937679767609,3CA27BED-A427-4AF0-AE95-9EE1775B8A44,15,181.0,79.0,46.18223475915769,22.86,0.73487538750141,96.56700844367346,5794.020506620407,308.3812389003047,45,2025-04-11 23:25:53+00:00,34.838955187797545,2090.337311267853,Friday,2025,2025-04-07,15.863433198491412,204.1365668015086,196.89559676105603,0.6551084203861982,0.6675068243546174,0.6920548436930845,0.5050626033286936,0.8914592435679165,z2_60_70,z2_60_70,z2_60_70,z1_under_60,lthr_z2_85_90,6985.0,2.879885468861847,4.091101694915254,1.0,70.8,45.61666666666667,0.6081603435934144,0.3918396564065855,z1,45.61666666666667,0.3918396564065855,16.283333333333335,0.13987115246957765,11.483333333333333,0.09863994273443093,9.216666666666667,0.0791696492483894,17.133333333333333,0.14717251252684324,16.683333333333334,0.14330708661417324,0.4912237690803491,z2,2.0,2.879885468861847,16.91656279961268,0.4855645844838011,64.54973273468646,378.43412518406166,84.5828139980634,463.01693918212504,204.59049233356512,0.33892096009505124,75,68.0,4.603106921546752,1.8684210526315752,2.301553460773376,69.0,-7.253745363915144,-6.008333333333354,-9.671660485220192
156.17039711191336,2025-04-14,0.49744530422370803,4.7091601257324225,4709.160125732422,126.85788905024529,7611.473343014717,2025-04-15T01:37:11+00:00,1385,51.416501053174336,0.8147787676867421,3084.99006319046,D57B6A59-C81E-4BCF-B134-450761F7ADC1,16,184.00000000000003,99.0,40.201347709722626,22.86,0.5025546957762911,63.753027838468554,3825.181670308113,735.4314068992202,94,2025-04-14 23:30:20+00:00,63.104861211776736,3786.291672706604,Monday,2025,2025-04-14,15.87164691951238,204.1283530804876,196.88984715634135,0.7508192168841988,0.7650598006360024,0.7931866440421659,0.6502695839975173,1.0217006991686421,z3_70_80,z3_70_80,z3_70_80,z2_60_70,lthr_z5_100_106,7275.0,4.523298969072165,5.159013467467143,1.0,102.71666666666667,18.533333333333335,0.847147766323024,0.15285223367697595,z6,18.533333333333335,0.15285223367697595,5.6,0.04618556701030928,9.116666666666667,0.07518900343642612,9.066666666666666,0.0747766323024055,18.5,0.15257731958762888,60.43333333333333,0.4984192439862543,0.6324141639142792,z5,5.0,4.523298969072165,51.416501053174336,0.8147787676867421,80.22672583964126,573.8161587596456,257.0825052658717,830.8986640255173,176.44306879377697,0.2574197700279517,99,96.0,0.40186148545820216,-1.368357487922708,0.20093074272910108,96.0,0.38870128617693017,2.1388888888888857,0.5182683815692402
139.27330173775673,2025-04-15,0.37095616250698304,3.4061400909423822,3406.140090942383,128.3446112493674,7700.676674962044,2025-04-16T01:46:57+00:00,1266,30.649857332309086,0.64376628497564,1838.9914399385452,EB7B8863-C6E7-40AB-A149-4234870A63E7,16,176.0,77.00000000000001,41.933293871958924,22.86,0.6290438374930161,80.73438678185146,4844.063206911087,474.3843766468886,68,2025-04-15 23:38:37+00:00,47.61022446751595,2856.6134680509567,Tuesday,2025,2025-04-14,15.874384826519368,204.12561517348064,196.88793062143645,0.6695831814315227,0.6822921347690355,0.7073734855060392,0.5270590884593092,0.9111562267400828,z2_60_70,z2_60_70,z3_70_80,z1_under_60,lthr_z3_90_95,7228.0,3.255672385168788,4.365118679050568,1.0,80.75,39.71666666666667,0.6703099059214167,0.3296900940785833,z1,39.71666666666667,0.3296900940785833,11.833333333333334,0.09822910902047592,9.866666666666667,0.08190370780298838,13.983333333333333,0.11607636967349197,27.116666666666667,0.2250968456004427,17.95,0.1490038738240177,0.5125766080691966,z3,3.0,3.255672385168788,30.649857332309086,0.6437662849756406,65.78644549816039,417.84800662978887,153.24928666154543,571.0972932913343,167.66700078191084,0.30108637727937837,102,99.0,-0.603352737463387,0.3194444444444571,-0.3016763687316935,99.0,-2.29380661027979,-2.9652777777777715,-3.0584088137063876
138.4773082942097,2025-04-16,0.45159392143910704,4.160520111083985,4160.520111083984,136.19038773377736,8171.423264026642,2025-04-17T01:49:36+00:00,1278,11.133333333333333,0.18102171212547902,668.0,F953FB1B-B039-43EA-8700-BD12E52433DD,16,192.0,76.0,44.34740101014804,22.86,0.5484060785608921,74.68763647476833,4481.258188486099,576.1376260868366,83,2025-04-16 23:33:24+00:00,61.502751259009045,3690.1650755405426,Wednesday,2025,2025-04-14,15.877122733526356,204.12287726647364,196.88601408653156,0.6657562898760082,0.6784017066026046,0.7033374561249882,0.5212646475854384,0.9059486645333807,z2_60_70,z2_60_70,z3_70_80,z1_under_60,lthr_z3_90_95,7221.0,3.3120066472787704,4.472337770382696,1.0,80.13333333333334,40.21666666666667,0.665835756820385,0.334164243179615,z1,40.21666666666667,0.334164243179615,8.4,0.06979642708766098,13.833333333333334,0.11494252873563218,13.85,0.11508101371001246,19.616666666666667,0.16299681484558926,24.433333333333334,0.2030189724414901,0.5069312644979411,z3,3.0,3.3120066472787704,11.133333333333333,0.1810217121254799,69.03916546634865,451.0634694697437,55.666666666666664,506.7301361364104,121.79490126401207,0.3202503107290856,109,98.0,-0.5418347724737824,0.18333333333333712,-0.2709173862368912,102.0,-1.5937950295354604,-0.9444444444444571,-2.125060039380614
137.16768558951966,2025-04-17,0.512943327038982,3.6347400970458983,3634.7400970458984,127.26647921800614,7635.988753080368,2025-04-18T01:43:00+00:00,1145,15.522916666666667,0.23778798787398903,931.375,24BE27F4-6FF6-4B1F-9111-3CB43267E7F0,16,177.0,92.00000000000001,53.88046148637511,22.86,0.487056672961017,61.985987947384515,3719.159276843071,498.56888683121196,72,2025-04-17 23:35:44+00:00,65.28049127062162,3916.829476237297,Thursday,2025,2025-04-14,15.879860640533344,204.12013935946666,196.88409755162667,0.6594600268726907,0.6719948654745914,0.6966925581866852,0.5117241414521312,0.8973808280049888,z2_60_70,z2_60_70,z2_60_70,z1_under_60,lthr_z2_85_90,6509.0,2.9075126747580273,3.9022907900888266,1.0,71.3,37.18333333333333,0.657243816254417,0.34275618374558303,z1,37.18333333333333,0.34275618374558303,13.316666666666666,0.12275311107697034,15.316666666666666,0.14118912275311107,15.116666666666667,0.139345521585497,20.116666666666667,0.18543555077584883,7.433333333333334,0.0685205100629897,0.49764316020935934,z2,2.0,2.9075126747580273,15.522916666666667,0.23778798787398972,63.33329290676733,370.0289013981819,77.61458333333334,447.6434847315153,123.15694459016022,0.39280725088279733,127,112.0,-1.4828265609903681,-3.6333333333333258,-0.7414132804951841,110.0,-1.0822916089275996,-1.0500000000000114,-1.4430554785701324
139.06003039513678,2025-04-18,0.285349086656767,2.148840057373047,2148.840057373047,134.2609691997369,8055.658151984215,2025-04-19T01:50:02+00:00,1316,19.816666664679847,0.517254573648187,1188.9999998807907,74930FB1-7F52-489B-864F-BA68C87E13E6,16,181.0,97.0,53.48640742712985,22.86,0.714650913343232,95.94972426493963,5756.983455896378,298.81776369258336,42,2025-04-18 23:35:46+00:00,38.31124493479729,2298.674696087837,Friday,2025,2025-04-14,15.882598547540333,204.11740145245966,196.88218101672177,0.6685578384381576,0.6812747438758905,0.7063108996305054,0.5255352685495641,0.9097609592380652,z2_60_70,z2_60_70,z3_70_80,z1_under_60,lthr_z3_90_95,7610.0,2.916819973718791,4.021333885666943,1.0,80.46666666666667,46.36666666666667,0.6344283837056505,0.36557161629434953,z1,46.36666666666667,0.36557161629434953,19.9,0.1568988173455979,14.466666666666667,0.11406044678055191,9.616666666666667,0.07582128777923784,16.983333333333334,0.13390275952693823,19.5,0.15374507227332457,0.51106404535558,z3,3.0,2.916819973718791,19.816666664679847,0.5172545736481873,68.61595405257847,391.61507665263605,99.08333332339923,490.6984099760353,228.35501799790217,0.38462818737453963,58,56.0,5.4359067143083575,5.21014492753622,2.7179533571541787,58.0,-10.836553464936598,-12.053571428571416,-14.448737953248799
135.71913580246914,2025-04-19,0.30156887195562504,2.606040069580078,2606.040069580078,123.48119644920031,7408.871786952019,2025-04-19T16:18:18+00:00,1296,19.733333337306977,0.5299234177383331,1184.0000002384186,15DFD47F-A92D-4D85-B114-79CE89677638,16,184.00000000000003,79.0,42.86743579531763,22.86,0.698431128044374,86.24311132828394,5174.586679697037,353.68950611001475,52,2025-04-19 14:14:49+00:00,37.23808512091637,2234.285107254982,Saturday,2025,2025-04-14,15.885336454547321,204.1146635454527,196.88026448181688,0.6524958452041786,0.6649161478408283,0.6893486056597798,0.5011800636457031,0.8879041002923126,z2_60_70,z2_60_70,z2_60_70,z1_under_60,lthr_z2_85_90,7115.0,2.8462403373155305,4.482502651113467,1.0,62.86666666666667,55.71666666666667,0.530147575544624,0.46985242445537595,z1,55.71666666666667,0.46985242445537595,8.583333333333334,0.07238229093464511,9.416666666666666,0.07940969782150387,10.55,0.08896697118763176,11.716666666666667,0.098805340829234,22.6,0.19058327477160927,0.48736975746432015,z2,2.0,2.8462403373155305,19.733333337306977,0.5299234177383333,60.18100076485083,351.4571622336972,98.66666668653488,450.1238289202321,172.72329546059606,0.3158540285557709,82,80.0,7.202321246312691,3.200543478260869,3.6011606231563453,79.0,-6.6857896812854065,-3.958333333333343,-8.914386241713874
152.64254192409533,2025-04-21,0.578521402785226,5.029200134277343,5029.200134277344,125.78771933317185,7547.263159990311,2025-04-22T01:38:47+00:00,1133,15.133386252323787,0.20795934612240602,908.0031751394272,9CB9E064-20F8-4A11-9C47-5A76E9179CFF,17,194.0,104.0,43.409022845878994,22.86,0.42147859721477304,53.01683149139087,3181.009889483452,767.6698923410953,100,2025-04-21 23:33:00+00:00,72.77088784178098,4366.253270506859,Monday,2025,2025-04-21,15.890812268561298,204.1091877314387,196.8764314120071,0.7338583746350736,0.7478474811478757,0.775321559972089,0.6246302187410433,0.9986207033524283,z3_70_80,z3_70_80,z3_70_80,z2_60_70,lthr_z4_95_100,6195.0,4.141404358353511,4.843009478672986,1.0,84.4,18.85,0.8174334140435835,0.18256658595641648,z6,18.85,0.18256658595641648,9.15,0.08861985472154964,9.783333333333333,0.09475383373688459,7.483333333333333,0.07247780468119451,16.733333333333334,0.16206618240516546,41.25,0.39951573849878935,0.607393914355286,z4,4.0,4.141404358353511,15.133386252323787,0.20795934612240696,76.40269522359934,520.937809073746,75.66693126161893,596.604740335365,118.62815644760425,0.2843835165393474,112,104.0,-0.007976047806075406,-0.5708333333333329,-0.003988023903037703,101.0,-1.5708193096397207,-1.414999999999992,-2.0944257461862943
142.5763274336283,2025-04-22,0.49303973788494604,3.680460098266601,3680.4600982666016,104.10066731969515,6246.040039181709,2025-04-23T01:20:26+00:00,904,14.366634752353033,0.279910772850866,861.998085141182,83E39301-82AA-4D9A-A164-E616FBC189C3,17,186.0,85.0,41.83642617382829,22.86,0.5069602621150531,52.774901590744655,3166.4940954446793,524.7464840768628,73,2025-04-22 23:36:20+00:00,51.3257657289505,3079.54594373703,Tuesday,2025,2025-04-21,15.893550175568286,204.1064498244317,196.8745148771022,0.6854631126616746,0.6985390591834292,0.7241990032210658,0.5512237209147033,0.9327653391279167,z2_60_70,z2_60_70,z3_70_80,z1_under_60,lthr_z3_90_95,5532.0,3.4188358640636296,4.506551362683438,1.0,63.6,28.6,0.6898047722342733,0.31019522776572667,z1,28.6,0.31019522776572667,9.15,0.0992407809110629,8.05,0.08731019522776573,8.6,0.09327548806941431,17.033333333333335,0.18474331164135938,20.766666666666666,0.225234996384671,0.5360023222243142,z3,3.0,3.4188358640636296,14.366634752353033,0.27991077285086613,55.79819942845737,355.9030949055304,71.83317376176517,427.7362686672956,116.21815133079366,0.293431784412485,103,97.0,2.955123740948251,1.5550000000000068,1.4775618704741256,97.0,-5.253032756259483,-1.8333333333333428,-7.0040436750126425
134.07751937984497,2025-04-23,0.43052605583902104,3.840480102539062,3840.4801025390625,140.3472524503867,8420.835147023201,2025-04-24T01:55:29+00:00,1290,16.683333319425582,0.27610830588977603,1000.999999165535,A6EF97C2-B8EF-4253-A17A-5389EEFF287A,17,180.0,72.0,47.199683970783326,22.86,0.5694739441609781,79.92410340507826,4795.446204304695,514.9220453760902,76,2025-04-23 23:35:08+00:00,60.42314904530843,3625.388942718506,Wednesday,2025,2025-04-21,15.896288082575275,204.10371191742473,196.8725983421973,0.644603458556947,0.6569087750549554,0.6810369777656713,0.48924655971564535,0.8771642886648893,z2_60_70,z2_60_70,z2_60_70,z1_under_60,lthr_z2_85_90,7464.0,2.932207931404073,4.18788682581786,1.0,75.4,49.0,0.6061093247588425,0.39389067524115756,z1,49.0,0.39389067524115756,12.45,0.10008038585209003,12.066666666666666,0.0969989281886388,13.65,0.10972668810289389,23.333333333333332,0.18756698821007503,13.9,0.11173633440514469,0.47572708780031897,z2,2.0,2.932207931404073,16.683333319425582,0.2761083058897766,66.76698968899863,411.52732678579355,83.41666659712791,494.94399338292146,128.87555205811336,0.35203279557302547,107,94.0,-0.3237126792967367,0.6931818181818201,-0.16185633964836835,96.0,-2.207964043074148,-3.190058479532169,-2.9439520574321976
121.92358490566038,2025-04-24,0.37884482549872,2.880360076904296,2880.360076904297,124.55561026732127,7473.336616039276,2025-04-25T01:44:32+00:00,1060,16.166674812634785,0.342606855628648,970.0004887580872,722F76A8-B870-4C20-924B-79BE5F74707F,17,168.0,70.0,49.14723907087859,22.86,0.62115517450128,77.36836183071136,4642.101709842682,351.18382639531546,57,2025-04-24 23:39:58+00:00,47.187248436609906,2831.2349061965942,Thursday,2025,2025-04-21,15.899025989582263,204.10097401041773,196.8706818072924,0.5861710812772134,0.5973689517985208,0.6193079832222338,0.4006068177275456,0.7976506063053214,z1_under_60,z1_under_60,z2_60_70,z1_under_60,lthr_z1_under_85,6446.0,2.0955631399317407,3.6985097439816585,1.0,43.61666666666667,63.81666666666667,0.40598820974247596,0.594011790257524,z1,63.81666666666667,0.594011790257524,9.7,0.09028855103940428,8.933333333333334,0.08315234253800807,10.85,0.1009928637914986,13.083333333333334,0.12178094942600062,1.05,0.009773502947564381,0.38952897096213035,z1,1.0,2.0955631399317407,16.166674812634785,0.3426068556286486,48.51801869498981,261.0141457479019,80.83337406317392,341.8475198110758,118.68221704366937,0.4030987040686736,74,69.0,3.3052558297151586,1.341614906832291,1.6526279148575793,67.0,-8.916432924019892,-5.7666666666666515,-11.888577232026522
143.67931547619048,2025-04-28,0.450256319713962,4.000500106811524,4000.500106811524,137.60782676736514,8256.469606041908,2025-04-29T01:55:34+00:00,1344,19.483333333333334,0.31445630535102204,1169.0,1FE5CDDD-D6F8-44C7-A007-2F31C32E0251,18,189.0,76.0,46.46328608161897,22.86,0.549743680286037,75.64903312325478,4538.941987395287,574.7891169091066,80,2025-04-28 23:37:57+00:00,61.958793644110365,3717.5276186466217,Monday,2025,2025-04-28,15.909977617610217,204.09002238238978,196.86301566767284,0.6907659397893773,0.7039997046351839,0.7298441253116711,0.5593354946161312,0.939981326761302,z2_60_70,z3_70_80,z3_70_80,z1_under_60,lthr_z3_90_95,7287.0,3.430080966104021,4.696096848257149,1.0,79.85,41.6,0.6574722107863318,0.34252778921366817,z1,41.6,0.34252778921366817,6.85,0.05640181144503911,9.666666666666666,0.07959379717304789,13.033333333333333,0.10731439549883354,21.65,0.17826265953067105,28.65,0.23589954713874023,0.5438249324552517,z3,3.0,3.430080966104021,19.483333333333334,0.3144563053510221,74.83456709707632,472.0059873816786,97.41666666666667,569.4226540483453,142.33786747782045,0.32338187252373524,120,109.0,3.809897527750271,1.1833333333333371,1.9049487638751355,110.0,-4.355117096878587,-1.1597222222222143,-5.806822795838116
139.34798534798534,2025-04-29,0.49408555789804504,3.65760009765625,3657.60009765625,120.78637898365656,7247.182739019394,2025-04-30T01:34:57+00:00,1092,11.35,0.190184771881051,681.0,07C3163F-201E-49E5-A1FA-6EA022D4FC52,18,178.0,82.0,48.94915014208328,22.86,0.505914442101954,61.10757353703181,3666.4544122219086,509.67920481699286,73,2025-04-29 23:34:10+00:00,59.67880544662476,3580.7283267974854,Tuesday,2025,2025-04-28,15.912715524617207,204.0872844753828,196.86109913276795,0.6699422372499295,0.6827862191717957,0.7078492701801165,0.5277512471331877,0.9116448231591106,z2_60_70,z2_60_70,z3_70_80,z1_under_60,lthr_z3_90_95,6500.0,3.167692307692308,3.962573591253154,1.0,79.26666666666667,29.066666666666666,0.7316923076923076,0.2683076923076923,z1,29.066666666666666,0.2683076923076923,13.666666666666666,0.12615384615384614,17.4,0.1606153846153846,15.3,0.14123076923076924,24.033333333333335,0.22184615384615386,8.866666666666667,0.08184615384615385,0.5131062790637259,z3,3.0,3.167692307692308,11.35,0.19018477188105176,61.976249481885034,382.6140835805367,56.75,439.3640835805367,120.12359794666355,0.3512727508750522,120,107.0,-1.5014149579122509,-2.461538461538481,-0.7507074789561254,113.0,-1.8153446026898892,-1.7321428571428612,-2.420459470253185
103.0,2025-04-29,1.0,0.0,0.0,18.63530837893486,1118.1185027360916,2025-04-29T02:16:09+00:00,2,0.0,0.0,0.0,81A533CA-58EC-4299-B8B2-53B5A1FD9BEA,18,109.0,97.0,,22.86,0.0,0.0,0.0,0.0,0,2025-04-29 01:57:31+00:00,18.63530837893486,1118.1185027360916,Tuesday,2025,2025-04-28,15.912715524617207,204.0872844753828,196.86109913276795,0.4951923076923077,0.5046860232609149,0.5232115458754717,0.26260641267910323,0.6738483986754384,z1_under_60,z1_under_60,z1_under_60,z1_under_60,lthr_z1_under_85,35.0,1.0,,1.0,0.0,0.5833333333333334,0.0,1.0,z1,0.5833333333333334,1.0,0.0,0.0,0.0,0.0,0.0,0.0,0.0,0.0,0.0,0.0,0.2553191489361702,z1,1.0,1.0,0.0,0.0,4.75795107547273,18.63530837893486,0.0,18.63530837893486,,,0,0.0,,,,0.0,,,
142.49872122762147,2025-04-30,0.38839397136372306,3.040380081176757,3040.380081176758,116.85889703234037,7011.533821940422,2025-05-01T01:39:05+00:00,1173,4.949999998013179,0.10906136667819301,296.9999998807907,8134304F-AF2D-4436-B05D-28AF8355247B,18,197.0,79.0,44.784490651584846,22.86,0.611606028636276,71.47160592476527,4288.296355485916,433.25027361362,60,2025-04-30 23:42:14+00:00,45.3872911075751,2723.237466454506,Wednesday,2025,2025-04-28,15.915453431624195,204.0845465683758,196.85918259786305,0.6850900059020263,0.6982337645044535,0.723861185173733,0.5507456756984916,0.9322576224517518,z2_60_70,z2_60_70,z3_70_80,z1_under_60,lthr_z3_90_95,6473.0,3.237447860342963,4.052265542676501,1.0,79.08333333333333,28.8,0.7330449559709563,0.26695504402904374,z1,28.8,0.26695504402904374,16.116666666666667,0.14938977290282712,15.383333333333333,0.14259230650393945,13.05,0.12096400432566043,17.316666666666666,0.16051289973737062,17.216666666666665,0.15958597250115866,0.5354519236001523,z3,3.0,3.237447860342963,4.949999998013179,0.10906136667819392,62.572321205758776,378.32458615938896,24.749999990065895,403.07458614945483,132.57374913252548,0.3142799476779022,80,75.0,3.2328869159128417,2.208333333333343,1.6164434579564209,79.0,-7.105553668436309,-5.319444444444457,-9.474071557915082
133.82823529411766,2025-05-01,0.35105188104814505,3.5204400939941403,3520.4400939941406,130.65790315071743,7839.474189043045,2025-05-02T01:47:11+00:00,1275,9.766608864068985,0.212929976748559,585.9965318441391,DC12BC7C-B00B-402B-8474-46E311CC2BB6,18,182.0,78.0,39.086905145566206,22.86,0.648948118951854,84.79020047585169,5087.412028551102,471.1342852378935,70,2025-05-01 23:36:32+00:00,45.867702674865725,2752.0621604919434,Thursday,2025,2025-04-28,15.918191338631184,204.08180866136883,196.85726606295816,0.6434049773755657,0.6557577873889666,0.6798237015610956,0.4875062267321149,0.8755334179660289,z2_60_70,z2_60_70,z2_60_70,z1_under_60,lthr_z2_85_90,7289.0,2.643298120455481,3.797290985520785,1.0,71.36666666666666,50.11666666666667,0.5874605570037043,0.4125394429962958,z1,50.11666666666667,0.4125394429962958,15.7,0.12923583481959117,18.55,0.152695843051173,11.683333333333334,0.09617231444642613,15.383333333333333,0.1266291672383043,10.05,0.08272739744820963,0.47395911556111814,z2,2.0,2.643298120455481,9.766608864068985,0.21292997674855918,61.92650421838427,345.36778982094563,48.833044320344925,394.20083414129056,111.97487348635642,0.29206770200372095,86,79.0,5.849658814035077,2.4040404040404155,2.9248294070175387,78.0,-4.292399598681141,-2.7240829346092568,-5.723199464908187
108.0,2025-05-02,1.0,0.0,0.0,25.35478396018346,1521.2870376110077,2025-05-02T02:14:15+00:00,2,0.0,0.0,0.0,2ED466F1-E347-41EA-86C7-391CC81FB67A,18,130.0,86.0,,22.86,0.0,0.0,0.0,0.0,0,2025-05-02 01:48:54+00:00,25.35478396018346,1521.2870376110077,Friday,2025,2025-04-28,15.920929245638172,204.07907075436182,196.85534952805327,0.5192307692307693,0.5292066432916747,0.5486261880051638,0.29909744627223034,0.7065594859897801,z1_under_60,z1_under_60,z1_under_60,z1_under_60,lthr_z1_under_85,35.0,1.1428571428571428,2.0,1.0,0.08333333333333333,0.5,0.14285714285714285,0.8571428571428571,z1,0.5,0.8571428571428571,0.08333333333333333,0.14285714285714285,0.0,0.0,0.0,0.0,0.0,0.0,0.0,0.0,0.2907801418439716,z1,1.0,1.1428571428571428,0.0,0.0,7.372667676365403,28.976895954495383,0.0,28.976895954495383,,,0,0.0,,,,0.0,,,
139.60643330179755,2025-05-02,0.416008841016182,2.400300064086914,2400.300064086914,113.66363416711489,6819.818050026894,2025-05-03T01:22:41+00:00,1057,7.533333333333333,0.15931735457787902,452.0,85769989-32A9-4179-83B3-F5286912F567,18,187.0,93.0,59.09895694670529,22.86,0.583991158983817,66.37855745156607,3982.7134470939636,335.09733080125017,48,2025-05-02 23:29:01+00:00,47.28507671554883,2837.10460293293,Friday,2025,2025-04-28,15.920929245638172,204.07907075436182,196.85534952805327,0.6711847754894114,0.6840801106441422,0.7091828270681699,0.5296682630122602,0.9133356458757833,z2_60_70,z2_60_70,z3_70_80,z1_under_60,lthr_z3_90_95,6090.0,3.079146141215107,4.187012333249434,1.0,66.21666666666667,35.28333333333333,0.6523809523809524,0.3476190476190476,z1,35.28333333333333,0.3476190476190476,11.516666666666667,0.11346469622331691,9.766666666666667,0.09622331691297209,12.433333333333334,0.12249589490968801,19.816666666666666,0.19523809523809524,12.683333333333334,0.12495894909688013,0.5149392432751599,z3,3.0,3.079146141215107,7.533333333333333,0.15931735457787963,58.52986576591876,349.9869405421574,37.666666666666664,387.6536072088241,161.50214425640547,0.4233254553459346,82,73.0,0.5710561750701649,1.0999999999999943,0.28552808753508246,74.0,-5.811457576633407,-3.19349747474746,-7.748610102177875
136.82572924457742,2025-05-03,0.28665619667707803,2.7432000732421873,2743.2000732421875,130.51599855025609,7830.959913015366,2025-05-03T17:23:33+00:00,1337,6.183333335320155,0.16527134998404203,371.0000001192093,A2AF0114-3DEB-4B02-B42B-812B52FE7FE0,18,197.0,89.0,40.91559355972404,22.86,0.713343803322921,93.10277880032858,5586.166728019714,375.34035048514045,54,2025-05-03 15:13:02+00:00,37.41321974992752,2244.7931849956512,Saturday,2025,2025-04-28,15.92366715264516,204.07633284735485,196.85343299314837,0.6578160059835453,0.6704634845968171,0.695063973049125,0.5093930352100519,0.895143675233569,z2_60_70,z2_60_70,z2_60_70,z1_under_60,lthr_z2_85_90,7364.0,2.9082020640956,4.149260421335724,1.0,74.36666666666666,48.36666666666667,0.6059206952743075,0.3940793047256926,z1,48.36666666666667,0.3940793047256926,14.983333333333333,0.12208039109179794,14.666666666666666,0.11950027159152635,9.416666666666666,0.0767246061922868,14.866666666666667,0.12112982074959261,20.433333333333334,0.16648560564910375,0.4952179379048044,z2,2.0,2.9082020640956,6.183333335320155,0.1652713499840423,64.63386366564426,379.5668963813531,30.916666676600776,410.48356305795386,149.6367571078414,0.2990343540328368,65,60.0,0.6827251212285373,0.3555555555555543,0.3413625606142687,62.0,-4.77585980597043,-2.5198671497584684,-6.367813074627236
,2025-05-03,1.0,0.0,0.0,0.0010592341423030002,0.06355404853820801,2025-05-03T18:50:54+00:00,0,0.0,0.0,0.0,E57ACF66-7675-4B6A-A39B-B3E349967D5C,18,,,,,0.0,0.0,0.0,,0,2025-05-03 18:50:53+00:00,0.0010592341423030002,0.06355404853820801,Saturday,2025,2025-04-28,15.92366715264516,204.07633284735485,196.85343299314837,,,,,,,,,,,0.0,,,,,,,,,,,,,,,,,,,,,,,,,0.0,0.0,,,0.0,0.0,,,0,,,,,,,,
136.82093933463796,2025-05-05,0.487418706790995,3.200400085449219,3200.4000854492188,105.6356893002987,6338.141358017921,2025-05-06T01:26:10+00:00,1022,6.216666664679845,0.12073820574845101,372.9999998807907,271AE2CC-523A-4CE8-80EC-48DB38B8625A,19,179.0,89.0,48.26472599831199,22.86,0.512581293209004,54.146878230571744,3248.812693834305,437.8817459378177,64,2025-05-05 23:40:32+00:00,51.48881106972694,3089.3286641836166,Monday,2025,2025-05-05,15.929142966659137,204.07085703334087,196.84959992333862,0.6577929775703748,0.6704580032820869,0.695053174545042,0.5093784400695389,0.8951123386011174,z2_60_70,z2_60_70,z2_60_70,z1_under_60,lthr_z2_85_90,5925.0,2.799831223628692,3.6560398505603984,1.0,66.91666666666667,31.833333333333332,0.6776371308016877,0.32236286919831225,z1,31.833333333333332,0.32236286919831225,14.833333333333334,0.150210970464135,18.883333333333333,0.19122362869198312,12.833333333333334,0.12995780590717299,15.2,0.1539240506329114,5.166666666666667,0.05232067510548523,0.4951839669123259,z2,2.0,2.799831223628692,6.216666664679845,0.12073820574845164,52.30909967523985,295.76210123251565,31.083333323399227,326.8454345559149,102.12642976793252,0.3527583294854135,91,87.0,-0.3426069643160064,1.3611111111111143,-0.1713034821580032,87.0,-3.43007812824243,-3.933333333333337,-4.5734375043232385
134.82567849686848,2025-05-06,0.48714825407180407,2.011680053710937,2011.6800537109375,91.63327213327089,5497.996327996254,2025-05-07T01:04:11+00:00,958,8.76662971774737,0.196389524170119,525.9977830648422,E8796BC2-6892-4DB4-873F-1C370D33FBB9,19,183.0,89.0,66.56971388506456,22.86,0.512851745928195,46.994283598661426,2819.6570159196854,271.226128160194,40,2025-05-06 23:32:33+00:00,44.638988534609474,2678.3393120765686,Tuesday,2025,2025-05-05,15.931880873666126,204.06811912633387,196.84768338843372,0.6482003773887908,0.660689573041054,0.6849238770609302,0.4948319049621922,0.8820589083052847,z2_60_70,z2_60_70,z2_60_70,z1_under_60,lthr_z2_85_90,5304.0,2.7217194570135748,4.098744485917883,1.0,49.11666666666667,39.28333333333333,0.5556184012066365,0.4443815987933635,z1,39.28333333333333,0.4443815987933635,11.233333333333333,0.12707390648567118,6.95,0.07861990950226244,6.733333333333333,0.07616892911010557,14.133333333333333,0.15987933634992457,10.066666666666666,0.1138763197586727,0.48103318082885443,z2,2.0,2.7217194570135748,8.76662971774737,0.19638952417011943,44.078644364023326,249.40005967494318,43.833148588736854,293.23320826368,145.7653306860373,0.4937465520458014,66,65.0,0.8815597863421936,-0.5217391304347814,0.4407798931710968,65.0,-5.026008404664125,-2.180555555555543,-6.701344539552168
114.45232815964523,2025-05-08,0.400247492308543,1.120140029907226,1120.1400299072266,49.78948126633962,2987.368875980377,2025-05-08T01:24:26+00:00,451,2.316666666666667,0.11625116898005101,139.0,03443DC0-797F-4C4A-A5C4-80282E33007E,19,161.0,80.0,53.37220656736859,22.86,0.599752507691456,29.861366246143977,1791.6819747686386,128.20263428769672,22,2025-05-08 00:34:39+00:00,19.928115020195644,1195.6869012117386,Thursday,2025,2025-05-05,15.937356687680102,204.0626433123199,196.84385031862394,0.5502515776906021,0.5608685955541349,0.5814371542437594,0.34620905458183276,0.7487720199519683,z1_under_60,z1_under_60,z1_under_60,z1_under_60,lthr_z1_under_85,2752.0,1.394985465116279,2.7419871794871793,1.0,10.4,35.46666666666667,0.22674418604651161,0.7732558139534884,z1,35.46666666666667,0.7732558139534884,6.033333333333333,0.13154069767441862,2.05,0.04469476744186047,1.2833333333333334,0.0279796511627907,1.0333333333333334,0.02252906976744186,0.0,0.0,0.33654133446556905,z1,1.0,1.394985465116279,2.316666666666667,0.11625116898005153,16.756218467722388,69.45560268222303,11.583333333333334,81.03893601555636,72.34714754571203,0.4663269627239187,46,45.0,-0.3073007868643,1.5555555555555713,-0.15365039343215,46.0,-7.758354624438871,-2.7102272727272734,-10.344472832585163
122.42326490713587,2025-05-08,0.278367947758685,1.668780044555664,1668.780044555664,105.32314661741256,6319.388797044754,2025-05-09T01:14:06+00:00,1023,6.483390633265177,0.22113584032366002,389.00343799591064,2E58D90E-A2C8-4CEF-B57B-4F4E228767B1,19,174.0,77.00000000000001,52.706625305762344,22.86,0.7216320522413141,76.00455844203631,4560.273506522179,204.29750146638006,33,2025-05-08 23:28:47+00:00,29.318588175376256,1759.1152905225754,Thursday,2025,2025-05-05,15.937356687680102,204.0626433123199,196.84385031862394,0.5885733889766148,0.5999298201766693,0.6219308589472001,0.40436448304039196,0.8009196215368205,z1_under_60,z1_under_60,z2_60_70,z1_under_60,lthr_z1_under_85,5870.0,1.8359454855195911,3.758291174817313,1.0,29.65,68.18333333333334,0.3030664395229983,0.6969335604770017,z1,68.18333333333334,0.6969335604770017,7.25,0.07410562180579217,5.533333333333333,0.0565587734241908,6.5,0.06643952299829642,7.866666666666666,0.08040885860306644,2.5,0.02555366269165247,0.39307280075982887,z1,1.0,1.8359454855195911,6.483390633265177,0.22113584032366093,41.39966422574445,193.3675555529566,32.41695316632588,225.78450871928248,135.29914230212452,0.4305278522488592,56,52.0,3.54448305793124,1.7967563837129035,1.77224152896562,51.0,-7.52820028919997,-6.013888888888886,-10.037600385599958
144.16737468139337,2025-05-12,0.48077076382280204,4.434840118408203,4434.840118408203,128.90346266825995,7734.207760095596,2025-05-13T01:44:13+00:00,1177,24.46664060751597,0.39479505928872305,1467.9984364509583,57C52E36-1E93-46D3-BA37-795394D0A228,20,191.0,74.0,41.92237908364603,22.86,0.5192292361771971,66.9304464618365,4015.82678771019,639.3592570026304,88,2025-05-12 23:35:18+00:00,61.973016206423445,3718.3809723854065,Monday,2025,2025-05-12,15.948308315708056,204.05169168429194,196.83618417900436,0.6931123782759296,0.7065237905718941,0.7324231328843808,0.5630530621917004,0.9431743162164938,z2_60_70,z3_70_80,z3_70_80,z1_under_60,lthr_z3_90_95,6467.0,3.3691046853254987,4.835043804755945,1.0,66.58333333333333,41.2,0.6177516622854492,0.3822483377145508,z1,41.2,0.3822483377145508,6.616666666666666,0.06138858821710221,6.85,0.06355342508118138,8.016666666666667,0.07437760940157724,14.516666666666667,0.13468377918663987,30.583333333333332,0.2837482603989485,0.547286345258109,z3,3.0,3.3691046853254987,24.46664060751597,0.39479505928872355,70.54710497482708,434.2892600303151,122.33320303757985,556.622463067895,125.51128072406891,0.29078964069570895,108,93.0,2.0378197184971216,-0.0695652173913004,1.0189098592485608,95.0,-4.059746277596757,-2.916666666666657,-5.412995036795675
138.11668107173725,2025-05-13,0.501390253150206,2.674620071411133,2674.620071411133,105.75544663270314,6345.326797962189,2025-05-14T01:35:36+00:00,1157,11.166666664679845,0.21059348004765102,669.9999998807907,BC8A92A1-117D-4E4C-A510-02F04ADE9BF4,20,181.0,89.0,59.47545678651272,22.86,0.49860974684979303,52.73069647351901,3163.8417884111404,369.4096473911585,53,2025-05-13 23:49:50+00:00,53.02475015918414,3181.4850095510483,Tuesday,2025,2025-05-12,15.951046222715044,204.04895377728496,196.83426764409947,0.6640225051525829,0.6768801236907523,0.701690222565662,0.518914439779725,0.9035893628209357,z2_60_70,z2_60_70,z3_70_80,z1_under_60,lthr_z3_90_95,6122.0,3.0047370140476968,4.080572289156627,1.0,66.4,35.63333333333333,0.6507677229663509,0.3492322770336491,z1,35.63333333333333,0.3492322770336491,11.383333333333333,0.11156484808885984,12.716666666666667,0.12463247304802352,12.633333333333333,0.12381574648807579,18.5,0.18131329630839596,11.166666666666666,0.10944135903299575,0.50437362462225,z3,3.0,3.0047370140476968,11.166666664679845,0.21059348004765138,53.34025794168141,317.767304934429,55.83333332339922,373.6006382578282,139.68362918203783,0.43061747737495526,97,94.0,3.2298925813745973,2.001388888888883,1.6149462906872987,96.0,-2.9864810394052945,-2.4202777777777698,-3.981974719207059
130.4323076923077,2025-05-14,0.419847764564295,3.131820083618164,3131.820083618164,127.57112388412158,7654.267433047295,2025-05-15T01:50:55+00:00,1300,11.216666666666667,0.2094206904228,673.0,993CADE4-0B48-424C-832F-6FD5D7C14B3D,20,177.0,83.0,51.30606141700071,22.86,0.580152235435704,74.0106726984183,4440.640361905098,408.49052078343317,62,2025-05-14 23:43:20+00:00,53.56045118570328,3213.6270711421967,Wednesday,2025,2025-05-12,15.953784129722033,204.04621587027796,196.83235110919458,0.6270784023668639,0.6392292409638697,0.6626568597961274,0.4628534052508971,0.8533165211068312,z2_60_70,z2_60_70,z2_60_70,z1_under_60,lthr_z2_85_90,7263.0,2.474184221396117,3.729984701682815,1.0,65.36666666666666,55.68333333333333,0.5399972463169489,0.4600027536830511,z1,55.68333333333333,0.4600027536830511,15.25,0.12598099958694753,16.9,0.1396117306897976,11.4,0.09417596034696406,13.883333333333333,0.11469089907751617,7.933333333333334,0.06553765661572353,0.44987452264048006,z2,2.0,2.474184221396117,11.216666666666667,0.20942069042280018,57.39099846007874,315.63446181986296,56.083333333333336,371.7177951531963,118.6906607750449,0.3933539345024294,104,98.0,1.4026714877167736,0.9749999999999943,0.7013357438583868,103.0,-1.561761153769135,-1.1863354037267015,-2.0823482050255135
151.3546218487395,2025-05-15,0.40720595766347906,3.131820083618164,3131.820083618164,113.72190046707789,6823.3140280246735,2025-05-16T01:36:12+00:00,1190,19.200000001986822,0.41461307781496004,1152.0000001192093,40129A75-76B4-4E75-BBCA-47B73C575127,20,191.0,84.0,44.3590954945674,22.86,0.59279404233652,67.4136650800705,4044.8199048042297,474.01544445431495,62,2025-05-15 23:42:29+00:00,46.30823538700739,2778.4941232204437,Thursday,2025,2025-05-12,15.956522036729023,204.043477963271,196.83043457428968,0.7276664511958629,0.7417763280627093,0.7689594456065367,0.6155318232024685,0.9901948501446567,z3_70_80,z3_70_80,z3_70_80,z2_60_70,lthr_z4_95_100,6470.0,4.064760432766615,4.565084501977706,1.0,92.7,15.133333333333333,0.8596599690880989,0.1403400309119011,z6,15.133333333333333,0.1403400309119011,11.033333333333333,0.10231839258114374,13.916666666666666,0.12905718701700156,13.966666666666667,0.1295208655332303,19.2,0.17805255023183925,34.583333333333336,0.3207109737248841,0.5982597294236844,z4,4.0,4.064760432766615,19.200000001986822,0.41461307781496093,68.03523340298119,462.2522813576014,96.00000000993411,558.2522813675355,178.2517087388339,0.2930805478731856,104,97.0,0.40505663857477775,2.107142857142861,0.20252831928738887,99.0,-2.4099991995248304,-4.6200000000000045,-3.213332266033107
145.44011976047904,2025-05-16,0.447678475263074,2.103120056152343,2103.1200561523438,66.1084606985251,3966.5076419115067,2025-05-17T00:35:09+00:00,668,17.366666662693024,0.5868041949417301,1041.9999997615814,9C68F9B0-34C8-4CAD-A866-F14FB2518F8C,20,175.0,93.0,42.21632730988627,22.86,0.5523215247369261,36.51312581102054,2190.787548661232,305.8780328374623,42,2025-05-16 23:29:03+00:00,29.595334887504578,1775.7200932502747,Friday,2025,2025-05-12,15.959259943736011,204.04074005626399,196.8285180393848,0.6992313450023031,0.7127994130994335,0.7389179231201493,0.5723854069109255,0.9515008912986679,z2_60_70,z3_70_80,z3_70_80,z1_under_60,lthr_z4_95_100,3627.0,3.7044389302453817,4.383580545015523,1.0,48.31666666666667,12.133333333333333,0.7992831541218638,0.2007168458781362,z5,12.133333333333333,0.2007168458781362,3.7666666666666666,0.0623104494072236,9.05,0.14971050454921422,9.7,0.16046319272125723,16.483333333333334,0.2726771436448856,9.316666666666666,0.15412186379928317,0.5563129061026882,z4,4.0,3.7044389302453817,17.366666662693024,0.5868041949417302,36.77698988917185,244.8947554302132,86.83333331346512,331.7280887436783,157.73140852005125,0.2902660378677566,50,45.0,3.6334266763898393,1.9583333333333428,1.8167133381949196,48.0,-3.550611784019712,-2.2555555555555316,-4.734149045359616
156.2550120288693,2025-05-19,0.422514432734013,3.817620101928711,3817.620101928711,119.97157846689224,7198.294708013535,2025-05-20T01:40:41+00:00,1247,31.850000003973644,0.6283324874350571,1911.0000002384186,87C74DC4-FBB9-492F-A52F-F09DF7C01940,21,191.0,94.0,39.83349998173,22.86,0.5774855672659861,69.28185504674911,4156.911302804947,596.522274948524,76,2025-05-19 23:40:42+00:00,50.689723420143125,3041.3834052085876,Monday,2025,2025-05-19,15.967473664756977,204.03252633524303,196.8227684346701,0.7512260193695639,0.7658338346118836,0.7938868722941158,0.6513417975708299,1.0222542683559703,z3_70_80,z3_70_80,z3_70_80,z2_60_70,lthr_z5_100_106,6717.0,4.327378293881197,4.95575221238938,1.0,94.16666666666667,17.783333333333335,0.8411493226142623,0.1588506773857377,z6,17.783333333333335,0.1588506773857377,10.183333333333334,0.09096322763138306,6.45,0.05761500669941939,10.116666666666667,0.09036772368616942,18.016666666666666,0.1609349411939854,49.4,0.441268423403305,0.6330142697082928,z5,5.0,4.327378293881197,31.850000003973644,0.628332487435058,75.94372112897094,519.1624045402943,159.25000001986822,678.4124045601626,177.70558265276838,0.2549262226185133,77,73.0,-2.9844610126443176,-2.180555555555543,-1.4922305063221588,75.0,2.0412054798379615,1.4222222222222172,2.7216073064506157
141.86429112964368,2025-05-22,0.407196983141746,3.108960083007812,3108.9600830078125,123.50249291658402,7410.149574995041,2025-05-23T01:39:32+00:00,1319,18.233311871687572,0.36256450519243705,1093.9987123012543,555AE5D6-667F-4D5E-816C-BA08094D4ED5,21,178.0,101.0,48.527328608347,22.86,0.5928030168582531,73.21265039046605,4392.759023427963,441.0504183262615,62,2025-05-22 23:36:02+00:00,50.28984252611796,3017.3905515670776,Thursday,2025,2025-05-19,15.975687385777942,204.02431261422205,196.81701882995543,0.68203986120021,0.6953303227046611,0.7207928052817961,0.5463577207675285,0.9281070427857923,z2_60_70,z2_60_70,z3_70_80,z1_under_60,lthr_z3_90_95,7115.0,3.2542515811665496,4.024514425796719,1.0,88.38333333333334,30.2,0.745326774420239,0.2546732255797611,z1,30.2,0.2546732255797611,17.8,0.1501054111033029,15.1,0.12733661278988054,16.45,0.1387210119465917,25.2,0.21250878425860859,13.833333333333334,0.11665495432185524,0.530952419359175,z3,3.0,3.2542515811665496,18.233311871687572,0.36256450519243777,65.57394741094966,401.9081828518041,91.16655935843787,493.074742210242,158.59796492890612,0.3420686645098023,125,122.0,3.539781734588362,1.3273809523809632,1.769890867294181,121.0,-3.3305375171592457,-1.444444444444457,-4.44071668954566
139.0958904109589,2025-05-23,0.330637605826932,2.651760070800781,2651.7600708007812,110.53003494938214,6631.802096962929,2025-05-24T01:19:56+00:00,1168,10.366666666666667,0.28366553935049904,622.0,4313196C-2E31-454D-A64D-8185308275D9,21,191.0,87.0,41.3446750292852,22.86,0.6693623941730671,73.98464882175128,4439.078929305077,368.8489282042621,53,2025-05-23 23:29:24+00:00,36.54538612763087,2192.723167657852,Friday,2025,2025-05-19,15.97842529278493,204.02157470721508,196.81510229505054,0.6687302423603794,0.6817704971181162,0.7067338267692319,0.5261645150773661,0.9099955632597955,z2_60_70,z2_60_70,z3_70_80,z1_under_60,lthr_z3_90_95,6365.0,2.880282796543598,4.298787210584344,1.0,60.46666666666667,45.61666666666667,0.5699921445404557,0.4300078554595444,z1,45.61666666666667,0.4300078554595444,12.366666666666667,0.11657501963864886,7.8,0.07352710133542813,8.166666666666666,0.0769835035349568,13.666666666666666,0.12882953652788687,18.466666666666665,0.17407698350353495,0.5113183717089284,z3,3.0,2.880282796543598,10.366666666666667,0.2836655393504993,56.51603749524902,318.35775816606804,51.833333333333336,370.19109149940135,139.60203095886072,0.2972386524658085,53,51.0,10.863986065098256,8.555555555555543,5.431993032549128,50.0,-9.578943015476767,-9.97230158730158,-12.771924020635687
145.6129679144385,2025-05-28,0.403529141051703,3.589020095825195,3589.0200958251953,134.28196790019672,8056.918074011803,2025-05-29T01:49:16+00:00,1496,28.71666667064031,0.529957968881414,1723.0000002384186,324E8DA5-2D12-4916-9CA4-5166B05CE78A,22,193.0,76.0,45.293717269955835,22.86,0.5964708589482971,80.09528073469798,4805.716844081879,522.6078680576692,71,2025-05-28 23:35:00+00:00,54.18668716549873,3251.201229929924,Wednesday,2025,2025-05-26,15.992114827819872,204.00788517218012,196.8055196205261,0.7000623457424928,0.713761469521352,0.7398825408718446,0.5737842593194127,0.9526317015099262,z3_70_80,z3_70_80,z3_70_80,z1_under_60,lthr_z4_95_100,7869.0,3.5051467784979033,4.782233307751343,1.0,86.86666666666666,44.28333333333333,0.6623459143474393,0.33765408565256066,z1,44.28333333333333,0.33765408565256066,11.466666666666667,0.08743169398907104,9.8,0.07472359893252002,8.916666666666666,0.06798830855254798,12.683333333333334,0.09670860338035328,44.0,0.335493709492947,0.557538779535025,z4,4.0,3.5051467784979033,28.71666667064031,0.5299579688814143,74.86740449663708,470.6780071957334,143.58333335320157,614.261340548935,171.15015356516213,0.3110555187404065,100,98.0,4.791828415017978,2.3519444444444417,2.395914207508989,100.0,-3.700023480498654,-2.25,-4.933364640664872
133.86336464560205,2025-05-29,0.43885047133196103,3.177540084838867,3177.540084838867,115.96783083279928,6958.0698499679565,2025-05-29T14:54:52+00:00,1171,5.983333335320155,0.11756799055660501,359.0000001192093,3B9D1642-DCCE-4CEC-9386-5E42410D36E8,22,182.0,84.0,48.04899626268589,22.86,0.561149528668038,65.07529361248017,3904.51761674881,425.3562070528026,63,2025-05-29 12:58:54+00:00,50.89253722031911,3053.5522332191467,Thursday,2025,2025-05-26,15.99485273482686,204.00514726517315,196.8036030856212,0.6435738684884714,0.6561764075080012,0.6801875704855036,0.4880354204224762,0.8757632418227693,z2_60_70,z2_60_70,z2_60_70,z1_under_60,lthr_z2_85_90,6305.0,2.3980967486122124,3.351921024546425,1.0,62.46666666666667,42.61666666666667,0.5944488501189532,0.4055511498810468,z1,42.61666666666667,0.4055511498810468,18.933333333333334,0.18017446471054718,21.9,0.208406026962728,8.55,0.08136399682791436,6.883333333333334,0.0655035685963521,6.2,0.05900079302141158,0.47420825989788684,z2,2.0,2.3980967486122124,5.983333335320155,0.11756799055660518,54.99290326335426,278.10207806374706,29.916666676600773,308.0187447403478,96.93622629971242,0.35894059879559803,89,86.0,5.112657922209237,1.115338164251213,2.5563289611046187,84.0,-4.595361091940325,-2.0422826086956576,-6.127148122587103
150.2001488095238,2025-05-30,0.408751828901358,3.040380081176757,3040.380081176758,124.31569321751594,7458.941593050957,2025-05-31T01:36:15+00:00,1344,7.808333335320155,0.15366419318580002,468.5000001192093,4E488DBE-5686-4A4E-BC4C-4DDBBF74F51E,22,194.0,75.0,50.139389425416006,22.86,0.591248171098641,73.50142625371615,4410.085575222969,456.6655406302611,60,2025-05-30 23:31:56+00:00,50.814266963799795,3048.8560178279877,Friday,2025,2025-05-26,15.997590641833849,204.00240935816615,196.8016865507163,0.7221161000457875,0.7362665435280131,0.7632055976858553,0.6072896761400246,0.982642036467089,z3_70_80,z3_70_80,z3_70_80,z2_60_70,lthr_z4_95_100,7134.0,4.018502943650126,4.336018590240124,1.0,107.58333333333333,11.316666666666666,0.9048219792542753,0.09517802074572469,z6,11.316666666666666,0.09517802074572469,13.916666666666666,0.11704513596860107,19.8,0.1665264928511354,20.15,0.16947014297729185,23.65,0.19890664423885618,30.066666666666666,0.25287356321839083,0.5900719773725092,z4,4.0,4.018502943650126,7.808333335320155,0.15366419318580016,73.35520691529386,499.5629791364938,39.04166667660078,538.6046458130946,177.1504323251031,0.33381717543436146,120,115.0,3.0067827421758393,0.6944444444444571,1.5033913710879196,115.0,-4.57159277595398,-2.208333333333343,-6.095457034605306
140.66643835616438,2025-05-31,0.47283017797574306,3.22326008605957,3223.2600860595703,125.61647208333015,7536.988324999809,2025-05-31T16:08:14+00:00,1460,8.133333333333333,0.13693573343321702,488.0,CCB6F4D0-1038-42C1-A001-87C0F45A63C6,22,188.0,88.0,55.28122825898607,22.86,0.527169822024256,66.2212132314841,3973.2727938890457,453.4045162015836,64,2025-05-31 14:02:37+00:00,59.39525885184606,3563.7155311107635,Saturday,2025,2025-05-26,16.000328548840837,203.99967145115917,196.79977001581142,0.6762809536354056,0.6895424750222806,0.7147693228750361,0.5377125184013796,0.9202704294531907,z2_60_70,z2_60_70,z3_70_80,z1_under_60,lthr_z3_90_95,7475.0,3.2355852842809365,4.2492708535874,1.0,85.71666666666667,38.86666666666667,0.6880267558528428,0.3119732441471572,z1,38.86666666666667,0.3119732441471572,13.066666666666666,0.1048829431438127,17.433333333333334,0.13993311036789297,11.35,0.09110367892976588,22.8,0.18301003344481606,21.066666666666666,0.16909698996655517,0.5224570096181871,z3,3.0,3.2355852842809365,8.133333333333333,0.1369357334332173,65.62920636344315,406.44280853611014,40.666666666666664,447.1094752027768,138.71343399699632,0.3929951515443591,104,103.0,3.652893680809404,1.2512077294685753,1.826446840404702,104.0,-4.729277311348335,-1.8055555555555571,-6.305703081797781
112.45833333333333,2025-06-02,0.14958462372348,0.068580001831054,68.58000183105469,2.334721050659815,140.08326303958893,2025-06-02T14:00:05+00:00,24,0.750000001986821,2.147530359515388,45.00000011920929,042099DB-AB74-4ADB-A832-E092F9F68474,23,131.0,99.0,15.277268614948985,22.86,0.8504153762765191,1.9854826807975772,119.12896084785461,7.712392705917359,1,2025-06-02 13:57:45+00:00,0.34923836986223805,20.954302191734314,Monday,2025,2025-06-02,16.005804362854814,203.9941956371452,196.79593694600163,0.5406650641025641,0.5512820253639406,0.5714464184501457,0.33182671077348597,0.7357268721784014,z1_under_60,z1_under_60,z1_under_60,z1_under_60,lthr_z1_under_85,128.0,1.1796875,2.0,1.0,0.38333333333333336,1.75,0.1796875,0.8203125,z1,1.75,0.8203125,0.38333333333333336,0.1796875,0.0,0.0,0.0,0.0,0.0,0.0,0.0,0.0,0.3223995271867612,z1,1.0,1.1796875,0.7500000019868215,2.147530359515392,0.7527129628457027,2.7542412394502507,3.7500000099341073,6.504241249384358,94.84166048008393,0.13584825741340337,1,0.0,,,,1.0,-22.452991452991455,-22.452991452991455,-29.93732193732194
144.13172043010752,2025-06-02,0.5248729265940351,3.5,3500.0,117.07695058385531,7024.617035031319,2025-06-02T15:57:22+00:00,1116,16.566666666666666,0.269593588648996,994.0,487C4225-AC1B-422D-9FE5-19D492E7DEBA,23,185.0,82.0,52.67187573398863,50.0,0.47512707340596405,55.626428894201915,3337.585733652115,504.4610215053763,70,2025-06-02 14:00:18+00:00,61.4505216896534,3687.031301379204,Monday,2025,2025-06-02,16.005804362854814,203.9941956371452,196.79593694600163,0.6929409636062862,0.7065481445682009,0.7323917488685525,0.5630291128129643,0.9429410583511061,z2_60_70,z3_70_80,z3_70_80,z1_under_60,lthr_z3_90_95,6279.0,3.4381270903010033,4.326597131681877,1.0,76.7,27.95,0.7329192546583851,0.2670807453416149,z1,27.95,0.2670807453416149,13.116666666666667,0.12533842968625578,14.233333333333333,0.13600891861761427,7.533333333333333,0.0719859850294633,18.116666666666667,0.17311673833412963,23.7,0.2264691829909221,0.5470334782277129,z3,3.0,3.4381270903010033,16.566666666666666,0.2695935886489967,64.04501149818043,402.5254354521848,82.83333333333333,485.3587687855181,138.67393393871947,0.3654426352284494,111,102.0,3.5918442051239494,1.431818181818187,1.7959221025619747,93.0,-4.601973185057296,-3.8249999999999886,-6.13596424674306
138.56902985074626,2025-06-03,0.49286786699897905,3.337560089111328,3337.560089111328,113.44541921615601,6806.72515296936,2025-06-04T01:19:29+00:00,1072,11.483333331346511,0.205376383630263,688.9999998807907,6A886D2F-0BC1-4E88-AC46-BE0597992C36,23,180.0,94.0,50.25851247348745,22.86,0.50713213300102,57.53181742628416,3451.9090455770493,462.482463616727,66,2025-06-03 23:26:02+00:00,55.913601789871855,3354.816107392311,Tuesday,2025,2025-06-02,16.008542269861803,203.9914577301382,196.79402041109674,0.6661972588978186,0.6792883946839591,0.7041323184580495,0.5224342527380891,0.9065487269022757,z2_60_70,z2_60_70,z3_70_80,z1_under_60,lthr_z3_90_95,6199.0,2.997580254879819,3.985294117647059,1.0,69.13333333333334,34.18333333333333,0.6691401839006291,0.3308598160993709,z1,34.18333333333333,0.3308598160993709,13.466666666666667,0.13034360380706567,11.566666666666666,0.11195354089369253,16.816666666666666,0.1627681884174867,17.083333333333332,0.16534924987901276,10.2,0.09872560090337151,0.5075817719911082,z3,3.0,2.997580254879819,11.483333331346511,0.20537638363026353,57.58282691001059,340.0617486489129,57.41666665673256,397.47841530564546,119.09251210259997,0.36269657460704796,124,116.0,2.3302915998856797,1.814473684210526,1.1651457999428398,112.0,-2.4869372689353817,0.8618421052631504,-3.3159163585805085
140.33129904097646,2025-06-04,0.529789077487783,2.9,2900.0,103.46820570031802,6208.092342019081,2025-06-04T15:38:49+00:00,1147,6.350000001986822,0.11584140259932801,381.0000001192093,4548382D-3829-4ED3-9CBD-F891E1EB3D9D,23,194.0,86.0,56.70654335926319,50.0,0.470210922512216,48.651880453030266,2919.112827181816,406.96076721883173,58,2025-06-04 13:55:21+00:00,54.81632524728775,3288.979514837265,Wednesday,2025,2025-06-02,16.01128017686879,203.98871982313122,196.79210387619185,0.6746697069277714,0.6879365641524245,0.7130941550849181,0.5353090322740144,0.9180778751728745,z2_60_70,z2_60_70,z3_70_80,z1_under_60,lthr_z3_90_95,6071.0,3.0625926535990775,4.083476976114258,1.0,67.68333333333334,33.5,0.6689178059627738,0.33108219403722616,z1,33.5,0.33108219403722616,10.833333333333334,0.10706638115631692,13.55,0.13391533520013177,16.083333333333332,0.1589523966397628,13.566666666666666,0.13408005270960302,13.65,0.1349036402569593,0.5200801350423863,z3,3.0,3.0625926535990775,6.350000001986822,0.11584140259932899,53.811758393214795,316.8809666588722,31.75000000993411,348.6309666688063,120.2175747133815,0.40409048976810935,90,88.0,1.2842486784729727,0.31775362318839484,0.6421243392364864,89.0,-5.537243847636977,-4.144927536231876,-7.382991796849303
135.28120184899845,2025-06-05,0.383688762630496,2.5,2500.0,111.88221965034803,6712.933179020882,2025-06-05T16:29:19+00:00,1298,12.35,0.28769134980231503,741.0,FD434C8D-0E31-4FC7-AEF1-7C6C648BE2B1,23,192.0,77.00000000000001,51.51354050159455,50.0,0.616311237369503,68.95426923235257,4137.2561539411545,338.20300462249617,50,2025-06-05 14:37:26+00:00,42.927950417995454,2575.677025079727,Thursday,2025,2025-06-02,16.01401808387578,203.98598191612422,196.79018734128695,0.6503903935048002,0.6631887180591847,0.6874387573725136,0.4984539358983948,0.8850390411343336,z2_60_70,z2_60_70,z2_60_70,z1_under_60,lthr_z2_85_90,6697.0,3.01627594445274,4.710634789777411,1.0,60.65,50.96666666666667,0.5433776317754219,0.4566223682245782,z1,50.96666666666667,0.4566223682245782,8.8,0.07884127221143795,7.216666666666667,0.06465581603703151,5.733333333333333,0.05136628341048231,9.883333333333333,0.08854711064655817,29.016666666666666,0.2599671494699119,0.48426384290069824,z2,2.0,3.01627594445274,12.35,0.2876913498023158,54.180513640137555,337.4676477433224,61.75,399.2176477433224,159.68705909732896,0.3807886077113228,82,80.0,2.5625082425921626,-0.5661111111111126,1.2812541212960813,82.0,-2.9086945580635932,-3.6527777777778,-3.8782594107514585
125.50472103004292,2025-06-09,0.42702147849639704,1.371600036621093,1371.6000366210938,117.94113241632779,7076.467944979668,2025-06-09T16:18:10+00:00,1165,7.666666674613952,0.15222695788767102,460.00000047683716,BD0DDC65-487E-4CF7-BC32-B77A3C3F4F4B,24,182.0,80.0,110.1561579074367,22.86,0.5729785215036021,67.57773567636808,4054.6641405820847,172.14227996092703,27,2025-06-09 14:20:13+00:00,50.36339673995972,3021.803804397583,Monday,2025,2025-06-09,16.024969711903736,203.97503028809626,196.78252120166738,0.6033880818752063,0.6152945331238773,0.6377838858026558,0.42711960644937513,0.8210791775951655,z2_60_70,z2_60_70,z2_60_70,z1_under_60,lthr_z1_under_85,6750.0,2.1697777777777776,3.9706546275395036,1.0,44.3,68.2,0.3937777777777778,0.6062222222222222,z1,68.2,0.6062222222222222,10.55,0.09377777777777778,6.883333333333334,0.06118518518518518,8.233333333333333,0.07318518518518519,10.583333333333334,0.09407407407407407,8.05,0.07155555555555555,0.4149270995038505,z1,1.0,2.1697777777777776,7.6666666746139525,0.15222695788767174,48.93697198570645,255.9060482028943,38.33333337306976,294.2393815759641,214.52272799643288,0.8777052927042311,87,84.0,4.361792806883232,2.4090909090909065,2.180896403441616,84.0,-8.736860718376956,-11.194956140350882,-11.649147624502607
137.46507352941177,2025-06-10,0.579118392115899,2.080260055541992,2080.260055541992,149.7333169321219,8983.999015927315,2025-06-10T16:23:49+00:00,1632,19.500052112340928,0.22487955274679503,1170.0031267404556,C02254EB-99E2-4DD1-B7A2-D00D2BDB9C93,24,183.0,73.0,125.05165041779136,22.86,0.4208816078841,63.019999184211095,3781.1999510526657,285.96310149537817,41,2025-06-10 13:54:05+00:00,86.71331774791082,5202.799064874649,Tuesday,2025,2025-06-09,16.027707618910725,203.9722923810893,196.78060466676249,0.6608897765837104,0.6739399352956257,0.6985702364427713,0.5144476470712871,0.8993264045785972,z2_60_70,z2_60_70,z2_60_70,z1_under_60,lthr_z2_85_90,8744.0,2.9484217749313815,4.162613699647299,1.0,89.78333333333333,55.95,0.6160795974382434,0.38392040256175664,z1,55.95,0.38392040256175664,16.983333333333334,0.11653705397987191,16.2,0.1111619396157365,13.6,0.09332113449222323,21.233333333333334,0.14569990850869166,21.766666666666666,0.14935956084172003,0.4997522945348352,z2,2.0,2.9484217749313815,19.500052112340928,0.22487955274679525,74.82956870513962,441.47697207536993,97.50026056170464,538.9772326370746,259.09127620904553,0.9096976214182546,150,147.0,2.9781126970265586,-0.6388888888888857,1.4890563485132793,147.0,-1.9709469829385842,-1.5138888888888857,-2.6279293105847783
133.01267350633674,2025-06-11,0.421963024706333,3.909060104370117,3909.060104370117,152.521174599727,9151.27047598362,2025-06-11T16:41:42+00:00,1657,11.449999996026357,0.177910241230089,686.9999997615814,1E660AEB-7A14-46D7-8E4D-FD74F90314DD,24,184.00000000000003,76.0,49.39163976571856,22.86,0.578036975293666,88.16287843386333,5289.772706031799,519.954535379229,78,2025-06-11 14:09:11+00:00,64.35829616586368,3861.4977699518204,Wednesday,2025,2025-06-09,16.030445525917713,203.9695544740823,196.7786881318576,0.6394840072420036,0.6521202335774979,0.6759506060798999,0.4819514362867247,0.8701978353959605,z2_60_70,z2_60_70,z2_60_70,z1_under_60,lthr_z2_85_90,8874.0,2.6271129141311698,3.95759934453093,1.0,81.36666666666666,66.53333333333333,0.5501464953797611,0.4498535046202389,z1,66.53333333333333,0.4498535046202389,17.3,0.1169709263015551,18.316666666666666,0.12384494027496055,12.283333333333333,0.08305161144917737,17.466666666666665,0.11809781383817895,16.0,0.10818120351588911,0.46817498940664354,z2,2.0,2.6271129141311698,11.449999996026357,0.17791024123008958,71.40659930251601,400.69034746939775,57.24999998013178,457.94034744952955,117.14845390521806,0.37133032863492915,121,120.0,1.3164038659855213,-1.1344444444444406,0.6582019329927606,121.0,-1.004563357887014,0.537142857142868,-1.3394178105160182
132.14643931795385,2025-06-11,0.407633708990609,1.851660049438476,1851.6600494384766,88.05913713375728,5283.548228025436,2025-06-11T01:40:22+00:00,997,3.5166666646798452,0.09796855187212901,210.9999998807907,C40CAD22-0A3A-4AE2-805D-5C84F1747D97,24,178.0,82.0,58.157337289690524,22.86,0.5923662910093901,52.1632644534111,3129.795867204666,244.69028236060106,37,2025-06-11 00:12:18+00:00,35.89587268034617,2153.7523608207703,Wednesday,2025,2025-06-09,16.030445525917713,203.9695544740823,196.7786881318576,0.635319419797855,0.647873353739885,0.6715485328848472,0.4756271535531717,0.8645307429617883,z2_60_70,z2_60_70,z2_60_70,z1_under_60,lthr_z2_85_90,5258.0,2.3758082921262837,3.4202074272331884,1.0,49.81666666666667,37.81666666666667,0.5684670977558007,0.4315329022441993,z1,37.81666666666667,0.4315329022441993,13.966666666666667,0.1593761886648916,15.166666666666666,0.17306960821605172,9.25,0.10555344237352605,8.65,0.09870673259794599,2.783333333333333,0.03176112590338532,0.4620314845244954,z2,2.0,2.3758082921262837,3.5166666646798452,0.09796855187212936,40.686093855855994,209.21162819986608,17.583333323399227,226.7949615232653,122.48196508427228,0.4400976491675253,85,84.0,5.523109421634267,6.883333333333326,2.7615547108171334,85.0,-3.9606540433661848,-6.11184210526315,-5.280872057821581
126.21318822023048,2025-06-12,0.44273303852077506,3.611880096435547,3611.880096435547,138.9393985172113,8336.363911032677,2025-06-12T16:29:26+00:00,1562,2.45,0.039828939046832004,147.0,A6C202EF-B29F-4390-BD15-B0125FE896D6,24,182.0,75.0,51.09227917323105,22.86,0.557266961479224,77.4263364414374,4645.580186486244,455.8669024403239,72,2025-06-12 14:10:30+00:00,61.513062075773874,3690.7837245464325,Thursday,2025,2025-06-09,16.0331834329247,203.96681656707528,196.7767715969527,0.6067941741357235,0.6187927543533768,0.6414028810206632,0.4323177664805595,0.8257141240186798,z2_60_70,z2_60_70,z2_60_70,z1_under_60,lthr_z1_under_85,8192.0,2.0423583984375,3.191172696946369,1.0,64.95,71.58333333333333,0.4757080078125,0.5242919921875,z1,71.58333333333333,0.5242919921875,20.916666666666668,0.1531982421875,22.716666666666665,0.1663818359375,11.75,0.0860595703125,7.116666666666666,0.0521240234375,2.45,0.0179443359375,0.4199516895051807,z1,1.0,2.0423583984375,2.45,0.03982893904683216,58.347835146136475,283.7640474354812,12.25,296.0140474354812,81.9556683865581,0.40480935386942046,127,125.0,1.0886336339683707,0.06222222222223195,0.5443168169841853,126.0,-1.561411164764793,0.009154589371981103,-2.0818815530197243
137.28054740957967,2025-06-13,0.49220174341305906,1.577340042114257,1577.3400421142578,94.96615565021833,5697.9693390131,2025-06-13T01:51:40+00:00,1023,9.033333333333333,0.19325735482300302,542.0,0ACBD59B-1CA8-4D6A-A67B-2967B7882D81,24,181.0,81.0,88.90126312957872,22.86,0.50779825658694,48.22364827394485,2893.4188964366913,216.53810443249475,31,2025-06-13 00:16:42+00:00,46.74250737627347,2804.5504425764084,Friday,2025,2025-06-09,16.03592133993169,203.9640786600683,196.7748550620478,0.6600026317768253,0.6730623760391402,0.697652895570889,0.5131312392062246,0.8981191945750764,z2_60_70,z2_60_70,z2_60_70,z1_under_60,lthr_z2_85_90,5497.0,2.887938875750409,4.076786243699971,1.0,56.21666666666667,35.4,0.6136074222303074,0.38639257776969255,z1,35.4,0.38639257776969255,9.183333333333334,0.10023649263234491,11.133333333333333,0.1215208295433873,11.083333333333334,0.12097507731489904,15.816666666666666,0.17263962161178825,9.0,0.09823540112788794,0.4984435986495012,z2,2.0,2.887938875750409,9.033333333333333,0.19325735482300332,47.335272372203484,274.2564527828299,45.166666666666664,319.4231194494966,202.5074561737137,0.6475882039160272,70,65.0,4.185270294698349,2.434782608695656,2.0926351473491747,66.0,-8.834645883489296,-6.5300653594771205,-11.779527844652396
127.03791235844412,2025-06-13,0.30339120487452903,2.125980056762695,2125.9800567626953,187.51965186595916,11251.17911195755,2025-06-13T17:06:30+00:00,2031,7.999999994039536,0.14061777179697002,479.99999964237213,FD79D6B9-B516-4CA0-89B2-BB316BCB5772,24,188.0,66.0,80.2808280392294,22.86,0.69660879512547,130.62783874869348,7837.670324921608,270.08006812681936,42,2025-06-13 13:58:59+00:00,56.8918131172657,3413.508787035942,Friday,2025,2025-06-09,16.03592133993169,203.9640786600683,196.7748550620478,0.6107591940309813,0.6228445380824568,0.6456003350549339,0.4383478715426725,0.8311096486777501,z2_60_70,z2_60_70,z2_60_70,z1_under_60,lthr_z1_under_85,10858.0,2.21725916375023,3.807945612916932,1.0,78.45,102.51666666666667,0.433505249585559,0.566494750414441,z1,102.51666666666667,0.566494750414441,22.933333333333334,0.12672683735494567,14.466666666666667,0.07994105728495118,10.583333333333334,0.058482225087493095,15.666666666666666,0.08657211272794253,14.8,0.08178301713022657,0.425800796868398,z1,1.0,2.21725916375023,7.999999994039536,0.14061777179697005,79.84601719300998,415.7796664830509,39.99999997019768,455.7796664532486,214.3856735642574,0.6319438547818138,142,139.0,4.930698035475225,1.1884057971014386,2.4653490177376125,141.0,-5.09732996363404,-2.6944444444444287,-6.796439951512054
129.0909090909091,2025-06-14,1.0,0.0,0.0,1.539838717381159,92.39032304286957,2025-06-14T14:53:45+00:00,11,0.6666666666666661,0.43294577486691704,40.0,C31BBE88-3D56-4A5D-BB15-EDC92E7422E1,24,135.0,118.0,,22.86,0.0,0.0,0.0,0.0,0,2025-06-14 14:52:13+00:00,1.539838717381159,92.39032304286957,Saturday,2025,2025-06-09,16.03865924693868,203.96134075306134,196.7729385271429,0.6206293706293706,0.6329185159024874,0.6560399517187789,0.4533462417169076,0.8445407997520941,z2_60_70,z2_60_70,z2_60_70,z1_under_60,lthr_z1_under_85,50.0,1.52,2.0,1.0,0.43333333333333335,0.4,0.52,0.48,z2,0.4,0.48,0.43333333333333335,0.52,0.0,0.0,0.0,0.0,0.0,0.0,0.0,0.0,0.440361057382334,z1,1.0,1.52,0.6666666666666666,0.43294577486691777,0.6780850057842241,2.3405548504193616,3.333333333333333,5.673888183752695,,,0,0.0,,,,0.0,,,
140.728591160221,2025-06-14,0.47634130756493404,3.6,3600.0,139.96317704916,8397.7906229496,2025-06-14T17:13:54+00:00,1448,14.933300000429153,0.223987484982189,895.9980000257492,23F7AB8C-D0F7-45CC-8BE5-BA7D45765C2A,24,190.0,91.0,55.558535638782715,50.0,0.523658692435065,73.29293428262075,4397.576056957245,506.62292817679554,72,2025-06-14 14:53:57+00:00,66.67024276653926,4000.2145659923553,Saturday,2025,2025-06-09,16.03865924693868,203.96134075306134,196.7729385271429,0.6765797651933702,0.6899767899182567,0.7151826476424188,0.5383168035216026,0.9206770466132561,z2_60_70,z2_60_70,z3_70_80,z1_under_60,lthr_z3_90_95,7887.0,2.99454799036389,3.9029341206864734,1.0,90.31666666666666,41.13333333333333,0.6870800050716369,0.31291999492836314,z1,41.13333333333333,0.31291999492836314,25.316666666666666,0.19259541016863194,17.4,0.13236972232788133,10.966666666666667,0.08342842652466083,14.0,0.10650437428680107,22.633333333333333,0.1721820717636617,0.5228978096469573,z3,3.0,2.99454799036389,14.933300000429153,0.22398748498218968,73.18643871023505,419.12645055750744,74.66650000214577,493.7929505596532,137.16470848879254,0.3947920971903196,114,107.0,5.487510678121157,3.208333333333343,2.7437553390605784,102.0,-2.8057269237462426,-1.5410628019323696,-3.7409692316616576
150.45178896300789,2025-06-16,0.680540652546567,4.55,4550.0,143.12452985048293,8587.471791028976,2025-06-16T16:23:11+00:00,1649,23.033311597506206,0.236476634839646,1381.9986958503723,7BB8B6B8-E02B-49F2-B7C4-12CEB93AC7C5,25,197.0,86.0,64.22113908123184,50.0,0.319459347453432,45.72246891061465,2743.348134636879,684.5556397816858,91,2025-06-16 14:00:04+00:00,97.40206093986829,5844.1236563920975,Monday,2025,2025-06-16,16.044135060952655,203.95586493904733,196.76910545733315,0.7233259084759994,0.737668362750788,0.7646108295981018,0.6093334447571733,0.9842883210735716,z3_70_80,z3_70_80,z3_70_80,z2_60_70,lthr_z4_95_100,8508.0,3.8730606488011285,4.827148896195397,1.0,106.45,35.35,0.7507052186177715,0.2492947813822285,z6,35.35,0.2492947813822285,11.733333333333333,0.08274565115185707,11.333333333333334,0.07992477668077104,10.583333333333334,0.07463563704748472,22.75,0.16043723554301834,50.05,0.35296191819464035,0.5918566593121126,z4,4.0,3.8730606488011285,23.033311597506206,0.23647663483964626,84.70920610292357,554.3299844420679,115.16655798753104,669.496542429599,147.1420972372745,0.42685527054133016,118,117.0,3.710643359198345,2.541666666666657,1.8553216795991725,118.0,-5.690617357833674,-3.243055555555543,-7.5874898104448985
142.54341164453524,2025-06-17,0.6135758327438811,4.45,4450.0,173.96784025033315,10438.070415019989,2025-06-17T16:52:44+00:00,1958,12.033333333333333,0.11273239399658701,722.0,A59EAFD1-DE6E-441B-ACB6-1B3FDFEA1927,25,190.0,92.00000000000001,71.96121064196812,50.0,0.38642416725611806,67.22537779808044,4033.5226678848267,634.3181818181818,89,2025-06-17 13:58:46+00:00,106.74246245225271,6404.547747135162,Tuesday,2025,2025-06-16,16.046872967959644,203.95312703204036,196.76718892242826,0.6853048636756502,0.6989028004564115,0.724426732043879,0.5516004875658062,0.9325499968777079,z2_60_70,z2_60_70,z3_70_80,z1_under_60,lthr_z3_90_95,10213.0,3.359248017232938,4.117479622202096,1.0,128.81666666666666,41.4,0.7567805737785176,0.24321942622148243,z1,41.4,0.24321942622148243,23.5,0.13805933614021346,24.766666666666666,0.14550083227259375,20.8,0.12219719964750808,32.6,0.19152061098599824,27.15,0.15950259473220404,0.5357688769115975,z3,3.0,3.359248017232938,12.033333333333333,0.11273239399658781,93.2065543896572,584.4011224232282,60.166666666666664,644.5677890898949,144.84669417750445,0.5048371567071788,138,134.0,1.8228443655137698,0.7088888888888931,0.9114221827568849,135.0,-3.444460533824843,-1.9166666666666572,-4.592614045099792
144.83616187989557,2025-06-18,0.536573972143585,4.2,4200.0,135.0388322989146,8102.3299379348755,2025-06-18T16:14:58+00:00,1532,28.649927002191543,0.395398705879961,1718.9956201314926,D9F93B46-EEBF-4D24-90E0-8331CDBBCD11,25,186.0,95.0,51.7559447430429,50.0,0.463426027856414,62.58050965865453,3754.830579519272,608.3118798955613,84,2025-06-18 13:59:55+00:00,72.45832264026006,4347.499358415604,Wednesday,2025,2025-06-16,16.049610874966632,203.95038912503338,196.76527238752337,0.6963277013456518,0.7101538884101007,0.7360859979125028,0.5683529807924275,0.9475496675054778,z2_60_70,z3_70_80,z3_70_80,z1_under_60,lthr_z3_90_95,7984.0,3.469564128256513,4.607868252516011,1.0,91.08333333333333,41.983333333333334,0.684493987975952,0.3155060120240481,z1,41.983333333333334,0.3155060120240481,16.116666666666667,0.12111723446893788,10.35,0.07778056112224449,6.1,0.045841683366733464,19.083333333333332,0.1434118236472946,39.43333333333333,0.2963426853707415,0.552029516878692,z3,3.0,3.469564128256513,28.649927002191543,0.39539870587996145,74.54542135383252,468.5258884659611,143.24963501095772,611.7755234769188,145.6608389230759,0.3573413163624232,127,126.0,4.009138044081927,1.9035087719298076,2.0045690220409633,126.0,-3.8402004131326093,-2.450000000000003,-5.120267217510146
139.6117873158232,2025-06-19,0.5607605265502671,4.7,4700.0,134.07132423321406,8044.279453992844,2025-06-19T16:14:08+00:00,1561,17.11664122144381,0.22766968872377802,1026.9984732866287,83F2366B-0A57-4335-B0FA-6CE9DC072A6A,25,182.0,91.0,47.98845087594174,50.0,0.439239473449732,58.88941786090533,3533.3650716543198,656.1754003843689,94,2025-06-19 14:00:04+00:00,75.18190637230873,4510.914382338524,Thursday,2025,2025-06-16,16.05234878197362,203.94765121802638,196.76335585261847,0.6712105159414576,0.6845471692467487,0.7095416049947659,0.5302156456865565,0.9133706729998383,z2_60_70,z2_60_70,z3_70_80,z1_under_60,lthr_z3_90_95,8023.0,3.0373924965723544,4.017537382314934,1.0,90.28333333333333,43.43333333333333,0.6751838464414808,0.3248161535585193,z1,43.43333333333333,0.3248161535585193,18.0,0.13461298766047614,19.416666666666668,0.14520752835597656,14.6,0.10918608999127509,19.533333333333335,0.14608001994266484,18.733333333333334,0.1400972204910881,0.5149772150058383,z3,3.0,3.0373924965723544,17.11664122144381,0.2276696887237788,69.04367716576533,407.22723423148364,85.58320610721906,492.8104403387027,104.85328517844738,0.34372778830905254,143,142.0,2.951908853207078,-0.5416666666666572,1.475954426603539,143.0,-3.1893514916687,-0.3282828282828234,-4.252468655558266
120.18315972222223,2025-06-20,0.519756194063358,1.8745200500488282,1874.5200500488281,116.60152745048205,6996.091647028923,2025-06-20T02:08:03+00:00,1152,7.966666666666667,0.13145367529503402,478.0,E45D252D-9239-4E9F-914F-BEEBBB4497BB,25,172.0,66.0,96.99181312260403,22.86,0.480243805936641,55.99716132084529,3359.829679250717,225.28574257752632,37,2025-06-20 00:11:27+00:00,60.604366129636766,3636.261967778206,Friday,2025,2025-06-16,16.05508668898061,203.94491331101938,196.76143931771358,0.5778036525106838,0.5892922641269357,0.6108064676644326,0.3883544005861429,0.7862643662774165,z1_under_60,z1_under_60,z2_60_70,z1_under_60,lthr_z1_under_85,6438.0,1.9389561975768872,3.571246278179498,1.0,39.18333333333333,68.11666666666666,0.36517552034793416,0.6348244796520659,z1,68.11666666666666,0.6348244796520659,10.316666666666666,0.09614787200994097,8.8,0.08201304753028892,9.466666666666667,0.08822615719167444,8.566666666666666,0.07983845914880397,2.033333333333333,0.018949984467225848,0.3771855299448385,z1,1.0,1.9389561975768872,7.966666666666667,0.13145367529503466,43.98040892378771,226.08525429704372,39.833333333333336,265.91858763037703,141.8595589966884,0.8070333093819462,72,68.0,7.710878204896172,3.930555555555557,3.855439102448086,64.0,-9.37368484299834,-7.790854978354979,-12.49824645733112
129.29416058394162,2025-06-20,0.462707905071686,3.35,3350.0,134.92913751602174,8095.748250961304,2025-06-20T16:19:14+00:00,1370,8.416666666666666,0.134811662426637,505.0,72EC8C55-054A-44BE-B3FD-1B4F816869E7,25,186.0,79.0,55.9099509431355,50.0,0.5372920949283131,72.49635896285375,4349.781537771225,433.1354379562044,67,2025-06-20 14:04:19+00:00,62.43277855316798,3745.9667131900787,Friday,2025,2025-06-16,16.05508668898061,203.94491331101938,196.76143931771358,0.6216065412689501,0.6339660964564773,0.657111276641804,0.4548848078969069,0.8458705152191656,z2_60_70,z2_60_70,z2_60_70,z1_under_60,lthr_z1_under_85,7558.0,2.346784863720561,3.794125720559978,1.0,60.71666666666667,65.25,0.4820058216459381,0.5179941783540619,z1,65.25,0.5179941783540619,18.0,0.14289494575284467,10.633333333333333,0.08441386610214342,9.6,0.07621063773485048,10.833333333333334,0.08600158772161948,11.65,0.09248478433448003,0.4418025573329193,z1,1.0,2.346784863720561,8.416666666666666,0.13481166242663703,59.61203801330355,316.6496575974699,42.08333333333333,358.7329909308032,107.08447490471738,0.43242440873296123,110,107.0,6.395754718629482,3.9298245614035068,3.197877359314741,102.0,-9.013275866657883,-7.572222222222223,-12.017701155543843
129.48435462842244,2025-06-21,0.38014292451069004,2.606040069580078,2606.040069580078,136.9511753499508,8217.070520997047,2025-06-21T17:24:28+00:00,1534,9.76661656697591,0.18759940754738003,585.9969940185547,847F9954-8DC7-4E49-8BF7-344E53634B43,25,189.0,77.00000000000001,59.931181704081126,22.86,0.619857075489309,84.89015503724416,5093.40930223465,337.4414165453855,52,2025-06-21 15:07:31+00:00,52.06102031270663,3123.6612187623978,Saturday,2025,2025-06-16,16.057824595987597,203.9421754040124,196.7595227828087,0.6225209357135694,0.634907195492605,0.6580843091968293,0.4562827663871889,0.8471148060183015,z2_60_70,z2_60_70,z2_60_70,z1_under_60,lthr_z1_under_85,8043.0,2.3993534750714907,4.25948450622647,1.0,57.55,76.5,0.4293174188735546,0.5706825811264453,z1,76.5,0.5706825811264453,12.433333333333334,0.092751460897675,8.0,0.05967922417008579,7.283333333333333,0.05433296033818227,11.866666666666667,0.08852418251896059,17.966666666666665,0.134029590948651,0.44315145126540734,z1,1.0,2.3993534750714907,9.76661656697591,0.18759940754738058,60.69011210883398,328.5942784910295,48.833082834879555,377.4273613259091,144.82791946738007,0.4628449659116264,94,90.0,-0.13956555027874407,-2.3958333333333286,-0.06978277513937203,94.0,-2.3826093733551055,-0.8416666666666686,-3.1768124978068064
143.30742049469964,2025-06-24,0.477712362759359,3.451860092163086,3451.860092163086,113.14069319963455,6788.441591978073,2025-06-24T02:00:24+00:00,1132,11.849998356898626,0.21924665405182703,710.9999014139175,26C08C89-C4C9-4EEE-A6FB-1C328EF2AA85,26,192.0,87.0,46.97355028554465,22.86,0.5222876372406411,59.09198532700539,3545.519119620323,494.67716571648805,69,2025-06-24 00:07:16+00:00,54.048707872629166,3242.92247235775,Tuesday,2025,2025-06-23,16.066038317008562,203.93396168299142,196.753773178094,0.6889779831475944,0.7027148362736476,0.728359198301032,0.5572570862395329,0.9375483089190394,z2_60_70,z3_70_80,z3_70_80,z1_under_60,lthr_z3_90_95,6376.0,3.290934755332497,4.32961021198997,1.0,73.11666666666666,33.15,0.6880489335006273,0.31195106649937265,z1,33.15,0.31195106649937265,14.116666666666667,0.13284190715181932,10.416666666666666,0.09802383939774154,10.466666666666667,0.09849435382685069,13.483333333333333,0.12688205771643662,24.633333333333333,0.23180677540777916,0.5411873793950329,z3,3.0,3.290934755332497,11.849998356898626,0.21924665405182775,61.230315255647646,372.33863949308846,59.249991784493126,431.5886312775816,125.03074277472508,0.32778170260403233,105,102.0,0.7504328424717531,0.09424603174602453,0.37521642123587656,101.0,-3.312658579065801,-5.458333333333343,-4.416878105421068
138.59171907756814,2025-06-24,0.5584332478959251,4.55,4550.0,165.40413385033608,9924.248031020164,2025-06-24T16:43:26+00:00,1908,15.583333333333334,0.168710741321799,935.0,E3BC0A2B-407E-4592-BAB6-7C7897D37A91,26,189.0,81.0,60.90142924052019,50.0,0.44156675210407403,73.03696616888047,4382.217970132828,630.5923218029351,91,2025-06-24 13:58:02+00:00,92.36716768145561,5542.030060887337,Tuesday,2025,2025-06-23,16.066038317008562,203.93396168299142,196.753773178094,0.6663063417190777,0.6795911673260404,0.704391671066558,0.5228193079179755,0.9066971647582088,z2_60_70,z2_60_70,z3_70_80,z1_under_60,lthr_z3_90_95,9865.0,2.9794221996958945,4.174605755161762,1.0,102.51666666666667,61.9,0.6235174860618348,0.37648251393816523,z1,61.9,0.37648251393816523,23.0,0.1398884946781551,16.866666666666667,0.10258489609731374,12.916666666666666,0.07856056766345666,18.7,0.11373542828180436,31.033333333333335,0.18874809934110492,0.5077426884933911,z3,3.0,2.9794221996958945,15.583333333333334,0.16871074132179947,83.98273960909036,492.80874831516246,77.91666666666667,570.7254149818291,125.43415713886354,0.43943050599173517,139,138.0,0.9384226548498737,0.055555555555542924,0.4692113274249369,139.0,-3.2718327421334368,-2.3888888888888857,-4.362443656177915
140.061973986228,2025-06-25,0.6643565667565481,4.85,4850.0,131.05415858427685,7863.24951505661,2025-06-25T16:15:02+00:00,1307,14.483333335320156,0.16634758014678502,869.0000001192093,FD585264-CE90-4128-9689-779E23FB1DC5,26,190.0,73.0,53.85568506570206,50.0,0.335643433243452,43.9874677280585,2639.24806368351,679.3005738332057,97,2025-06-25 14:03:59+00:00,87.06669085621834,5224.0014513731,Wednesday,2025,2025-06-23,16.06877622401555,203.93122377598445,196.75185664318911,0.6733748749337884,0.6868098537970041,0.7118711679566581,0.5335669394568129,0.9163158920965112,z2_60_70,z2_60_70,z3_70_80,z1_under_60,lthr_z3_90_95,7127.0,3.262803423600393,4.668562329390355,1.0,73.26666666666667,45.516666666666666,0.6168093166830363,0.38319068331696365,z1,45.516666666666666,0.38319068331696365,8.35,0.07029605724708854,11.35,0.0955521257190964,6.8,0.057247088536551145,16.5,0.13890837659604321,30.266666666666666,0.2548056685842571,0.5181700282711206,z3,3.0,3.262803423600393,14.483333335320156,0.16634758014678525,67.90833705866265,427.6039573058473,72.41666667660078,500.0206239824481,103.09703587266972,0.38451325176237755,152,141.0,2.9115231942565,1.7956521739130267,1.45576159712825,145.0,-3.6391981485810465,-0.904761904761898,-4.852264198108061
141.24057084607543,2025-06-25,0.424998048127711,2.263140060424804,2263.1400604248047,98.05793918371201,5883.47635102272,2025-06-25T01:44:09+00:00,981,11.499999996026357,0.275948566911969,689.9999997615814,567DE34B-361A-47CA-A7C3-7C6407B35CDF,26,179.0,96.0,55.243288056172126,22.86,0.5750019518722881,56.38350642720858,3383.010385632515,319.64719403902103,45,2025-06-25 00:06:06+00:00,41.67443275650342,2500.4659653902054,Wednesday,2025,2025-06-23,16.06877622401555,203.93122377598445,196.75185664318911,0.6790412059907472,0.6925892378365079,0.7178614385439636,0.542174157207058,0.9240265290546869,z2_60_70,z2_60_70,z3_70_80,z1_under_60,lthr_z3_90_95,5577.0,3.2124798278644433,4.057234886025768,1.0,67.26666666666667,25.683333333333334,0.723686569840416,0.276313430159584,z1,25.683333333333334,0.276313430159584,13.166666666666666,0.1416532185762955,12.416666666666666,0.13358436435359514,9.316666666666666,0.10023310023310024,22.133333333333333,0.23812085350546888,10.233333333333333,0.11009503317195625,0.5265288712487619,z3,3.0,3.2124798278644433,11.499999996026357,0.2759485669119695,51.63033603537963,315.0091515896332,57.49999998013179,372.509151569765,164.59836405345717,0.39112903413833194,92,91.0,0.4371384140470939,-0.04761904761906521,0.21856920702354696,92.0,-1.8415678975922987,-0.8333333333333428,-2.455423863456397
124.01767505098573,2025-06-26,0.48686086065329004,3.6,3600.0,138.6928806503614,8321.572839021683,2025-06-26T16:23:10+00:00,1471,7.549999990065893,0.11181187235112401,452.99999940395355,202E7581-F328-4DBF-BE77-0559D85B60E1,26,175.0,76.0,56.27011269993252,50.0,0.5131391393467091,71.16874541044236,4270.124724626541,446.4636301835486,72,2025-06-26 14:04:29+00:00,67.52413523991903,4051.4481143951416,Thursday,2025,2025-06-23,16.07151413102254,203.92848586897748,196.74994010828422,0.5962388223605083,0.6081429699363636,0.6303314500768376,0.41640477282093175,0.8113505994228895,z1_under_60,z2_60_70,z2_60_70,z1_under_60,lthr_z1_under_85,8105.0,2.079086983343615,3.5321366531557614,1.0,57.56666666666667,77.51666666666667,0.4261566933991363,0.5738433066008637,z1,77.51666666666667,0.5738433066008637,13.9,0.10289944478716842,17.133333333333333,0.12683528685996298,11.333333333333334,0.08389882788402221,12.4,0.09179518815545959,2.8,0.020727945712523135,0.4043806741204662,z1,1.0,2.079086983343615,7.549999990065893,0.11181187235112448,56.0847205731025,288.3545628425959,37.74999995032947,326.1045627929254,90.5846007758126,0.4537265569347187,131,130.0,1.7084271500175383,-2.2839826839826856,0.8542135750087692,131.0,-5.441725391481157,-1.5999999999999943,-7.255633855308207
125.63347457627118,2025-06-27,0.392611460992965,1.828800048828125,1828.800048828125,93.4652069846789,5607.912419080734,2025-06-27T01:40:52+00:00,944,3.316666666666667,0.09038344293731301,199.0,C4B61B76-747B-4D3A-97F3-EB2BAE90D1C1,26,176.0,78.0,60.19604738600943,22.86,0.607388539007034,56.76969551841418,3406.1817311048508,229.75850443953175,36,2025-06-27 00:07:24+00:00,36.695511466264726,2201.7306879758835,Friday,2025,2025-06-23,16.074252038029528,203.92574796197047,196.74802357337933,0.604007089308996,0.6160746047610438,0.638550122611091,0.42821365191706634,0.8219215112937063,z2_60_70,z2_60_70,z2_60_70,z1_under_60,lthr_z1_under_85,5305.0,1.8976437323279924,2.99748322147651,1.0,39.733333333333334,48.68333333333333,0.44938737040527804,0.550612629594722,z1,48.68333333333333,0.550612629594722,17.783333333333335,0.20113100848256363,11.883333333333333,0.1344015080113101,5.133333333333334,0.05805843543826579,2.25,0.02544769085768143,2.683333333333333,0.030348727615457115,0.4158402452217814,z1,1.0,1.8976437323279924,3.316666666666667,0.09038344293731339,38.86659459221343,177.36366422521442,16.583333333333336,193.94699755854776,106.05150501982263,0.47914019403693914,90,85.0,3.3936185034013913,-1.0400000000000205,1.6968092517006956,84.0,-6.788374093743314,-6.087499999999999,-9.051165458324416
132.49103139013454,2025-06-30,0.444315516229401,4.274820114135742,4274.820114135742,135.005563334624,8100.333800077438,2025-06-30T16:23:05+00:00,1338,7.483235800266266,0.12475164617721601,448.99414801597595,3FFB4BB3-EBD0-4DF0-AEBD-51C1E3BF2F9F,27,185.0,73.0,42.0965549183059,22.86,0.5556844837705981,75.02049676775933,4501.229806065559,566.3753259291371,85,2025-06-30 14:08:05+00:00,59.98506656686465,3599.103994011879,Monday,2025,2025-06-30,16.082465759050493,203.91753424094952,196.74227396866465,0.6369761124525699,0.649728488937017,0.6734243165819895,0.47832464814099296,0.8667851392339748,z2_60_70,z2_60_70,z2_60_70,z1_under_60,lthr_z2_85_90,7605.0,2.8898093359631822,4.100086281276963,1.0,77.26666666666667,49.483333333333334,0.6095989480604865,0.39040105193951347,z1,49.483333333333334,0.39040105193951347,11.683333333333334,0.09217619986850756,17.033333333333335,0.13438527284681132,13.083333333333334,0.1032215647600263,22.8,0.17988165680473372,12.666666666666666,0.09993425378040763,0.4644753999300322,z2,2.0,2.8898093359631822,7.483235800266266,0.1247516461772163,62.70676302262876,390.14033733136506,37.41617900133133,427.5565163326964,100.0174287846349,0.31773135491977506,105,97.0,5.898679673924565,0.4444444444444571,2.9493398369622823,102.0,-2.8774311693626595,-3.243055555555557,-3.8365748924835477
147.35059760956176,2025-07-01,0.47631551407821504,4.7,4700.0,156.7879735012849,9407.278410077095,2025-07-01T16:45:03+00:00,1757,26.7,0.357522836585894,1602.0,6408984F-DF61-4E81-B654-5D337F8CCC7D,27,188.0,93.0,47.668432467795434,50.0,0.5236844859217841,82.10742930173873,4926.445758104324,692.5478087649402,94,2025-07-01 14:08:16+00:00,74.68054419954618,4480.832651972771,Tuesday,2025,2025-06-30,16.08520366605748,203.91479633394252,196.74035743375975,0.7084163346613546,0.7226086593944463,0.7489596925184658,0.5868656986757104,0.96399965284536,z3_70_80,z3_70_80,z3_70_80,z1_under_60,lthr_z4_95_100,9301.0,3.691215998279755,4.647770329350044,1.0,114.36666666666666,40.65,0.7377701322438448,0.26222986775615525,z6,40.65,0.26222986775615525,13.016666666666667,0.08396946564885496,17.166666666666668,0.11074078056122998,13.366666666666667,0.08622728738845285,24.35,0.1570798838834534,46.46666666666667,0.29975271476185356,0.5698623943940551,z4,4.0,3.691215998279755,26.7,0.35752283658589423,89.34756999163388,578.7382761258051,133.5,712.2382761258051,151.54005875017128,0.3235034892366271,142,140.0,3.7215833656463766,0.4166666666666572,1.8607916828231883,142.0,-1.8443559577654083,-0.8055555555555429,-2.459141277020544
144.01288244766505,2025-07-02,0.5401674250424421,1.668780044555664,1668.780044555664,53.56006528139115,3213.6039168834686,2025-07-02T01:00:24+00:00,621,4.949999996026357,0.17109436667605102,296.9999997615814,37FBA84C-D1C4-4027-9DD9-A90703434E5E,27,188.0,88.0,52.01057378869409,22.86,0.459832574957557,24.628662733236947,1477.719763994217,240.3258243876041,33,2025-07-02 00:06:51+00:00,28.931402548154196,1735.8841528892517,Wednesday,2025,2025-06-30,16.08794157306447,203.91205842693552,196.73844089885486,0.6923696271522358,0.7062499567639196,0.7320017470388691,0.5624989013569155,0.9421635944271189,z2_60_70,z3_70_80,z3_70_80,z1_under_60,lthr_z3_90_95,3183.0,3.50109959158027,4.384778911564626,1.0,39.2,13.85,0.7389255419415646,0.26107445805843543,z1,13.85,0.26107445805843543,4.616666666666666,0.08702481935281181,7.966666666666667,0.15017279296261388,7.266666666666667,0.13697769399937165,6.416666666666667,0.12095507382972039,12.933333333333334,0.2437951617970468,0.5461906556571989,z3,3.0,3.50109959158027,4.949999996026357,0.17109436667605193,29.25400717308541,187.51912268169116,24.749999980131786,212.26912266182293,127.20018036789418,0.361152230999855,66,65.0,1.8330927816145224,-2.541666666666657,0.9165463908072612,66.0,-2.8942427361872975,0.8257575757575779,-3.858990314916397
134.74496644295303,2025-07-02,0.5618537671679741,1.8973800506591791,1897.3800506591797,99.32538838386536,5959.523303031921,2025-07-02T15:42:57+00:00,1043,13.699999998013178,0.245491804420318,821.9999998807907,80F72575-8945-4041-A5E6-4A910EF9676B,27,181.0,82.0,88.23695118883896,22.86,0.43814623283202503,43.51904474496841,2611.142684698105,255.6624112555997,37,2025-07-02 14:03:37+00:00,55.80634363889694,3348.3806183338165,Wednesday,2025,2025-06-30,16.08794157306447,203.91205842693552,196.73844089885486,0.6478123386680434,0.6607994028525488,0.6848939425733618,0.49480642699639055,0.881530872496695,z2_60_70,z2_60_70,z2_60_70,z1_under_60,lthr_z2_85_90,5613.0,2.7518261179404955,4.096032745591939,1.0,52.93333333333333,40.61666666666667,0.5658293247817566,0.4341706752182434,z1,40.61666666666667,0.4341706752182434,10.95,0.11704970603955105,10.483333333333333,0.1120612862996615,7.733333333333333,0.08266524140388384,10.066666666666666,0.10760734010333155,13.7,0.1464457509353287,0.4804607549145605,z2,2.0,2.7518261179404955,13.699999998013178,0.2454918044203186,47.72195108509386,273.3261979293042,68.49999999006589,341.8261979193701,180.15694736571854,0.6548441364315886,83,81.0,3.1809132867709864,8.027777777777771,1.5904566433854932,76.0,-6.421251685291579,-4.1555555555555515,-8.561668913722103
139.94716088328076,2025-07-03,0.5482789064571311,2.331720062255859,2331.7200622558594,117.70578428109486,7062.347056865692,2025-07-03T16:02:14+00:00,1268,10.533262433608373,0.16321631235369402,631.9957460165024,47C41CFF-100C-4649-A8F8-E5D6062D340F,27,184.00000000000003,76.0,83.03174948052947,22.86,0.45172109354286805,53.17018559177716,3190.21113550663,326.3176026872942,46,2025-07-03 14:04:31+00:00,64.53559868931771,3872.135921359062,Thursday,2025,2025-06-30,16.090679480071458,203.90932051992854,196.73652436394997,0.6728228888619268,0.6863205689982347,0.7113430581115049,0.5328136945407056,0.9155647598094436,z2_60_70,z2_60_70,z3_70_80,z1_under_60,lthr_z3_90_95,6792.0,3.1853651354534747,4.159429544487016,1.0,78.3,34.9,0.691696113074205,0.3083038869257951,z1,34.9,0.3083038869257951,11.883333333333333,0.10497644287396937,15.85,0.14001766784452296,13.133333333333333,0.1160188457008245,22.766666666666666,0.20111896348645467,14.666666666666666,0.12956419316843346,0.5173557509452537,z3,3.0,3.1853651354534747,10.533262433608373,0.16321631235369474,60.895764417345866,374.9359014902072,52.66631216804186,427.60221365824907,183.38488422343403,0.5933078524528262,153,150.0,4.480724154812745,1.7043478260869733,2.2403620774063726,152.0,-1.8874660394032499,-2.7777777777777715,-2.5166213858709994
141.609529343405,2025-07-07,0.556998177366539,4.55,4550.0,147.98638730049134,8879.18323802948,2025-07-07T16:31:52+00:00,1721,18.066653525829317,0.21918063142114202,1083.999211549759,6F4EA4D3-A5EA-4833-A20F-3C59B03029F9,28,187.0,82.0,54.3482294514939,50.0,0.44300182263346005,65.55823929905891,3933.494357943535,644.3233585124927,91,2025-07-07 14:03:53+00:00,82.42814800143242,4945.688880085945,Monday,2025,2025-07-07,16.10163110809941,203.8983688919006,196.72885822433042,0.6808150449202164,0.6945103588272507,0.7198208266014907,0.5449994031873318,0.92644033577899,z2_60_70,z2_60_70,z3_70_80,z1_under_60,lthr_z3_90_95,8868.0,3.3271312584573747,4.332310673340869,1.0,103.21666666666667,44.583333333333336,0.6983536310329274,0.30164636896707264,z1,44.583333333333336,0.30164636896707264,16.566666666666666,0.11208840775823184,18.133333333333333,0.12268831754623365,13.833333333333334,0.09359494812810104,23.8,0.16102841677943167,30.883333333333333,0.20895354082092918,0.5291455981801773,z3,3.0,3.3271312584573747,18.066653525829317,0.2191806314211422,78.30634543064188,492.37013501364424,90.33326762914658,582.7034026427908,128.06668189951446,0.38378935163112304,151,150.0,2.043039536698576,-1.5100000000000051,1.021519768349288,151.0,-1.0268094852562988,-0.19999999999998863,-1.369079313675065
139.51816443594646,2025-07-08,0.5131673301312191,3.5,3500.0,151.74766228199005,9104.859736919403,2025-07-08T16:41:15+00:00,523,24.0,0.308198295377477,1440.0,40440D82-0247-4857-923D-8C1D81EB375D,28,175.0,103.0,66.74737946305956,50.0,0.48683266986878004,73.87571957508723,4432.543174505234,488.3135755258126,70,2025-07-08 14:09:30+00:00,77.87194270690283,4672.316562414169,Tuesday,2025,2025-07-07,16.1043690151064,203.89563098489361,196.72694168942553,0.6707604059420503,0.6842626483069821,0.7091970384829392,0.529733227526807,0.9127581717601847,z2_60_70,z2_60_70,z3_70_80,z1_under_60,lthr_z3_90_95,3469.0,3.09051599884693,4.3144424131627055,1.0,36.46666666666667,21.35,0.630729316805996,0.369270683194004,z1,21.35,0.369270683194004,4.416666666666667,0.07639089074661286,5.383333333333334,0.09311040645719228,7.966666666666667,0.13779187085615452,11.716666666666667,0.20265206111271258,6.983333333333333,0.12078408763332373,0.514313222949975,z3,3.0,3.09051599884693,24.0,0.30819829537747695,78.04582926337466,468.97857807011104,120.0,588.9785780701111,168.27959373431744,0.4784135437339676,117,48.0,2.285144993081776,5.261413043478271,1.142572496540888,48.0,-3.1749591893613633,-4.645833333333329,-4.233278919148485
136.10495626822157,2025-07-09,0.418392495610303,3.65,3650.0,150.20605346560478,9012.363207936287,2025-07-09T16:38:59+00:00,1715,9.933283330996831,0.15805982666192,595.9969998598099,1D15371D-D45E-4B29-AE8E-C6627058335A,28,187.0,74.0,51.65349498513627,50.0,0.581607504389696,87.36096790035566,5241.658074021339,496.78309037900874,73,2025-07-09 14:08:47+00:00,62.84508556524913,3770.7051339149475,Wednesday,2025,2025-07-07,16.107106922113392,203.8928930778866,196.72502515452064,0.6543507512895268,0.667531634936534,0.6918538003048462,0.5048104011426189,0.8904282216808902,z2_60_70,z2_60_70,z2_60_70,z1_under_60,lthr_z2_85_90,8917.0,2.867107771672087,4.093459680416202,1.0,89.7,58.916666666666664,0.6035662218234832,0.39643377817651676,z1,58.916666666666664,0.39643377817651676,17.233333333333334,0.11595828193338567,14.45,0.09723001009308063,17.45,0.11741617135808007,23.833333333333332,0.16036783671638444,16.733333333333334,0.11259392172255243,0.49010607282426644,z2,2.0,2.867107771672087,9.933283330996831,0.15805982666192037,73.61689897845936,430.6569432434285,49.666416654984154,480.32335989841266,131.59544106805828,0.3795122264566391,128,127.0,2.3247871433889515,0.7753623188405641,1.1623935716944758,128.0,-2.9822625519483545,-0.2902777777777743,-3.9763500692644724
139.33365477338475,2025-07-10,0.5138532749539481,3.9,3900.0,118.15983668367068,7089.590201020241,2025-07-10T16:05:04+00:00,1037,16.866666668653487,0.277792330578772,1012.0000001192093,DABFF5C1-FB60-4480-879C-6DDE868E4E74,28,177.0,89.0,46.705245421482964,50.0,0.48614672504605105,57.44301763574283,3446.5810581445694,543.4012536162005,78,2025-07-10 14:06:55+00:00,60.716819047927856,3643.0091428756714,Thursday,2025,2025-07-07,16.10984482912038,203.8901551708796,196.72310861961574,0.6698733402566575,0.6833760789313722,0.7082729413492577,0.5284065510999739,0.9115510694237056,z2_60_70,z2_60_70,z3_70_80,z1_under_60,lthr_z3_90_95,5927.0,3.074067825206681,4.074018504626157,1.0,66.65,32.13333333333333,0.674708959001181,0.32529104099881895,z1,32.13333333333333,0.32529104099881895,11.766666666666667,0.11911591024126877,10.3,0.10426860131601147,13.333333333333334,0.13497553568415724,23.733333333333334,0.2402564535177999,7.516666666666667,0.07609245824194365,0.5130046437828706,z3,3.0,3.074067825206681,16.866666668653487,0.2777923305787725,60.61654492734864,363.23135218094814,84.33333334326744,447.5646855242156,114.76017577543989,0.3352043373687813,121,102.0,3.033088395454123,2.8402777777777715,1.5165441977270615,103.0,-1.1652862729878366,-1.8055555555555713,-1.5537150306504486
132.0183486238532,2025-07-11,0.460027214153276,0.45,450.0,19.382528162002565,1162.9516897201538,2025-07-11T14:25:17+00:00,218,2.55,0.285986960787507,153.0,FE11C9D9-068B-4CBC-A3A1-F825F4B02984,28,175.0,86.0,59.443269557423065,50.0,0.539972785846723,10.466037728389104,627.9622637033463,59.408256880733944,9,2025-07-11 14:05:54+00:00,8.91649043361346,534.9894260168076,Friday,2025,2025-07-07,16.11258273612737,203.88741726387263,196.72119208471085,0.6347035991531403,0.6475061109484459,0.6710936794598331,0.47497680885102694,0.8636927457860122,z2_60_70,z2_60_70,z2_60_70,z1_under_60,lthr_z2_85_90,1128.0,2.3129432624113475,3.4560530679933663,1.0,10.05,8.75,0.5345744680851063,0.4654255319148936,z1,8.75,0.4654255319148936,3.95,0.21010638297872342,2.3666666666666667,0.12588652482269502,0.45,0.023936170212765957,1.7666666666666666,0.09397163120567376,1.5166666666666666,0.08067375886524823,0.4611230398854837,z2,2.0,2.3129432624113475,2.55,0.2859869607875077,8.93773030672862,44.830687920802035,12.75,57.580687920802035,127.95708426844897,0.45026521068513653,13,11.0,-6.376665637831647,-13.708333333333314,-3.1883328189158235,13.0,-1.012176832829,1.7083333333333428,-1.3495691104386665
138.12747875354108,2025-07-12,0.38203911041319805,3.15,3150.0,130.4099978327751,7824.599869966507,2025-07-12T16:49:29+00:00,1412,12.264583335320156,0.24616941051781102,735.8750001192093,63DE59A2-CEC2-4BF8-8BE9-30B6E71D952B,28,188.0,78.0,47.449256724781456,50.0,0.6179608895868011,80.58827827175459,4835.296696305275,435.1015580736544,63,2025-07-12 14:39:04+00:00,49.82171956102054,2989.303173661232,Saturday,2025,2025-07-07,16.115320643134357,203.88467935686563,196.71927554980596,0.6640744170843321,0.6774784608105463,0.7021552838047616,0.5196160672452464,0.9036600036033914,z2_60_70,z2_60_70,z3_70_80,z1_under_60,lthr_z3_90_95,7581.0,2.9117530668777207,4.115434221840069,1.0,77.53333333333333,48.81666666666667,0.6136393615617992,0.3863606384382008,z1,48.81666666666667,0.3863606384382008,19.3,0.15275029679461813,13.983333333333333,0.11067141538055665,6.366666666666666,0.05038913072154069,14.233333333333333,0.11265004616805172,23.65,0.18717847249703207,0.5044502039258233,z3,3.0,2.9117530668777207,12.264583335320156,0.24616941051781174,65.78535000070957,379.72171114109983,61.32291667660078,441.0446278177006,140.0141675611748,0.34351786590881384,108,103.0,4.087859283612322,1.3768115942029056,2.043929641806161,107.0,-6.760669160495868,-6.819444444444429,-9.014225547327824
132.16026058631923,2025-07-14,0.47347702319821305,2.7,2700.0,137.3075775663058,8238.454653978348,2025-07-14T16:26:48+00:00,1535,9.91666665673256,0.152535981608342,594.9999994039536,CEECB1F9-70FA-4967-8911-BF5EBBA49372,29,183.0,80.0,72.23553676516921,50.0,0.5265229768017861,72.29559447765351,4337.73566865921,356.8327035830619,54,2025-07-14 14:09:30+00:00,65.01198308865229,3900.7189853191376,Monday,2025,2025-07-14,16.120796457148334,203.87920354285166,196.71544247999617,0.6353858682034578,0.6482282561916207,0.6718347015372649,0.47604207870715753,0.8646211647050474,z2_60_70,z2_60_70,z2_60_70,z1_under_60,lthr_z2_85_90,8151.0,2.510244141823089,3.747154652979246,1.0,74.68333333333334,61.166666666666664,0.5497484971169182,0.45025150288308186,z1,61.166666666666664,0.45025150288308186,22.766666666666666,0.16758679916574654,14.15,0.104158998895841,9.25,0.06808980493191019,16.233333333333334,0.11949454054717212,12.283333333333333,0.09041835357624832,0.46212950770439165,z2,2.0,2.510244141823089,9.91666665673256,0.1525359816083428,63.453883224799476,344.67554221373854,49.583333283662796,394.25887549740133,146.02180573977827,0.5465753203323117,96,95.0,5.588587359487034,1.6333333333333542,2.794293679743517,96.0,-6.343523912059736,-4.541666666666671,-8.458031882746315
138.00593031875462,2025-07-15,0.5361811006753351,2.85,2850.0,120.61844043334325,7237.106426000595,2025-07-15T16:34:19+00:00,1349,6.383333335320155,0.09870117276460501,383.0000001192093,6945CEDC-510A-4EE1-B37F-EA92BF905729,29,193.0,83.0,68.07718752978141,50.0,0.463818899324664,55.945112280050914,3356.706736803055,393.3169014084507,57,2025-07-15 14:33:42+00:00,64.67332815329233,3880.3996891975403,Tuesday,2025,2025-07-14,16.123534364155322,203.87646563584468,196.71352594509128,0.6634900496093972,0.6769095681953543,0.7015579109556314,0.5187592329251367,0.902864807310747,z2_60_70,z2_60_70,z3_70_80,z1_under_60,lthr_z3_90_95,7165.0,3.01884159106769,4.4605263157894735,1.0,69.66666666666667,49.75,0.5833914863921842,0.41660851360781576,z1,49.75,0.41660851360781576,10.466666666666667,0.08764829030006978,10.316666666666666,0.08639218422889045,7.9,0.06615491974877878,18.633333333333333,0.15603628750872295,22.35,0.18715980460572226,0.5035881582890399,z3,3.0,3.01884159106769,6.383333335320155,0.09870117276460587,60.74201827352359,364.12796462989735,31.916666676600776,396.0446313064981,138.96302852859583,0.49329175472780323,101,100.0,2.549508383956869,0.9491666666666703,1.2747541919784344,101.0,-2.158734555876278,-3.666666666666657,-2.8783127411683695
118.76110562685093,2025-07-16,0.27723830661450405,1.05,1050.0,90.9756720006466,5458.5403200387955,2025-07-16T17:32:32+00:00,1013,8.599999998013178,0.34097296132980104,515.9999998807907,BEB35005-5E23-4F9A-8BCC-D568D88E311B,29,183.0,68.0,72.06268928164528,50.0,0.722761693385495,65.75373075207075,3945.2238451242447,124.69916090819349,21,2025-07-16 16:01:34+00:00,25.221941248575845,1513.3164749145508,Wednesday,2025,2025-07-14,16.12627227116231,203.87372772883768,196.71160941018638,0.5709668539752448,0.5825228534831579,0.6037320622963755,0.37816684389129473,0.7769609791415351,z1_under_60,z1_under_60,z2_60_70,z1_under_60,lthr_z1_under_85,5399.0,2.0053713650676053,4.032402234636871,1.0,29.833333333333332,60.15,0.3315428783107983,0.6684571216892017,z1,60.15,0.6684571216892017,8.566666666666666,0.09520281533617336,5.55,0.061678088534913876,1.55,0.017225412113354325,4.683333333333334,0.05204667531024264,9.483333333333333,0.1053898870161141,0.3671000399067442,z1,1.0,2.0053713650676053,8.599999998013178,0.34097296132980154,33.39717282198024,182.4400075478794,42.99999999006589,225.4400075379453,214.7047690837574,0.6067869518499369,36,35.0,9.236998016597951,14.027777777777771,4.618499008298976,36.0,-12.596920094590935,-14.228070175438603,-16.79589345945458
125.27141774071266,2025-07-22,0.5943783837505291,3.0,3000.0,123.15124559998512,7389.074735999107,2025-07-22T16:33:59+00:00,1319,21.333333331346513,0.291445197766101,1279.9999998807907,DFB1CAB5-BC3A-4A14-8D87-B9EE17AC9F38,30,165.0,67.0,73.19843831658363,50.0,0.40562161624947,49.95280728340149,2997.1684370040894,375.814253222138,60,2025-07-22 14:30:50+00:00,73.19843831658363,4391.906298995018,Tuesday,2025,2025-07-21,16.14269971320424,203.85730028679575,196.70011020075702,0.602266431445734,0.6145054288685032,0.6368650104611407,0.4257823120768867,0.8195528567415644,z2_60_70,z2_60_70,z2_60_70,z1_under_60,lthr_z1_under_85,7049.0,2.2594694282877006,3.518581560283688,1.0,58.75,58.733333333333334,0.5000709320470988,0.4999290679529011,z1,58.733333333333334,0.4999290679529011,11.75,0.10001418640941978,18.383333333333333,0.15647609590012768,15.683333333333334,0.13349411264009078,12.266666666666667,0.1044119733295503,0.6666666666666666,0.005674563767910342,0.41327246624618913,z1,1.0,2.2594694282877006,21.333333331346513,0.29144519776610167,50.895018990396,278.25647448871655,106.66666665673256,384.9231411454491,128.3077137151497,0.584318750731233,95,91.0,0.8808778272154444,-0.3149999999999977,0.4404389136077222,95.0,-0.9897165444121353,-0.48749999999999716,-1.3196220592161803
134.74137931034483,2025-07-23,0.44225234781126505,1.737360046386718,1737.3600463867188,74.61911408305168,4477.146844983101,2025-07-23T15:53:27+00:00,812,14.616666666666667,0.44292287195928104,877.0,BE3D7FCA-04E8-4F52-8634-31C496878569,30,176.0,71.0,56.98383325343378,22.86,0.557747652188734,41.61863568822543,2497.1181412935257,234.09428900883114,34,2025-07-23 14:38:50+00:00,33.00047839482625,1980.0287036895752,Wednesday,2025,2025-07-21,16.14543762021123,203.85456237978877,196.69819366585213,0.6477950928381963,0.6609681811257014,0.6850158448289637,0.4949880963584824,0.881507404695104,z2_60_70,z2_60_70,z2_60_70,z1_under_60,lthr_z2_85_90,4369.0,2.9244678416113525,4.237581825182903,1.0,43.28333333333333,29.533333333333335,0.5944151979858091,0.4055848020141909,z1,29.533333333333335,0.4055848020141909,6.6,0.09063859006637674,7.3,0.1002517738612955,8.883333333333333,0.12199588006408789,10.216666666666667,0.1403067063401236,10.283333333333333,0.14122224765392538,0.4804353142577647,z2,2.0,2.9244678416113525,14.616666666666667,0.4429228719592816,35.84965752412693,218.22119950541344,73.08333333333334,291.3045328387468,167.6707907751123,0.4229126460267638,69,65.0,3.991367550295338,2.9166666666666714,1.995683775147669,69.0,-4.4248901310106215,-2.694444444444443,-5.8998535080141625
119.34593993325917,2025-07-24,0.591327919401741,1.7602200469970701,1760.2200469970703,86.47963593204817,5188.77815592289,2025-07-24T16:07:08+00:00,899,11.749999998013179,0.22977121953749602,704.9999998807907,70DB6C0B-7B11-4897-9ED8-FC021D8E63BA,30,172.0,73.0,87.15584725936802,22.86,0.40867208059825905,35.34181274573008,2120.508764743805,210.07511599823098,35,2025-07-24 14:40:40+00:00,51.13782318631808,3068.269391179085,Thursday,2025,2025-07-21,16.148175527218218,203.85182447278177,196.69627713094724,0.5737785573714383,0.5854543624611719,0.6067524087088167,0.3825008554684645,0.7807870923538035,z1_under_60,z1_under_60,z2_60_70,z1_under_60,lthr_z1_under_85,4849.0,1.9494741183749227,4.199444058373871,1.0,23.983333333333334,56.833333333333336,0.2967622190142297,0.7032377809857703,z1,56.833333333333336,0.7032377809857703,4.65,0.057537636626108474,2.7,0.03340895029903073,4.016666666666667,0.049700969272014846,8.45,0.10455764075067024,4.166666666666667,0.051557022066405445,0.3712478009451005,z1,1.0,1.9494741183749227,11.749999998013179,0.22977121953749666,32.10537466630578,168.5898120160139,58.749999990065895,227.3398120060798,129.1542000069371,0.7302791138777528,54,45.0,3.0479079441760586,0.3083333333333229,1.5239539720880293,46.0,-2.3114436372589955,-0.5933333333333408,-3.0819248496786598
126.12947976878613,2025-08-05,0.46993384567371904,3.55,3550.0,148.8873666505019,8933.241999030113,2025-08-05T21:20:18+00:00,1730,13.983333333333333,0.199855514851523,839.0,2D815ED3-9E9E-4E05-B9E0-76E930233BBB,32,175.0,68.0,59.127222069552246,25.0,0.53006615432628,78.9201538681984,4735.209232091904,447.75965317919076,71,2025-08-05 18:51:25+00:00,69.96721278230349,4198.0327669382095,Tuesday,2025,2025-08-04,16.18103041130208,203.8189695886979,196.67327871208855,0.6063917296576256,0.6188309165889346,0.6413147764390912,0.4321731112764541,0.8251664851258509,z2_60_70,z2_60_70,z2_60_70,z1_under_60,lthr_z1_under_85,8915.0,2.353337072349972,3.727786570201221,1.0,73.71666666666667,74.86666666666666,0.4961301177790241,0.5038698822209758,z1,74.86666666666666,0.5038698822209758,15.033333333333333,0.10117779024116658,18.916666666666668,0.12731351654514864,18.316666666666666,0.12327537857543466,13.983333333333333,0.09411104879416714,7.466666666666667,0.050252383623107126,0.41935801254458244,z1,1.0,2.353337072349972,13.983333333333333,0.19985551485152311,62.43711017155102,350.38215954318895,69.91666666666666,420.29882620985563,118.39403555207201,0.468781938829377,157,156.0,2.230413049676669,1.3453947368421098,1.1152065248383345,157.0,-2.7237358991122806,-2.1599999999999966,-3.6316478654830413
139.558799675588,2025-08-14,0.460629124831878,2.5146000671386712,2514.600067138672,109.69232495029767,6581.53949701786,2025-08-14T01:54:42+00:00,1233,13.916666662693023,0.27542768333435,834.9999997615814,31825C71-A8F1-4366-AAD8-078E536118C5,33,176.0,97.0,60.28093330180031,22.86,0.539370875168121,59.16484530766805,3549.890718460083,350.9345670340261,50,2025-08-14 00:05:01+00:00,50.52747964262962,3031.6487785577774,Thursday,2025,2025-08-11,16.205671574364978,203.79432842563503,196.6560298979445,0.6709557676710962,0.6848021765557293,0.7096593974159483,0.5304225731480736,0.9130240163345755,z2_60_70,z2_60_70,z3_70_80,z1_under_60,lthr_z3_90_95,6522.0,3.000306654400491,3.901690391459075,1.0,74.93333333333334,33.766666666666666,0.6893590923029745,0.31064090769702546,z1,33.766666666666666,0.31064090769702546,12.733333333333333,0.11714198098742717,18.1,0.16651333946642136,15.65,0.14397424103035877,20.7,0.19043238270469182,7.75,0.07129714811407543,0.5146014161389221,z3,3.0,3.000306654400491,13.916666662693023,0.2754276833343503,56.447825758994,329.1106124850391,69.58333331346512,398.6939457985042,158.55163252746294,0.43193932193402784,113,112.0,3.679672524742656,1.6000000000000085,1.839836262371328,113.0,-3.7593785644729447,-1.8611111111111143,-5.012504752630592
150.39597780859916,2025-08-14,0.46835696693032003,3.017520080566406,3017.5200805664062,125.077979717652,7504.67878305912,2025-08-15T01:30:52+00:00,1442,22.6166666607062,0.38607417713755704,1356.9999996423721,E3F35A96-7FBD-45A7-A9A5-9DBAFEA22B86,33,190.0,107.00000000000001,58.241014123759115,22.86,0.5316430330696791,66.49683650732041,3989.8101904392242,453.8228830738676,60,2025-08-14 23:25:48+00:00,58.5811432103316,3514.868592619896,Thursday,2025,2025-08-11,16.205671574364978,203.79432842563503,196.6560298979445,0.7230575856182652,0.7379792115435585,0.7647666734991436,0.6096449960199585,0.9839231923645759,z3_70_80,z3_70_80,z3_70_80,z2_60_70,lthr_z4_95_100,7436.0,3.896718665949435,4.506430083021325,1.0,102.38333333333334,21.55,0.8261161915008068,0.1738838084991931,z6,21.55,0.1738838084991931,14.35,0.1157880580957504,16.416666666666668,0.13246369015599785,14.65,0.11820871436256052,16.966666666666665,0.13690155997848305,40.0,0.32275416890801506,0.5914608355219798,z4,4.0,3.896718665949435,22.6166666607062,0.38607417713755776,73.9787263892037,487.3936982650194,113.083333303531,600.4770315685504,198.99686349588015,0.38725114176842756,138,136.0,3.3207577994966084,1.7309429700734,1.6603788997483042,136.0,-6.055483032023244,-5.617391304347819,-8.073977376030992
129.73410404624278,2025-08-15,0.494356381997237,2.560320068359375,2560.320068359375,142.9010523001353,8574.063138008118,2025-08-16T01:45:40+00:00,1384,11.36666667064031,0.16090055880675203,682.0000002384186,29952E67-F9F8-4328-8430-93E255A9D8EA,33,181.0,83.0,82.77564364516451,22.86,0.505643618002762,72.25700510144233,4335.42030608654,332.1608301402186,51,2025-08-15 23:22:46+00:00,70.64404719869296,4238.642831921577,Friday,2025,2025-08-11,16.208409481371966,203.79159051862803,196.6541133630396,0.6237216540684749,0.6366018524909846,0.6597070451648422,0.4586108240162597,0.8487487210209069,z2_60_70,z2_60_70,z2_60_70,z1_under_60,lthr_z1_under_85,7700.0,2.1033766233766236,3.405436013590034,1.0,58.86666666666667,69.46666666666667,0.4587012987012987,0.5412987012987013,z1,69.46666666666667,0.5412987012987013,24.6,0.19168831168831169,12.783333333333333,0.09961038961038961,5.866666666666666,0.045714285714285714,4.25,0.033116883116883114,11.366666666666667,0.08857142857142856,0.44492272373221825,z1,1.0,2.1033766233766236,11.36666667064031,0.1609005588067527,63.57992541357636,300.57473286402484,56.83333335320155,357.4080662172264,139.59507275441916,0.6380407392003858,116,99.0,2.5533926677947454,2.0,1.2766963338973727,100.0,-3.4464269665520892,-2.904411764705884,-4.595235955402784
140.65942591155934,2025-08-18,0.43694023092286804,3.040380081176757,3040.380081176758,124.96172348260879,7497.703408956528,2025-08-19T01:31:59+00:00,1289,18.716666668653488,0.34279104316248904,1123.0000001192093,8E32D180-2C42-4596-8685-8FD8B19A1C56,34,184.00000000000003,83.0,53.87563678605392,22.86,0.5630597690771311,70.36091916759808,4221.655150055885,427.65811677126294,60,2025-08-18 23:27:01+00:00,54.600804315010706,3276.0482589006424,Monday,2025,2025-08-18,16.21662320239293,203.78337679760708,196.64836375832496,0.6762472399594199,0.6902399406761182,0.7152839882483112,0.5385115328783721,0.9202245525156382,z2_60_70,z2_60_70,z3_70_80,z1_under_60,lthr_z3_90_95,7020.0,3.1415954415954417,4.382988298829883,1.0,74.06666666666666,42.93333333333333,0.6330484330484331,0.36695156695156694,z1,42.93333333333333,0.36695156695156694,13.433333333333334,0.11481481481481481,10.666666666666666,0.09116809116809117,7.75,0.06623931623931624,18.533333333333335,0.15840455840455842,23.683333333333334,0.20242165242165241,0.522407275968506,z3,3.0,3.1415954415954417,18.716666668653488,0.3427910431624897,65.28091356487934,392.57918086687386,93.58333334326744,486.1625142101413,159.90188766858898,0.383021873130128,113,106.0,3.4487922457201186,2.625000000000007,1.7243961228600593,108.0,-2.1453345443558716,-2.8611111111111143,-2.8604460591411613
138.25153374233128,2025-08-19,0.45924809349017304,1.920240051269531,1920.2400512695312,92.26756871541342,5536.054122924805,2025-08-20T00:54:58+00:00,978,17.643750017881395,0.416384406510713,1058.6250010728836,A985C14E-5694-40F1-8F07-6A4504380CFB,34,173.0,96.0,66.20063725185695,22.86,0.5407519065098271,49.89386369188627,2993.631821513176,265.47613224146556,38,2025-08-19 23:22:42+00:00,42.373705023527144,2542.4223014116287,Tuesday,2025,2025-08-18,16.21936110939992,203.78063889060007,196.64644722342007,0.6646708352996696,0.6784331156040384,0.7030461810746911,0.520918269721782,0.9044715983174104,z2_60_70,z2_60_70,z3_70_80,z1_under_60,lthr_z3_90_95,5243.0,2.9263780278466527,3.7701590784421284,1.0,60.766666666666666,26.616666666666667,0.695403395002861,0.30459660499713903,z1,26.616666666666667,0.30459660499713903,15.366666666666667,0.17585351897768453,11.366666666666667,0.1300781995041007,10.216666666666667,0.11691779515544536,19.5,0.22315468243372116,4.316666666666666,0.049399198931909215,0.5053300265413566,z3,3.0,2.9263780278466527,17.643750017881395,0.4163844065107136,46.62557294786631,270.00978577161703,88.21875008940697,358.228535861024,186.55403819131251,0.47884197346583907,74,71.0,2.9586328912793194,3.004830917874415,1.4793164456396597,70.0,-4.576708033716226,-3.604166666666657,-6.102277378288302
155.14285714285714,2025-08-20,1.0,0.0,0.0,2.43541708389918,146.1250250339508,2025-08-20T23:26:04+00:00,28,1.722916664679845,0.707442136326563,103.37499988079071,08D1A856-3E89-4FFF-83C3-4E7C6BA7C1C5,34,168.0,146.0,,22.86,0.0,0.0,0.0,0.0,0,2025-08-20 23:23:38+00:00,2.43541708389918,146.1250250339508,Wednesday,2025,2025-08-18,16.222099016406908,203.7779009835931,196.64453068851518,0.7458791208791209,0.761333080741411,0.7889507864757416,0.6444232329126773,1.0149783092392872,z3_70_80,z3_70_80,z3_70_80,z2_60_70,lthr_z5_100_106,142.0,4.73943661971831,4.73943661971831,,2.3666666666666667,0.0,1.0,0.0,z5,0.0,0.0,0.0,0.0,0.0,0.0,0.8333333333333334,0.352112676056338,1.3166666666666667,0.5563380281690141,0.21666666666666667,0.09154929577464789,0.6251266464032421,z5,5.0,4.73943661971831,1.7229166646798453,0.7074421363265634,1.5224441142510579,11.542504911719355,8.614583323399227,20.157088235118582,,,0,0.0,,,,0.0,,,
164.42088607594937,2025-08-22,0.5543957380873631,1.7830800476074211,1783.0800476074219,55.95793161789576,3357.4758970737457,2025-08-23T00:43:51+00:00,632,15.333102295796076,0.49425207003396104,919.9861377477646,9AC8AFF6-83BA-451F-BE0E-AAFBB5587AD6,34,193.0,128.0,52.195366398899566,22.86,0.445604261912636,24.93509281675021,1496.1055690050125,293.1756013719583,35,2025-08-22 23:47:54+00:00,31.022838801145554,1861.3703280687332,Friday,2025,2025-08-18,16.227574830420885,203.77242516957912,196.6406976187054,0.790485029211295,0.806884866483375,0.8361488138877965,0.7122845555685715,1.075677192146361,z3_70_80,z4_80_90,z4_80_90,z3_70_80,lthr_z6_106_plus,3325.0,5.301654135338346,5.331617201695942,1.0,55.03333333333333,0.38333333333333336,0.9930827067669173,0.0069172932330827065,z6,0.38333333333333336,0.0069172932330827065,2.35,0.04240601503759398,2.433333333333333,0.043909774436090225,3.2666666666666666,0.05894736842105263,13.55,0.24451127819548873,33.43333333333333,0.6033082706766917,0.6909282700421941,z6,6.0,5.301654135338346,15.333102295796076,0.49425207003396104,38.662916887892116,296.6695995669974,76.66551147898038,373.3351110459778,209.37652885910964,0.31744973308798163,69,68.0,-0.5892742743377084,-0.9083333333333314,-0.2946371371688542,69.0,0.650957011018696,-0.6347826086956445,0.8679426813582614
150.76510067114094,2025-08-25,0.47939335950930606,2.78892007446289,2788.9200744628906,88.92251402537028,5335.350841522217,2025-08-26T00:53:35+00:00,894,18.466666666666665,0.433196324791058,1108.0,FD131227-E5EB-4A5F-9B52-78B6E7A1BB67,35,189.0,104.0,45.85523600153235,22.86,0.520606640490693,46.29365129073461,2777.6190774440765,420.4718157901636,55,2025-08-25 23:24:40+00:00,42.62886273463567,2557.7317640781403,Monday,2025,2025-08-25,16.23578855144185,203.76421144855814,196.6349480139907,0.7248322147651007,0.7398998067391376,0.7667258653350568,0.6124782191476164,0.9863380744018407,z3_70_80,z3_70_80,z3_70_80,z2_60_70,lthr_z4_95_100,4828.0,3.9666528583264293,4.649171974522293,1.0,65.41666666666667,15.05,0.8129660314830157,0.18703396851698426,z6,15.05,0.18703396851698426,7.916666666666667,0.09838442419221209,8.533333333333333,0.1060480530240265,8.466666666666667,0.1052195526097763,14.166666666666666,0.176056338028169,26.333333333333332,0.3272576636288318,0.5940787281641201,z4,4.0,3.9666528583264293,18.466666666666665,0.4331963247910581,52.82697403734811,352.724744428307,92.33333333333333,445.05807776164033,159.5807932385272,0.30415020317967945,81,73.0,1.3140397095459653,1.0999999999999943,0.6570198547729826,76.0,-2.7152793008542444,-1.1583333333333314,-3.6203724011389915
131.90424616304207,2025-08-26,0.46380748480458406,3.131820083618164,3131.820083618164,138.19463846683502,8291.678308010101,2025-08-27T01:44:54+00:00,11,53.233301554123564,0.8305283377046621,3193.9980932474136,E4850E51-FE4D-4D83-8F74-029EB98F4EF8,35,151.2460045682167,108.4286657876509,61.39788299083817,22.86,0.536192515195415,74.09893078605334,4445.9358471632,413.10036724792934,62,2025-08-26 23:26:42+00:00,64.09570768078169,3845.742460846901,Tuesday,2025,2025-08-25,16.23852645844884,203.76147354155117,196.63303147908582,0.63415502963001,0.6473463499769209,0.670814283698167,0.4745798979953424,0.8629462626743374,z2_60_70,z2_60_70,z2_60_70,z1_under_60,lthr_z2_85_90,305.0,2.278688524590164,2.625,1.0,4.0,1.0833333333333333,0.7868852459016393,0.21311475409836064,z2,1.0833333333333333,0.21311475409836064,2.5,0.4918032786885246,0.5,0.09836065573770492,1.0,0.19672131147540983,0.0,0.0,0.0,0.0,0.4603138025747665,z2,2.0,2.278688524590164,53.233301554123564,0.8305283377046622,63.61289952811393,314.9025368342634,266.16650777061784,581.0690446048812,185.5371729826757,0.4654731350721376,123,0.0,,,,0.0,,,
139.8968949489283,2025-08-27,0.487715999383845,3.314700088500976,3314.7000885009766,115.29689890146255,6917.813934087753,2025-08-28T01:19:46+00:00,9,11.6,0.206287712525031,696.0,8AA94670-13DE-4013-BBEA-4F6FAB5842E8,35,167.68623481741147,128.21299910573975,50.89342091792245,22.86,0.5122840006161541,59.06475662787755,3543.885397672653,463.71625006822444,66,2025-08-27 23:24:28+00:00,56.232142273585005,3373.9285364151,Wednesday,2025,2025-08-25,16.241264365455827,203.75873563454417,196.63111494418092,0.6725812257160014,0.6865810906867981,0.7114687570613726,0.5330328231735649,0.9152359091359356,z2_60_70,z2_60_70,z3_70_80,z1_under_60,lthr_z3_90_95,245.0,2.7551020408163267,3.324324324324324,1.0,3.0833333333333335,1.0,0.7551020408163265,0.24489795918367346,z3,1.0,0.24489795918367346,1.0,0.24489795918367346,1.0833333333333333,0.2653061224489796,0.5,0.12244897959183673,0.0,0.0,0.5,0.12244897959183673,0.5169992549569382,z3,3.0,2.7551020408163267,11.6,0.20628771252503195,59.60841083090157,317.6547214632132,58.0,375.6547214632132,113.32992772600959,0.36379235533785037,120,0.0,,,,0.0,,,
142.05534024026437,2025-08-28,0.491949058715175,1.737360046386718,1737.3600463867188,70.68678203225136,4241.2069219350815,2025-08-29T00:32:34+00:00,6,46.36458333134651,1.3333004206760921,2781.8749998807907,90DE7FAB-871B-4D53-8E55-B74A7544C78E,35,153.6058823529412,133.33419602400411,60.04678642753316,22.86,0.5080509412848251,35.91248614788056,2154.7491688728333,246.8012725093068,34,2025-08-28 23:21:52+00:00,34.7742958843708,2086.4577530622482,Thursday,2025,2025-08-25,16.244002272462815,203.7559977275372,196.62919840927603,0.6829583665397325,0.6971836010943883,0.7224529286061662,0.5488266802732793,0.9293569276135604,z2_60_70,z2_60_70,z3_70_80,z1_under_60,lthr_z3_90_95,155.0,2.870967741935484,2.870967741935484,,2.5833333333333335,0.0,1.0,0.0,z2,0.0,0.0,1.0,0.3870967741935484,1.0,0.3870967741935484,0.5,0.1935483870967742,0.08333333333333333,0.03225806451612903,0.0,0.0,0.5323073775905275,z3,3.0,2.870967741935484,46.36458333134651,1.3333004206760928,37.62709557390094,202.93947099581843,231.82291665673256,434.76238765255096,250.24311371540395,0.42269995852301945,65,0.0,,,,0.0,,,
153.79437060203284,2025-09-02,0.514608837371988,3.817620101928711,3817.620101928711,117.87821791768074,7072.693075060844,2025-09-03T01:20:26+00:00,1279,17.65,0.29096041540153,1059.0,B2BF711F-2821-4F66-83D2-9196C636467A,36,198.0,101.0,47.669362891912265,22.86,0.485391162628011,57.21704524358113,3433.022714614868,587.1284807737945,76,2025-09-02 23:22:34+00:00,60.6611726740996,3639.6703604459763,Tuesday,2025,2025-09-01,16.257691807497757,203.74230819250224,196.61961573475156,0.7393960125097733,0.7548474932203233,0.7821924075444647,0.6347294538852306,1.0061562170434637,z3_70_80,z3_70_80,z3_70_80,z2_60_70,lthr_z5_100_106,6729.0,4.024966562639323,4.651121076233184,1.0,92.91666666666667,19.233333333333334,0.8285034923465596,0.17149650765344032,z6,19.233333333333334,0.17149650765344032,14.4,0.12839946500222915,11.683333333333334,0.10417595482241046,8.65,0.07712884529647793,15.383333333333333,0.13716748402437212,42.8,0.38163174320107,0.6155629120711549,z5,5.0,4.024966562639323,17.65,0.2909604154015306,72.56145909116574,474.4558855821765,88.25,562.7058855821765,147.39703547188736,0.30995518695066054,93,90.0,5.376423791876121,4.325000000000003,2.6882118959380605,92.0,-4.714507545777209,-6.860869565217385,-6.286010061036278
143.62032462949895,2025-09-03,0.44404567459305805,3.017520080566406,3017.5200805664062,131.07304478287696,7864.382686972618,2025-09-04T01:37:31+00:00,1417,18.681124673287073,0.320968185263524,1120.8674803972244,EF0CF059-9966-4710-A42D-494702DB153F,36,186.0,82.0,57.86448842519769,22.86,0.555954325406941,72.87062619129817,4372.23757147789,433.37721354697914,60,2025-09-03 23:26:27+00:00,58.2024185915788,3492.145115494728,Wednesday,2025,2025-09-01,16.260429714504745,203.73957028549526,196.61769919984667,0.6904823299495142,0.7049211129102084,0.730454710913487,0.560337614558282,0.9395953958139273,z2_60_70,z3_70_80,z3_70_80,z1_under_60,lthr_z3_90_95,7616.0,3.4181985294117645,4.216943231441048,1.0,95.41666666666667,31.516666666666666,0.7517069327731093,0.24829306722689076,z1,31.516666666666666,0.24829306722689076,18.266666666666666,0.14390756302521007,16.933333333333334,0.1334033613445378,14.083333333333334,0.11095063025210083,18.1,0.14259453781512604,28.033333333333335,0.22085084033613445,0.543406557656021,z3,3.0,3.4181985294117645,18.681124673287073,0.3209681852635246,71.22595206695665,448.0336889223524,93.40562336643536,541.4393122887877,179.43188374314195,0.402899022645104,149,144.0,0.4654557968135474,-0.875,0.2327278984067737,147.0,-3.566354593652667,-1.809523809523796,-4.755139458203556
139.53629245826488,2025-09-05,0.394165010041083,4.046220108032227,4046.2201080322266,171.84045268297194,10310.427160978317,2025-09-06T02:13:51+00:00,13,51.26668123006821,0.7568881861284811,3076.0008738040924,3155875F-A84D-4262-A149-7E1BFBB161A5,36,170.50656167979005,94.22074075593925,50.21982883935719,22.86,0.605834989958916,104.10695892572403,6246.417535543442,564.5945523448969,80,2025-09-05 23:22:00+00:00,67.73349375724793,4064.0096254348755,Friday,2025,2025-09-01,16.265905528518722,203.73409447148128,196.61386613003688,0.6708475598955043,0.6848941647211493,0.709697109388908,0.5304916285776392,0.9128767692243636,z2_60_70,z2_60_70,z3_70_80,z1_under_60,lthr_z3_90_95,365.0,3.3835616438356166,4.222222222222222,1.0,4.5,1.5833333333333333,0.7397260273972602,0.2602739726027397,z1,1.5833333333333333,0.2602739726027397,0.5,0.0821917808219178,1.0,0.1643835616438356,1.0,0.1643835616438356,1.0,0.1643835616438356,1.0,0.1643835616438356,0.5144417904841481,z3,3.0,3.3835616438356166,51.26668123006821,0.7568881861284815,88.40191015583461,581.4327645574531,256.33340615034103,837.7661707077941,207.04908490883355,0.35990513976410743,126,0.0,,,,0.0,,,
137.43747201817717,2025-09-06,0.505953492878905,1.234440032958984,1234.4400329589844,178.1074134171009,10686.444805026054,2025-09-06T18:04:28+00:00,14,102.55817548632622,1.138092839960729,6153.490529179573,B39BAFB8-87B8-490A-8BAE-CAFE1F9652D8,36,153.04612320712894,120.45234986649477,218.99986759989574,22.86,0.49404650712109405,87.9933454910914,5279.600729465485,169.65831748791814,24,2025-09-06 15:06:22+00:00,90.1140679260095,5406.84407556057,Saturday,2025,2025-09-01,16.26864343552571,203.73135656447428,196.611949595132,0.6607570770104672,0.674601467028875,0.699029089031423,0.5151522941627739,0.8991458294897968,z2_60_70,z2_60_70,z2_60_70,z1_under_60,lthr_z2_85_90,395.0,2.6835443037974684,3.180327868852459,1.0,5.083333333333333,1.5,0.7721518987341772,0.22784810126582278,z3,1.5,0.22784810126582278,1.0833333333333333,0.16455696202531644,2.5,0.379746835443038,1.0,0.1518987341772152,0.5,0.0759493670886076,0.0,0.0,0.49955653913600834,z2,2.0,2.6835443037974684,102.55817548632622,1.1380928399607293,88.97472304111318,477.95913473956193,512.7908774316311,990.750012171193,802.5906368220578,1.5934509299685846,74,0.0,,,,0.0,,,
148.01602192699974,2025-09-08,0.49425333552703504,3.65760009765625,3657.60009765625,128.7583314160506,7725.499884963036,2025-09-09T01:29:21+00:00,9,52.69995812972387,0.828104836780399,3161.997487783432,92B93937-068B-4873-A8B5-6BC0618D0F24,37,173.6028678304239,126.41761003175864,52.19753369434053,22.86,0.505746664472964,65.11909663677216,3907.1457982063293,541.3834162548839,73,2025-09-08 23:20:36+00:00,63.63923477927844,3818.3540867567062,Monday,2025,2025-09-08,16.274119249539687,203.7258807504603,196.60811652532223,0.7116154900336527,0.7265450093123001,0.7528479726213946,0.5925434269087858,0.96835300343512,z3_70_80,z3_70_80,z3_70_80,z1_under_60,lthr_z4_95_100,245.0,3.7142857142857144,4.093023255813954,1.0,3.5833333333333335,0.5,0.8775510204081632,0.12244897959183673,z5,0.5,0.12244897959183673,0.5833333333333334,0.14285714285714285,1.0,0.24489795918367346,0.0,0.0,1.5,0.3673469387755102,0.5,0.12244897959183673,0.5745817157943244,z4,4.0,3.7142857142857144,52.69995812972387,0.828104836780399,73.98218298784862,478.2452309739022,263.49979064861935,741.7450216225216,202.79554949099645,0.3526478621353836,101,0.0,,,,0.0,,,
123.90682014402525,2025-09-09,0.415097027239947,2.377440063476562,2377.4400634765625,92.55923753182093,5553.554251909256,2025-09-10T00:53:06+00:00,6,81.01440961758296,2.108593580183495,4860.864577054977,589F769D-89FB-4CEA-B3B1-0C1A772063B3,37,129.32820019249277,110.88388625844466,48.4820605153824,22.86,0.5849029727600521,54.13817318876584,3248.2903913259506,294.5810383483904,47,2025-09-09 23:20:32+00:00,38.421064343055086,2305.2638605833054,Tuesday,2025,2025-09-08,16.27685715654668,203.72314284345333,196.60619999041734,0.5957058660770445,0.6082118036007268,0.6302284472720825,0.41621936828341494,0.8106253625147279,z1_under_60,z2_60_70,z2_60_70,z1_under_60,lthr_z1_under_85,155.0,1.0,,1.0,0.0,2.5833333333333335,0.0,1.0,z1,2.5833333333333335,1.0,0.0,0.0,0.0,0.0,0.0,0.0,0.0,0.0,0.0,0.0,0.40359446910656205,z1,1.0,1.0,81.01440961758296,2.1085935801834954,37.35639633256344,92.55923753182093,405.07204808791477,497.6312856197357,209.313914266273,0.3912783853142905,88,0.0,,,,0.0,,,
140.03890220564554,2025-09-10,0.506787428262592,2.5146000671386712,2514.600067138672,83.40442918340365,5004.265751004219,2025-09-11T00:52:15+00:00,6,52.19992739359538,1.234965859101565,3131.9956436157227,BEB9F967-CAAB-41AD-80D4-1C27385B197A,37,154.06883116883122,107.11730017259221,50.42748155931989,22.86,0.493212571737407,41.136113011837004,2468.1667807102203,352.1418328883422,50,2025-09-10 23:28:51+00:00,42.268316171566646,2536.0989702939987,Wednesday,2025,2025-09-08,16.279595063553668,203.72040493644633,196.60428345551244,0.6732639529117574,0.6874073426730759,0.7122881543795738,0.5342209324174928,0.9161649514906852,z2_60_70,z2_60_70,z3_70_80,z1_under_60,lthr_z3_90_95,155.0,3.032258064516129,3.52,1.0,2.0833333333333335,0.5,0.8064516129032258,0.1935483870967742,z3,0.5,0.1935483870967742,0.0,0.0,1.5,0.5806451612903226,0.08333333333333333,0.03225806451612903,0.5,0.1935483870967742,0.0,0.0,0.5180063986215996,z3,3.0,3.032258064516129,52.19992739359538,1.234965859101565,43.204027990385164,252.9037530077401,260.9996369679769,513.903389975717,204.36784230284405,0.36009623586785694,63,0.0,,,,0.0,,,
146.46041971510223,2025-09-11,0.49184632536350004,3.177540084838867,3177.540084838867,118.94593986670176,7136.756392002106,2025-09-12T01:27:48+00:00,8,52.116613570849104,0.890834719687945,3126.996814250946,1CF6FEE5-4929-4F8A-A283-8058B1AC03FF,37,157.89883268606184,133.77227722440315,55.23435287518503,22.86,0.5081536746364991,60.442816426356636,3626.568985581398,465.383854487062,63,2025-09-11 23:28:51+00:00,58.50312344034513,3510.1874064207077,Thursday,2025,2025-09-08,16.282332970560656,203.71766702943935,196.60236692060755,0.7041366332456838,0.7189382337366801,0.7449575608326539,0.581200816555713,0.9581759154791676,z3_70_80,z3_70_80,z3_70_80,z1_under_60,lthr_z4_95_100,215.0,3.953488372093023,3.953488372093023,,3.5833333333333335,0.0,1.0,0.0,z3,0.0,0.0,0.08333333333333333,0.023255813953488372,1.5,0.4186046511627907,0.5,0.13953488372093023,1.5,0.4186046511627907,0.0,0.0,0.5635490759936329,z4,4.0,3.953488372093023,52.116613570849104,0.8908347196879451,67.031874505074,470.25139017068136,260.58306785424554,730.8344580249269,230.00007506183434,0.3771281891901444,96,0.0,,,,0.0,,,
139.2662190717682,2025-09-12,0.421561681599381,2.537460067749023,2537.4600677490234,98.31187826792399,5898.712696075439,2025-09-13T01:04:23+00:00,8,84.75209494431813,2.044952950695069,5085.125696659088,04F4AE7F-AF12-473F-A2DA-EA2164CEF92C,37,144.0914757687558,127.60333252425292,48.999219239637256,22.86,0.578438318400618,56.86735754410426,3412.0414526462555,353.3824696809993,50,2025-09-12 23:26:04+00:00,41.444520723819736,2486.671243429184,Friday,2025,2025-09-08,16.285070877567644,203.71492912243235,196.60045038570266,0.6695491301527318,0.6836328573055607,0.7083718211150957,0.528590546296898,0.9111098903989691,z2_60_70,z2_60_70,z3_70_80,z1_under_60,lthr_z3_90_95,215.0,2.5813953488372094,2.8378378378378377,1.0,3.0833333333333335,0.5,0.8604651162790697,0.13953488372093023,z3,0.5,0.13953488372093023,0.5,0.13953488372093023,2.5833333333333335,0.7209302325581395,0.0,0.0,0.0,0.0,0.0,0.0,0.5125263763955192,z3,3.0,2.5813953488372094,84.75209494431813,2.0449529506950697,50.387430725296475,253.78182529626892,423.76047472159064,677.5423000178596,267.01594583866944,0.3518385116378182,85,0.0,,,,0.0,,,
129.62156070762796,2025-09-13,0.395871224099471,0.205740005493164,205.74000549316406,22.529843668142956,1351.7906200885773,2025-09-13T15:02:55+00:00,2,10.45,1.171666946119648,627.0,5A1809B8-11B2-4F2D-8E48-047988D2204B,37,146.1540178533288,113.0891035619271,130.05127666296988,22.86,0.604128775900528,13.610926876465479,816.6556125879288,26.66834061201988,4,2025-09-13 14:40:23+00:00,8.918916791677475,535.1350075006485,Saturday,2025,2025-09-08,16.287808784574633,203.71219121542538,196.59853385079776,0.6231805803251345,0.6362975133410319,0.6593210954767351,0.45805396103227924,0.8480124380256916,z2_60_70,z2_60_70,z2_60_70,z1_under_60,lthr_z1_under_85,35.0,1.4285714285714286,4.0,1.0,0.08333333333333333,0.5,0.14285714285714285,0.8571428571428571,z1,0.5,0.8571428571428571,0.0,0.0,0.0,0.0,0.08333333333333333,0.14285714285714285,0.0,0.0,0.0,0.0,0.44412454402573026,z1,1.0,1.4285714285714286,10.45,1.1716669461196483,10.006056546084976,32.185490954489936,52.25,84.43549095448994,410.3989924181052,1.00331515801072,13,0.0,,,,0.0,,,
129.86925404540804,2025-09-13,0.40744031406629005,2.4,2400.0,134.35586553414663,8061.351932048798,2025-09-13T17:17:35+00:00,11,66.73333333532015,1.21905188248,4004.0000001192093,043BFAAC-CF8C-42F3-94FF-A6278CA4EA87,37,148.6160493820538,102.6085481675218,68.42749506235123,50.0,0.592559685933709,79.61386948426565,4776.832169055939,311.6862097089793,48,2025-09-13 15:03:14+00:00,54.74199604988098,3284.519762992859,Saturday,2025,2025-09-08,16.287808784574633,203.71219121542538,196.59853385079776,0.6243714136798464,0.6375134117921861,0.6605809896017241,0.45986574779085565,0.8496329017055526,z2_60_70,z2_60_70,z2_60_70,z1_under_60,lthr_z1_under_85,305.0,2.081967213114754,2.8333333333333335,1.0,3.0,2.0833333333333335,0.5901639344262295,0.4098360655737705,z1,2.0833333333333335,0.4098360655737705,1.0,0.19672131147540983,1.5,0.29508196721311475,0.5,0.09836065573770492,0.0,0.0,0.0,0.0,0.44588123436459604,z1,1.0,2.081967213114754,66.73333333532015,1.2190518824800003,59.90675916848898,279.7245069317479,333.66666667660076,613.3911736083487,255.5796556701453,0.5268952652829278,77,0.0,,,,0.0,,,
154.83895738454723,2025-09-15,0.45795961445932404,3.5204400939941403,3520.4400939941406,111.08974628249804,6665.3847769498825,2025-09-16T01:24:38+00:00,9,16.033333333333335,0.315153885369423,962.0,D12347FE-5C0C-4F98-BD41-36E153600989,38,176.17898627243932,136.00622406639002,43.353628540399455,22.86,0.542040385540675,60.21512890458107,3612.907734274864,545.1012736888101,70,2025-09-15 23:33:32+00:00,50.87461737791697,3052.4770426750183,Monday,2025,2025-09-15,16.29328459858861,203.7067154014114,196.59470078098798,0.7444180643487848,0.7601072801131347,0.7876049393469775,0.6425357900423987,1.0129901309335108,z3_70_80,z3_70_80,z3_70_80,z2_60_70,lthr_z5_100_106,245.0,4.816326530612245,4.816326530612245,,4.083333333333333,0.0,1.0,0.0,z5,0.0,0.0,0.08333333333333333,0.02040816326530612,0.0,0.0,1.0,0.24489795918367346,2.5,0.6122448979591837,0.5,0.12244897959183673,0.6229713289684201,z5,5.0,4.816326530612245,16.033333333333335,0.3151538853694237,69.20572687637241,535.0444922993784,80.16666666666667,615.211158966045,174.7540485110351,0.2799917363995768,83,0.0,,,,0.0,,,
136.8788808119491,2025-09-16,0.45797285712634805,3.268980087280273,3268.9800872802734,113.16588836709658,6789.953302025795,2025-09-17T01:19:12+00:00,9,94.3997528274854,1.821442982523644,5663.985169649124,BE3AE2C6-8BC6-4A9F-9312-510BCAE3BE24,38,144.5768025075255,124.18167028109058,47.5624541976084,22.86,0.5420271428736511,61.338983142375945,3680.3389885425568,447.4543357434715,65,2025-09-16 23:26:02+00:00,51.82690522472064,3109.614313483238,Tuesday,2025,2025-09-15,16.296022505595598,203.7039774944044,196.59278424608308,0.6580715423651399,0.6719499662970944,0.6962558739725274,0.5111693316663695,0.8954914043458068,z2_60_70,z2_60_70,z2_60_70,z1_under_60,lthr_z2_85_90,245.0,2.4693877551020407,2.7142857142857144,1.0,3.5,0.5833333333333334,0.8571428571428571,0.14285714285714285,z3,0.5833333333333334,0.14285714285714285,1.0,0.24489795918367346,2.5,0.6122448979591837,0.0,0.0,0.0,0.0,0.0,0.0,0.49559489937552553,z2,2.0,2.4693877551020407,94.3997528274854,1.8214429825236442,56.08443705803319,279.45045902895276,471.998764137427,751.4492231663797,229.87268294790096,0.3474783978030331,110,0.0,,,,0.0,,,
145.573900537646,2025-09-17,0.396316828820846,2.994660079956054,2994.6600799560547,120.93541024923324,7256.124614953995,2025-09-18T01:26:42+00:00,9,16.9,0.352606820161237,1014.0,C5FD64E8-2334-4539-97CE-D8FE27DF86E1,38,169.3225988700564,135.53364505415306,48.014202282511675,22.86,0.603683171179153,73.00667196710904,4380.400318026543,435.94434862358173,59,2025-09-17 23:25:45+00:00,47.9287382821242,2875.724296927452,Wednesday,2025,2025-09-15,16.298760412602586,203.70123958739742,196.5908677111782,0.6998745218156058,0.7146441564740108,0.7404916730492087,0.5747855745478535,0.9523761142352457,z2_60_70,z3_70_80,z3_70_80,z1_under_60,lthr_z4_95_100,245.0,3.489795918367347,3.489795918367347,,4.083333333333333,0.0,1.0,0.0,z4,0.0,0.0,1.0,0.24489795918367346,1.0833333333333333,0.2653061224489796,1.5,0.3673469387755102,0.0,0.0,0.5,0.12244897959183673,0.5572617059407519,z4,4.0,3.489795918367347,16.9,0.35260682016123773,67.3926730241324,422.0399010738548,84.5,506.5399010738548,169.14771211071414,0.3298269958088744,89,0.0,,,,0.0,,,
142.1363441928687,2025-09-18,0.497541215044257,3.497580093383789,3497.580093383789,122.49799631635348,7349.879778981209,2025-09-19T01:25:41+00:00,9,52.33305945197741,0.85865376267443,3139.9835671186447,DA52790B-9940-49FF-9C0E-D1A9015A22BE,38,160.1706021289236,125.30357142952943,52.277117578823386,22.86,0.502458784955742,61.55019438862801,3693.0116633176804,497.1332479953241,69,2025-09-18 23:23:11+00:00,60.94780192772547,3656.8681156635284,Thursday,2025,2025-09-15,16.301498319609575,203.69850168039042,196.5889511762733,0.6833478086195611,0.6977780544300971,0.7230128821706813,0.5496500932288354,0.9298868730868498,z2_60_70,z2_60_70,z3_70_80,z1_under_60,lthr_z3_90_95,245.0,3.204081632653061,3.25,1.0,4.0,0.08333333333333333,0.9795918367346939,0.02040816326530612,z3,0.08333333333333333,0.02040816326530612,1.0,0.24489795918367346,1.5,0.3673469387755102,1.0,0.24489795918367346,0.5,0.12244897959183673,0.0,0.0,0.5328818737082887,z3,3.0,3.204081632653061,52.33305945197741,0.8586537626744309,65.27696180256949,392.4935800340305,261.66529725988704,654.1588772939176,187.03185054471228,0.36779556893546617,118,0.0,,,,0.0,,,
142.60506492539065,2025-09-19,0.48491962930976906,1.8745200500488282,1874.5200500488281,56.14811723430952,3368.887034058571,2025-09-19T13:58:11+00:00,5,43.79989337523778,1.608674178204792,2627.993602514267,078FF11C-FBE3-4BA3-B4B7-D01F619F092C,38,149.45502645502643,131.18793342968291,43.57487271740888,22.86,0.51508037069023,28.920793038606643,1735.2475823163986,267.3160534411597,37,2025-09-19 13:02:02+00:00,27.22732419570287,1633.6394517421722,Friday,2025,2025-09-15,16.304236226616563,203.69576377338345,196.5870346413684,0.6856012736797628,0.7000885157535347,0.7254042220309367,0.5530900361384279,0.9329533460483633,z2_60_70,z3_70_80,z3_70_80,z1_under_60,lthr_z3_90_95,125.0,3.24,3.24,,2.0833333333333335,0.0,1.0,0.0,z4,0.0,0.0,0.5,0.24,0.5833333333333334,0.28,1.0,0.48,0.0,0.0,0.0,0.0,0.5362061342226287,z3,3.0,3.24,43.79989337523778,1.6086741782047926,30.106964886088065,181.91989983916284,218.9994668761889,400.91936671535177,213.87840941200307,0.30556328935586374,47,0.0,,,,0.0,,,
136.78107316731374,2025-09-20,0.335593122229548,2.4688800659179693,2468.8800659179688,128.04582916696867,7682.74975001812,2025-09-20T16:23:53+00:00,11,50.682998770475386,1.179461623080854,3040.9799262285233,B7D523CF-3ED1-408D-8A18-B79CFEB58B3F,38,162.2759051165181,104.34062059280399,52.21553714797843,22.86,0.664406877770451,85.0745295683543,5104.471774101257,337.69606493764803,49,2025-09-20 14:15:51+00:00,42.97129959861437,2578.2779759168625,Saturday,2025,2025-09-15,16.30697413362355,203.69302586637644,196.5851181064635,0.657601313304393,0.6715059221371807,0.6957854922326214,0.5104947580539175,0.8948515254650713,z2_60_70,z2_60_70,z2_60_70,z1_under_60,lthr_z2_85_90,305.0,3.0655737704918034,3.625,1.0,4.0,1.0833333333333333,0.7868852459016393,0.21311475409836064,z2,1.0833333333333333,0.21311475409836064,1.5,0.29508196721311475,0.5,0.09836065573770492,0.5,0.09836065573770492,1.0,0.19672131147540983,0.5,0.09836065573770492,0.49490122813697685,z2,2.0,3.0655737704918034,50.682998770475386,1.1794616230808546,63.370038112550326,392.5339353151335,253.41499385237694,645.9489291675104,261.63641486057213,0.38174533902148283,63,0.0,,,,0.0,,,
149.18746656057522,2025-09-22,0.459427023677125,3.268980087280273,3268.9800872802734,115.8636873503526,6951.821241021156,2025-09-23T01:25:43+00:00,9,58.63326166272164,1.101489016989772,3517.995699763298,143AC893-F11F-4404-A19A-2B0C0FD4B7AF,39,169.70449678523843,126.46109509819539,48.8509329610967,22.86,0.540572976322874,62.63277831872304,3757.9666991233826,487.69085745831205,65,2025-09-22 23:29:51+00:00,53.230909031629565,3193.8545418977737,Monday,2025,2025-09-22,16.31244994763753,203.68755005236247,196.58128503665372,0.7172474353873809,0.7324329175849148,0.7589098144961172,0.6012798278196567,0.9760168489736809,z3_70_80,z3_70_80,z3_70_80,z2_60_70,lthr_z4_95_100,245.0,3.9591836734693877,4.372093023255814,1.0,3.5833333333333335,0.5,0.8775510204081632,0.12244897959183673,z5,0.5,0.12244897959183673,0.08333333333333333,0.02040816326530612,1.0,0.24489795918367346,0.5,0.12244897959183673,1.5,0.3673469387755102,0.5,0.12244897959183673,0.5828898337629448,z4,4.0,3.9591836734693877,58.63326166272164,1.1014890169897722,67.53576545880884,458.72561930547766,293.16630831360817,751.8919276190859,230.0081088118971,0.32744662864330865,81,0.0,,,,0.0,,,
142.1964095615415,2025-09-23,0.511544446821962,3.840480102539062,3840.4801025390625,136.53011841575304,8191.807104945183,2025-09-24T01:46:07+00:00,10,37.17079024513563,0.5322184831498811,2230.2474147081375,C67532BE-1BCA-4C0B-981B-4E1C711F56F6,39,162.83916991230114,121.92632242068835,54.55663513529143,22.86,0.488455553178037,66.68889451622962,4001.3336709737778,546.1024815735955,76,2025-09-23 23:29:35+00:00,69.84122389952341,4190.473433971405,Tuesday,2025,2025-09-22,16.315187854644517,203.6848121453555,196.57936850174883,0.6836365844304879,0.6981198453818243,0.7233536797137308,0.5501445872535929,0.9302798337906946,z2_60_70,z2_60_70,z3_70_80,z1_under_60,lthr_z3_90_95,275.0,3.327272727272727,3.6122448979591835,1.0,4.083333333333333,0.5,0.8909090909090909,0.10909090909090909,z3,0.5,0.10909090909090909,0.5,0.10909090909090909,1.5833333333333333,0.34545454545454546,1.5,0.32727272727272727,0.0,0.0,0.5,0.10909090909090909,0.5333078692307907,z3,3.0,3.327272727272727,37.17079024513563,0.5322184831498818,72.81258653813278,454.272939456051,185.85395122567814,640.1268906817292,166.67887180525193,0.3836709752624221,150,0.0,,,,0.0,,,
141.60443585316787,2025-09-24,0.453534822419815,3.611880096435547,3611.880096435547,143.0393900990486,8582.363405942917,2025-09-25T01:53:58+00:00,11,15.883333333333333,0.24483604912415502,953.0,C9B94B92-68CF-44CD-AC5B-8AD380BCFEFA,39,178.50673575043055,108.0503144654088,53.88330397647939,22.86,0.5464651775801841,78.16604571143786,4689.962742686272,511.4582434250412,72,2025-09-24 23:30:56+00:00,64.87334438761076,3892.400663256645,Wednesday,2025,2025-09-22,16.317925761651505,203.6820742383485,196.57745196684394,0.680790556986384,0.6952228682012662,0.720349330181835,0.545824580647433,0.9264070130582137,z2_60_70,z2_60_70,z3_70_80,z1_under_60,lthr_z3_90_95,305.0,3.1639344262295084,3.4444444444444446,1.0,4.5,0.5833333333333334,0.8852459016393442,0.11475409836065574,z2,0.5833333333333334,0.11475409836065574,1.5,0.29508196721311475,1.0,0.19672131147540983,1.0,0.19672131147540983,0.5,0.09836065573770492,0.5,0.09836065573770492,0.5291094741359423,z3,3.0,3.1639344262295084,15.883333333333333,0.24483604912415563,75.68349647603353,452.56725064125214,79.41666666666666,531.9839173079188,147.2872584648968,0.38051988733143877,77,0.0,,,,0.0,,,
150.80350756177776,2025-09-25,0.5761516608236671,1.943100051879882,1943.1000518798828,52.00255819956462,3120.153491973877,2025-09-25T13:58:09+00:00,5,51.66446686784426,1.7243698682497461,3099.868012070656,615337D3-82AA-496E-AC94-C784AEC64659,39,157.51154637110008,144.1975839231975,46.2580816331696,22.86,0.423848339176332,22.041197925806046,1322.4718755483627,293.0263033669587,38,2025-09-25 13:06:09+00:00,29.96136027375857,1797.6816164255142,Thursday,2025,2025-09-22,16.320663668658494,203.67933633134152,196.57553543193904,0.7250168632777777,0.7403966955020592,0.7671529787794521,0.6131395557746869,0.9865893406324594,z3_70_80,z3_70_80,z3_70_80,z2_60_70,lthr_z4_95_100,125.0,4.04,4.04,,2.0833333333333335,0.0,1.0,0.0,z4,0.0,0.0,0.0,0.0,0.5,0.24,1.0,0.48,0.5833333333333334,0.28,0.0,0.0,0.5943511174594167,z4,4.0,4.04,51.66446686784426,1.7243698682497468,30.907778576659585,210.09033512624106,258.3223343392213,468.4126694654624,241.06461682829422,0.3067440696909496,63,0.0,,,,0.0,,,
136.56970168973046,2025-09-29,0.45160870712530504,3.8633401031494143,3863.340103149414,121.30075211723646,7278.045127034187,2025-09-30T01:31:18+00:00,8,68.78313700755437,1.25561408433598,4126.988220453262,3C80246F-ED21-46B3-9267-F26935812930,40,153.26811594325585,116.40035906856751,42.5386901290427,22.86,0.548391292874695,66.52027628024419,3991.2165768146515,527.615205413088,77,2025-09-29 23:30:00+00:00,54.78047583699227,3286.828550219536,Monday,2025,2025-09-29,16.331615296686447,203.66838470331356,196.5678692923195,0.6565851042775503,0.6705493436729189,0.6947712369341262,0.5090401985854723,0.8934686872932738,z2_60_70,z2_60_70,z2_60_70,z1_under_60,lthr_z2_85_90,215.0,2.813953488372093,3.6,1.0,2.5,1.0833333333333333,0.6976744186046512,0.3023255813953488,z1,1.0833333333333333,0.3023255813953488,0.5,0.13953488372093023,0.5,0.13953488372093023,1.0,0.27906976744186046,0.5,0.13953488372093023,0.0,0.0,0.49340213964347845,z2,2.0,2.813953488372093,68.78313700755437,1.2556140843359809,59.85005063500767,341.3346745624561,343.9156850377719,685.250359600228,177.37251738246096,0.31147970305804257,75,0.0,,,,0.0,,,
139.7706171914637,2025-09-30,0.39584635731637,1.805940048217773,1805.9400482177734,72.04879283308983,4322.92756998539,2025-10-01T00:34:44+00:00,5,32.35,1.13428169506338,1941.0,242786CB-D197-4807-93D2-8F8C124DE963,40,158.680316091954,118.27089783731282,47.37740694133148,22.86,0.604153642683629,43.52854064106941,2611.7124384641647,252.41735515017993,36,2025-09-30 23:22:41+00:00,28.520252192020415,1711.215131521225,Tuesday,2025,2025-09-29,16.334353203693436,203.66564679630656,196.5659527574146,0.6719741211128063,0.6862748793921707,0.7110621917517782,0.5324719042227543,0.914409772585879,z2_60_70,z2_60_70,z3_70_80,z1_under_60,lthr_z3_90_95,125.0,3.0,3.6315789473684212,1.0,1.5833333333333333,0.5,0.76,0.24,z1,0.5,0.24,0.5,0.24,0.08333333333333333,0.04,0.5,0.24,0.5,0.24,0.0,0.0,0.5161036680245653,z3,3.0,3.0,32.35,1.1342816950633803,37.18464625789968,216.1463784992695,161.75,377.89637849926953,209.25189563861986,0.3389654270212737,46,0.0,,,,0.0,,,
133.0666387071091,2025-10-01,0.44036307699353106,3.566160095214843,3566.1600952148438,164.28806001543998,9857.2836009264,2025-10-02T02:07:05+00:00,11,19.299949326117833,0.266771401121877,1157.99695956707,CB34DCBF-B72A-4FEA-9CD6-B50ED6894137,40,163.9376074718067,106.18349190668062,60.86075248172945,22.86,0.5596369230064681,91.94166439374288,5516.499863624573,474.53693696166334,71,2025-10-01 23:22:48+00:00,72.34639562169711,4340.7837373018265,Wednesday,2025,2025-09-29,16.337091110700424,203.6629088892996,196.5640362225097,0.6397434553226399,0.6533670732329425,0.676963300430391,0.4834277218599579,0.8705508874748406,z2_60_70,z2_60_70,z2_60_70,z1_under_60,lthr_z2_85_90,305.0,2.5737704918032787,3.0,1.0,4.0,1.0833333333333333,0.7868852459016393,0.21311475409836064,z2,1.0833333333333333,0.21311475409836064,2.0,0.39344262295081966,1.0,0.19672131147540983,0.5,0.09836065573770492,0.0,0.0,0.5,0.09836065573770492,0.46855772132701484,z2,2.0,2.5737704918032787,19.299949326117833,0.2667714011218779,76.97843904207042,422.83976102334555,96.49974663058916,519.3395076539347,145.6298914764922,0.457370480483009,136,0.0,,,,0.0,,,
141.22248770376575,2025-10-02,0.45771866536972305,2.651760070800781,2651.7600708007812,90.268493582805,5416.1096149683,2025-10-03T00:56:59+00:00,6,64.93333333333334,1.571566924347327,3896.0,A0D32B45-4F2D-47CA-90DD-187E1E73FDC5,40,154.56136363506846,115.70015948963322,46.74356650431786,22.86,0.5422813346302761,48.95091917514801,2937.0551505088806,374.4881539920003,53,2025-10-02 23:26:43+00:00,41.317574407656984,2479.0544644594193,Thursday,2025,2025-09-29,16.339829017707412,203.66017098229258,196.56211968760482,0.6789542678065661,0.6934222190947903,0.7184623768211796,0.5431171874750761,0.9239082252052849,z2_60_70,z2_60_70,z3_70_80,z1_under_60,lthr_z3_90_95,155.0,3.7096774193548385,3.8,1.0,2.5,0.08333333333333333,0.967741935483871,0.03225806451612903,z5,0.08333333333333333,0.03225806451612903,0.5,0.1935483870967742,0.5,0.1935483870967742,0.5,0.1935483870967742,1.0,0.3870967741935484,0.0,0.0,0.526400622012523,z3,3.0,3.7096774193548385,64.93333333333334,1.5715669243473274,47.51739117012199,334.8669923233088,324.6666666666667,659.5336589899755,248.71543479829563,0.3309923742624414,81,0.0,,,,0.0,,,
125.60684503624252,2025-10-03,0.454277948011976,1.143000030517578,1143.0000305175781,35.47001746694247,2128.201048016548,2025-10-04T00:17:54+00:00,2,12.899999998013179,0.8005835321393191,773.9999998807907,E3A3C88F-127B-49B5-8CEB-0E432418CF10,40,132.54935065485432,118.66433941763071,42.29198509347844,22.86,0.545722051988023,19.356770716110866,1161.406242966652,143.5686277096419,22,2025-10-03 23:42:26+00:00,16.113246750831603,966.7948050498962,Friday,2025,2025-09-29,16.3425669247144,203.6574330752856,196.56020315269993,0.6038790626742429,0.6167555150801184,0.6390248026894003,0.42885954841516427,0.8217472950519026,z2_60_70,z2_60_70,z2_60_70,z1_under_60,lthr_z1_under_85,35.0,1.1428571428571428,2.0,1.0,0.08333333333333333,0.5,0.14285714285714285,0.8571428571428571,z1,0.5,0.8571428571428571,0.08333333333333333,0.14285714285714285,0.0,0.0,0.0,0.0,0.0,0.0,0.0,0.0,0.41565138323576256,z1,1.0,1.1428571428571428,12.899999998013179,0.8005835321393195,14.743161823531297,40.53716281936283,64.4999999900659,105.03716280942874,91.89602800086135,0.3367012767598417,23,0.0,,,,0.0,,,
135.74899041145673,2025-10-09,0.534682910346287,2.7432000732421873,2743.2000732421875,91.48822464942933,5489.293478965759,2025-10-10T01:02:33+00:00,7,53.63325470487277,1.096409145044645,3217.995282292366,1F7E3453-3272-4093-A2E7-8C0332A78538,41,152.51002506220843,91.97685835137437,53.49648831135738,22.86,0.46531708965371205,42.57103443145752,2554.262065887451,372.3866404392611,54,2025-10-09 23:31:04+00:00,48.9171902179718,2935.031413078308,Thursday,2025,2025-10-06,16.35899436675633,203.64100563324368,196.54870394327057,0.6526393769781573,0.6666093107786941,0.6906633708998543,0.5031358638854356,0.8880994156365783,z2_60_70,z2_60_70,z2_60_70,z1_under_60,lthr_z2_85_90,185.0,3.108108108108108,3.1666666666666665,1.0,3.0,0.08333333333333333,0.972972972972973,0.02702702702702703,z4,0.08333333333333333,0.02702702702702703,1.0,0.32432432432432434,0.5,0.16216216216216217,1.5,0.4864864864864865,0.0,0.0,0.0,0.0,0.487581492279835,z2,2.0,3.108108108108108,53.63325470487277,1.0964091450446458,44.60796510060153,284.35529282930736,268.1662735243639,552.5215663536712,201.41497214989724,0.39408387605100353,96,0.0,,,,0.0,,,
142.68498866621476,2025-10-10,0.48455460095873104,3.337560089111328,3337.560089111328,116.74786128401756,7004.871677041054,2025-10-11T01:34:04+00:00,8,95.4832828660806,1.687857147864297,5728.996971964836,A6C7FE1D-05DD-4D39-A07B-BD985B5C68F2,41,153.82950191570876,126.14965203338629,50.849163904334574,22.86,0.5154453990412681,60.17714794675509,3610.6288768053055,476.2197234876606,66,2025-10-10 23:37:19+00:00,56.57071333726247,3394.2428002357483,Friday,2025,2025-10-06,16.361732273763323,203.63826772623668,196.54678740836567,0.6859855224337248,0.7006786605454476,0.7259594041074702,0.553907700424411,0.9334762245412807,z2_60_70,z3_70_80,z3_70_80,z1_under_60,lthr_z3_90_95,215.0,3.2790697674418605,3.6486486486486487,1.0,3.0833333333333335,0.5,0.8604651162790697,0.13953488372093023,z3,0.5,0.13953488372093023,0.0,0.0,1.5833333333333333,0.4418604651162791,1.0,0.27906976744186046,0.5,0.13953488372093023,0.0,0.0,0.5367729692639345,z3,3.0,3.2790697674418605,95.4832828660806,1.6878571478642974,62.66709615663604,382.82438234991804,477.416414330403,860.240796680321,257.745410932623,0.3563736057987629,117,0.0,,,,0.0,,,
148.89014168007336,2025-10-11,0.675475520948414,4.3891201171875,4389.1201171875,95.72752070029577,5743.651242017746,2025-10-11T16:39:19+00:00,7,61.866666670640306,0.9567760405422141,3712.0000002384186,E4060BC6-7F6B-42EC-9A1B-D3B54814FE2F,41,163.78564102564098,128.7913279132791,44.19673774312211,22.86,0.32452447905158505,31.06592378616333,1863.9554271697998,653.4967160989071,87,2025-10-11 15:03:35+00:00,64.66159691413243,3879.695814847946,Saturday,2025,2025-10-06,16.36447018077031,203.6355298192297,196.54487087346078,0.7158179888465065,0.7311599395854218,0.7575376605779328,0.5993327049590609,0.9740716849483164,z3_70_80,z3_70_80,z3_70_80,z1_under_60,lthr_z4_95_100,185.0,4.405405405405405,4.5,1.0,3.0,0.08333333333333333,0.972972972972973,0.02702702702702703,z5,0.08333333333333333,0.02702702702702703,0.0,0.0,1.0,0.32432432432432434,0.0,0.0,1.5,0.4864864864864865,0.5,0.16216216216216217,0.5807811466671869,z4,4.0,4.405405405405405,61.866666670640306,0.9567760405422145,55.59673923992465,421.71853713914084,309.3333333532015,731.0518704923423,166.5600054164825,0.2968412632589842,99,0.0,,,,0.0,,,
158.19186900120437,2025-10-13,0.582078816868837,4.457700119018555,4457.700119018555,128.44634166558583,7706.78049993515,2025-10-14T01:36:45+00:00,10,79.81669340531032,1.067554850314028,4789.001604318619,F484BD7E-4FCE-42BA-99BA-98B849D9B1CB,42,183.05039139036566,112.2814569569976,50.31690732325155,22.86,0.41792118313116206,53.68044707775116,3220.8268246650696,705.1719132744364,89,2025-10-13 23:28:18+00:00,74.76589458783468,4485.953675270081,Monday,2025,2025-10-13,16.36994599478429,203.6300540052157,196.541037803651,0.7605378317365594,0.7768591418099438,0.8048795852967953,0.667436382611129,1.0349256078634592,z3_70_80,z3_70_80,z4_80_90,z2_60_70,lthr_z5_100_106,275.0,5.1454545454545455,5.222222222222222,1.0,4.5,0.08333333333333333,0.9818181818181818,0.01818181818181818,z6,0.08333333333333333,0.01818181818181818,0.5,0.10909090909090909,0.5,0.10909090909090909,0.0,0.0,0.0,0.0,3.5,0.7636363636363637,0.6467508439801728,z5,5.0,5.1454545454545455,79.81669340531032,1.0675548503140289,83.07277987838327,660.9148125701962,399.0834670265516,1059.9982795967478,237.79039668332962,0.31807518073427954,90,0.0,,,,0.0,,,
143.90287767611682,2025-10-14,0.568332054307871,4.480560119628906,4480.560119628906,115.25765790144602,6915.4594740867615,2025-10-15T01:24:34+00:00,7,66.13328697482744,1.009597269180193,3967.997218489647,37F3F816-9354-437B-AE07-4BFA9E790CA4,42,159.6786141039507,125.67299349011118,43.85921831706257,22.86,0.431667945692128,49.75303641160329,2985.1821846961975,644.7654948154459,89,2025-10-14 23:29:19+00:00,65.50462148984273,3930.277289390564,Tuesday,2025,2025-10-13,16.372683901791277,203.62731609820872,196.5391212687461,0.691840758058254,0.7066973156328052,0.7321843953873444,0.5628660495741457,0.9414439192896973,z2_60_70,z3_70_80,z3_70_80,z1_under_60,lthr_z3_90_95,185.0,3.4324324324324325,4.0,1.0,2.5,0.5833333333333334,0.8108108108108109,0.1891891891891892,z5,0.5833333333333334,0.1891891891891892,0.5,0.16216216216216217,0.5,0.16216216216216217,0.0,0.0,1.5,0.4864864864864865,0.0,0.0,0.5454104799724597,z3,3.0,3.4324324324324325,66.13328697482744,1.0095972691801935,62.862734516529244,395.61412306712555,330.6664348741372,726.2805579412627,162.0959296493974,0.30478346941592654,102,0.0,,,,0.0,,,
135.8540522489538,2025-10-15,0.5236973242245471,3.726180099487305,3726.1800994873047,142.90865815083185,8574.519489049911,2025-10-16T01:53:41+00:00,10,107.4206235965093,1.435320120435211,6445.237415790558,2B39AF45-C539-452D-9EF7-8E7B7D5E8464,42,150.4324970153498,104.73076923076925,60.255446503304114,22.86,0.47630267577545204,68.06777626872062,4084.0665761232376,506.2166659247601,74,2025-10-15 23:30:47+00:00,74.84088188211123,4490.452912926674,Wednesday,2025,2025-10-13,16.375421808798265,203.62457819120175,196.5372047338412,0.653144481966124,0.667179048107778,0.6912383455994144,0.5039653418186202,0.8887867530245326,z2_60_70,z2_60_70,z2_60_70,z1_under_60,lthr_z2_85_90,275.0,2.8545454545454545,3.4285714285714284,1.0,3.5,1.0833333333333333,0.7636363636363637,0.23636363636363636,z3,1.0833333333333333,0.23636363636363636,0.0,0.0,2.0,0.43636363636363634,1.5,0.32727272727272727,0.0,0.0,0.0,0.0,0.48832661169470776,z2,2.0,2.8545454545454545,107.4206235965093,1.435320120435211,69.786100816633,407.9392605396473,537.1031179825466,945.0423785221939,253.62230307982827,0.4435307265835947,93,0.0,,,,0.0,,,
143.85450718352823,2025-10-16,0.49536560338973906,3.5204400939941403,3520.4400939941406,107.62131058176358,6457.278634905815,2025-10-17T01:15:13+00:00,7,41.383228637774785,0.7762475576119141,2482.993718266487,CBCE0207-40D2-42E2-837A-E72A53E36154,42,160.84622410055854,128.65020161290323,45.43059449715945,22.86,0.50463439661026,54.30941512783368,3258.564907670021,506.4311747906609,70,2025-10-16 23:27:36+00:00,53.3118954539299,3198.713727235794,Thursday,2025,2025-10-13,16.378159715805253,203.62184028419475,196.5352881989363,0.6916082076131165,0.706478769579681,0.7319525592672003,0.562534562729201,0.9411274690083966,z2_60_70,z3_70_80,z3_70_80,z1_under_60,lthr_z3_90_95,185.0,2.891891891891892,3.8,1.0,2.0833333333333335,1.0,0.6756756756756757,0.32432432432432434,z1,1.0,0.32432432432432434,0.0,0.0,1.0,0.32432432432432434,0.5,0.16216216216216217,0.5833333333333334,0.1891891891891892,0.0,0.0,0.5450674268335335,z3,3.0,2.891891891891892,41.383228637774785,0.776247557611914,58.66087083125441,311.2291954661812,206.91614318887392,518.1453386550551,147.18197862222095,0.3158093228125242,81,0.0,,,,0.0,,,
137.2003379318136,2025-10-17,0.560744419606451,3.680460098266601,3680.4600982666016,114.35463674863179,6861.278204917908,2025-10-18T01:35:27+00:00,7,12.033333333333333,0.187658053918483,722.0,05C049D1-C06B-49EE-A126-BCAE0709DD0E,42,159.58865710257555,122.90143368759041,52.26824041085406,22.86,0.43925558039354806,50.230912335713704,3013.8547401428223,504.96036922673363,73,2025-10-17 23:41:06+00:00,64.1237244129181,3847.4234647750854,Friday,2025,2025-10-13,16.380897622812242,203.61910237718774,196.53337166403142,0.6596170092875654,0.6738087749628775,0.6981019903650457,0.5138398416496657,0.8975944467289477,z2_60_70,z2_60_70,z2_60_70,z1_under_60,lthr_z2_85_90,185.0,2.7837837837837838,2.8333333333333335,1.0,3.0,0.08333333333333333,0.972972972972973,0.02702702702702703,z2,0.08333333333333333,0.02702702702702703,1.5,0.4864864864864865,1.0,0.32432432432432434,0.0,0.0,0.5,0.16216216216216217,0.0,0.0,0.497874737105061,z2,2.0,2.7837837837837838,12.033333333333333,0.1876580539184831,56.9342847079698,318.3385833813263,60.166666666666664,378.505250047993,102.8418295381762,0.380962913056603,126,0.0,,,,0.0,,,
133.49338083017636,2025-10-18,0.36941881996011805,2.606040069580078,2606.040069580078,145.28459153374035,8717.075492024422,2025-10-18T17:41:15+00:00,12,23.252083333333335,0.43323476295505503,1395.125,8599379D-A468-4908-83A4-327F004111E4,42,158.06840620550346,115.88866665911671,61.784386574797026,22.86,0.6305811800398811,91.6137291709582,5496.823750257492,347.8890994671527,52,2025-10-18 15:15:58+00:00,53.67086236278216,3220.2517417669296,Saturday,2025,2025-10-13,16.38363552981923,203.61636447018077,196.53145512912653,0.6417951001450787,0.6556122400944164,0.6792468958338886,0.48671607598436617,0.8733427272445128,z2_60_70,z2_60_70,z2_60_70,z1_under_60,lthr_z2_85_90,335.0,2.253731343283582,3.3333333333333335,1.0,3.0,2.5833333333333335,0.5373134328358209,0.4626865671641791,z1,2.5833333333333335,0.4626865671641791,0.5,0.08955223880597014,1.5,0.26865671641791045,0.5,0.08955223880597014,0.5,0.08955223880597014,0.0,0.0,0.47158426120692454,z2,2.0,2.253731343283582,23.252083333333335,0.4332347629550554,68.51392676318875,327.4324376357432,116.26041666666667,443.6928543024099,170.25557645163298,0.46282734162974004,108,0.0,,,,0.0,,,
144.85630607163702,2025-10-20,0.521121433152554,4.023360107421875,4023.360107421875,111.78946371674537,6707.367823004723,2025-10-21T01:21:41+00:00,8,44.549936070044836,0.764728501755171,2672.99616420269,A63B027B-E5EB-4F3A-BB6B-73E812DFC537,43,166.75231719882558,126.97417840375587,43.43823370617124,22.86,0.47887856684744506,53.5335781733195,3212.01469039917,582.8090831571175,80,2025-10-20 23:29:54+00:00,58.255885543425876,3495.3531326055527,Monday,2025,2025-10-20,16.389111343833207,203.6108886561668,196.52762205931674,0.6964245484213318,0.7114369326104787,0.7370786078504319,0.5699128878927945,0.947681455188464,z2_60_70,z3_70_80,z3_70_80,z1_under_60,lthr_z3_90_95,215.0,3.6511627906976742,4.166666666666667,1.0,3.0,0.5833333333333334,0.8372093023255814,0.16279069767441862,z3,0.5833333333333334,0.16279069767441862,0.5,0.13953488372093023,1.0,0.27906976744186046,0.0,0.0,0.5,0.13953488372093023,1.0,0.27906976744186046,0.5521723834867874,z3,3.0,3.6511627906976742,44.549936070044836,0.7647285017551717,61.727054629185034,408.16153031462846,222.7496803502242,630.9112106648527,156.81201627987846,0.2998711956985108,93,0.0,,,,0.0,,,
127.29087852468926,2025-10-21,0.504946290612968,3.566160095214843,3566.1600952148438,109.26433224876722,6555.859934926033,2025-10-22T01:18:46+00:00,7,60.116586649417876,1.089609075116138,3606.9951989650726,6D4D1F76-4FAC-4CB3-B940-08DC8EA14018,43,142.5302491098254,108.95856354417157,46.41346809360843,22.86,0.495053709387031,54.0917129834493,3245.502779006958,453.939651479587,71,2025-10-21 23:29:30+00:00,55.17261926531792,3310.357155919075,Tuesday,2025,2025-10-20,16.391849250840195,203.6081507491598,196.52570552441188,0.6119753775225445,0.6251757508544364,0.6477059995028362,0.44134173688798056,0.832764608348074,z2_60_70,z2_60_70,z2_60_70,z1_under_60,lthr_z1_under_85,185.0,1.8108108108108107,2.25,1.0,2.0,1.0833333333333333,0.6486486486486487,0.35135135135135137,z2,1.0833333333333333,0.35135135135135137,1.5,0.4864864864864865,0.5,0.16216216216216217,0.0,0.0,0.0,0.0,0.0,0.0,0.42759488315382455,z1,1.0,1.8108108108108107,60.116586649417876,1.089609075116138,46.72086938079228,197.85703407209198,300.5829332470894,498.4399673191814,139.76937490495723,0.36462524755539416,123,0.0,,,,0.0,,,
130.34027270340744,2025-10-23,0.43576350161528804,3.36042008972168,3360.4200897216797,126.79018796682358,7607.411278009415,2025-10-24T01:35:36+00:00,9,54.849923421939216,0.992749158941693,3290.995405316353,CBD33845-DF34-4EA0-9ABC-45AB10A56E24,43,153.20883777239712,99.27573529392109,49.32466906254536,22.86,0.564236498384711,71.53965168793997,4292.379101276398,437.9980708923326,67,2025-10-23 23:28:48+00:00,55.250536278883615,3315.032176733017,Thursday,2025,2025-10-20,16.397325064854172,203.60267493514584,196.5218724546021,0.6266359264586896,0.6401697460258079,0.6632354509725982,0.46368252110347896,0.852714408195253,z2_60_70,z2_60_70,z2_60_70,z1_under_60,lthr_z2_85_90,245.0,2.4693877551020407,3.4,1.0,2.5,1.5833333333333333,0.6122448979591837,0.3877551020408163,z3,1.5833333333333333,0.3877551020408163,0.0,0.0,2.0,0.4897959183673469,0.0,0.0,0.5,0.12244897959183673,0.0,0.0,0.4492217922227478,z2,2.0,2.4693877551020407,54.849923421939216,0.9927491589416932,56.95691547471556,313.09413763236023,274.2496171096961,587.3437547420563,174.7828363895723,0.37842999741748956,89,0.0,,,,0.0,,,
139.73638687608454,2025-10-24,0.48835519664636606,3.2461200866699222,3246.120086669922,111.09279206792513,6665.567524075508,2025-10-25T01:21:12+00:00,8,88.99995854298274,1.640469306123927,5339.997512578964,1364C7B2-6167-4197-94E1-1EB1C4A4BA2C,43,150.36155747951435,121.35454545302821,50.13931173320958,22.86,0.511644803353633,56.84004975159963,3410.402985095978,453.6010922771373,64,2025-10-24 23:30:06+00:00,54.2527423163255,3255.1645389795303,Friday,2025,2025-10-20,16.40006297186116,203.59993702813884,196.5199559196972,0.671809552288868,0.6863282421191125,0.711054438324748,0.5324774553966393,0.9141858304188458,z2_60_70,z2_60_70,z3_70_80,z1_under_60,lthr_z3_90_95,215.0,2.953488372093023,3.0,1.0,3.5,0.08333333333333333,0.9767441860465116,0.023255813953488372,z3,0.08333333333333333,0.023255813953488372,1.0,0.27906976744186046,1.5,0.4186046511627907,1.0,0.27906976744186046,0.0,0.0,0.0,0.0,0.5158608998303867,z3,3.0,2.953488372093023,88.99995854298274,1.6404693061239275,57.30842768082991,328.1112695959649,444.9997927149137,773.1110623108787,238.1646524679207,0.3588135692793612,102,0.0,,,,0.0,,,
149.58791708376611,2025-10-27,0.49614744347478706,3.95478010559082,3954.7801055908203,116.10008433262507,6966.005059957504,2025-10-28T01:29:01+00:00,9,28.399986658493678,0.49303169924974205,1703.9991995096207,D09E705A-B556-47A0-B123-66735A5CD39A,44,181.34610519271382,134.05157894736834,43.6960527444296,22.86,0.503852556525212,58.49732430378596,3509.8394582271576,591.5873185196475,79,2025-10-27 23:32:55+00:00,57.602760028839114,3456.1656017303467,Monday,2025,2025-10-27,16.408276692882126,203.5917233071179,196.51420631498252,0.7191726782873371,0.7347445890917329,0.7612066317688978,0.6046333927427827,0.9786366833795151,z3_70_80,z3_70_80,z3_70_80,z2_60_70,lthr_z4_95_100,245.0,3.836734693877551,3.836734693877551,,4.083333333333333,0.0,1.0,0.0,z2,0.0,0.0,1.0833333333333333,0.2653061224489796,1.0,0.24489795918367346,0.5,0.12244897959183673,0.5,0.12244897959183673,1.0,0.24489795918367346,0.5857299083955043,z4,4.0,3.836734693877551,28.399986658493678,0.4930316992497422,68.00329176085881,445.4452215210921,141.9999332924684,587.4451548135605,148.54053553650104,0.2921095072134785,83,0.0,,,,0.0,,,
157.4649979421073,2025-10-28,0.589839047762558,2.926080078125,2926.080078125,75.86098413268725,4551.659047961235,2025-10-29T00:45:12+00:00,6,27.81666666865349,0.621660243389033,1669.0000001192093,E6C9AB37-F681-40A3-8B5C-5BEB9E01E75D,44,179.86428571558224,143.1590163926609,45.87615798111791,22.86,0.41016095223744103,31.115213489532472,1866.9128093719482,460.75519348039427,58,2025-10-28 23:29:20+00:00,44.74577064315478,2684.746238589287,Tuesday,2025,2025-10-27,16.411014599889114,203.5889854001109,196.51228978007762,0.7570432593370543,0.7734455654987586,0.8012984740971201,0.662315469121523,1.0301702593273807,z3_70_80,z3_70_80,z4_80_90,z2_60_70,lthr_z5_100_106,155.0,4.935483870967742,4.935483870967742,,2.5833333333333335,0.0,1.0,0.0,z4,0.0,0.0,0.0,0.0,0.08333333333333333,0.03225806451612903,1.0,0.3870967741935484,0.5,0.1935483870967742,1.0,0.3870967741935484,0.6415957300858673,z5,5.0,4.935483870967742,27.81666666865349,0.6216602433890339,48.672083499643875,374.41066362261773,139.08333334326744,513.4939969658851,175.48870272030504,0.29134193999090824,100,0.0,,,,0.0,,,
150.40371107679482,2025-10-29,0.510752697739503,3.589020095825195,3589.0200958251953,114.37064550121626,6862.238730072975,2025-10-30T01:24:15+00:00,8,88.43721479773521,1.513944014140808,5306.232887864113,E377C593-C191-421E-925C-D44964112D77,44,161.1431159458648,126.78512396747706,48.82818778298619,22.86,0.48924730226049606,55.95552976926168,3357.3317861557007,539.8019415413032,71,2025-10-29 23:29:53+00:00,58.41511573195457,3504.9069439172745,Wednesday,2025,2025-10-27,16.413752506896103,203.58624749310388,196.51037324517273,0.7230947647922827,0.7387714687451542,0.7653728838484586,0.6106303717071208,0.9839737850868107,z3_70_80,z3_70_80,z3_70_80,z2_60_70,lthr_z4_95_100,215.0,4.488372093023256,4.571428571428571,1.0,3.5,0.08333333333333333,0.9767441860465116,0.023255813953488372,z5,0.08333333333333333,0.023255813953488372,0.0,0.0,0.5,0.13953488372093023,0.5,0.13953488372093023,2.5,0.6976744186046512,0.0,0.0,0.591515681395708,z4,4.0,4.488372093023256,88.43721479773521,1.5139440141408087,67.6520303053189,513.3380135287148,442.18607398867607,955.5240875173909,266.23536843075124,0.32464749329260195,110,0.0,,,,0.0,,,
135.6889184436871,2025-10-30,0.522175988474191,3.429000091552734,3429.0000915527344,109.02934760053952,6541.7608560323715,2025-10-31T01:27:44+00:00,7,84.43324691653251,1.4830410750848921,5065.994814991951,AE41FBEC-A204-474D-A27E-9224414126D8,44,147.23860759444455,126.24126778919036,49.809716391894995,22.86,0.47782401152580906,52.096840244531634,3125.810414671898,465.27731376609455,68,2025-10-30 23:38:43+00:00,56.932507356007896,3415.9504413604736,Thursday,2025,2025-10-27,16.41649041390309,203.5835095860969,196.50845671026784,0.6523505694408034,0.6665025016984654,0.6904991302422516,0.502907844818472,0.887706411760007,z2_60_70,z2_60_70,z2_60_70,z1_under_60,lthr_z2_85_90,185.0,2.4594594594594597,2.8,1.0,2.5,0.5833333333333334,0.8108108108108109,0.1891891891891892,z2,0.5833333333333334,0.1891891891891892,1.0,0.32432432432432434,1.0,0.32432432432432434,0.5,0.16216216216216217,0.0,0.0,0.0,0.0,0.48715544995522764,z2,2.0,2.4594594594594597,84.43324691653251,1.4830410750848926,53.11424088866575,268.15326031484045,422.1662345826626,690.3194948975031,201.31801588401527,0.3670875776975609,83,0.0,,,,0.0,,,
152.47277767782737,2025-11-04,0.572742912597905,3.95478010559082,3954.7801055908203,120.3476571659247,7220.8594299554825,2025-11-04T02:31:18+00:00,9,88.51667153040567,1.284185349457587,5311.000291824341,746B7C30-65A0-482C-93DD-E20F6F124CD7,45,167.79976580614783,124.43000000059601,52.28730739701783,22.86,0.42725708740209406,51.41938947637876,3085.1633685827255,602.9963078044437,79,2025-11-04 00:30:57+00:00,68.92826768954595,4135.696061372757,Tuesday,2025,2025-11-03,16.430179948938033,203.56982005106198,196.49887403574337,0.73304220037417,0.7489950015163456,0.7759473351999584,0.625854069704932,0.9975100687359234,z3_70_80,z3_70_80,z3_70_80,z2_60_70,lthr_z4_95_100,245.0,4.795918367346939,4.875,1.0,4.0,0.08333333333333333,0.9795918367346939,0.02040816326530612,z5,0.08333333333333333,0.02040816326530612,0.5,0.12244897959183673,0.0,0.0,0.5,0.12244897959183673,1.5,0.3673469387755102,1.5,0.3673469387755102,0.6061899126087047,z4,4.0,4.795918367346939,88.51667153040567,1.2841853494575872,72.95353578007425,577.1775394692307,442.5833576520284,1019.7608971212592,257.85527131575196,0.34292880469128795,94,0.0,,,,0.0,,,
143.3103359158507,2025-11-07,0.484027676989348,3.771900100708007,3771.900100708008,135.07182828386624,8104.309697031975,2025-11-07T02:44:46+00:00,9,96.68329503337542,1.478823928297914,5800.997702002525,F86B3C55-1A3F-4072-A21F-E335BE607EE8,45,159.0824308020738,116.30713245997089,51.99912632257045,22.86,0.515972323010651,69.69332501292229,4181.599500775337,540.5522704734956,75,2025-11-07 00:29:41+00:00,65.37850327094397,3922.7101962566376,Friday,2025,2025-11-03,16.438393669958998,203.561606330041,196.4931244310287,0.688991999595436,0.7040145659073697,0.7293402063345694,0.5587978786030422,0.9375673822382055,z2_60_70,z3_70_80,z3_70_80,z1_under_60,lthr_z3_90_95,245.0,3.693877551020408,3.75,1.0,4.0,0.08333333333333333,0.9795918367346939,0.02040816326530612,z4,0.08333333333333333,0.02040816326530612,0.5,0.12244897959183673,0.5,0.12244897959183673,2.5,0.6122448979591837,0.5,0.12244897959183673,0.0,0.0,0.541208056140785,z3,3.0,3.693877551020408,96.68329503337542,1.4788239282979145,73.10196162489315,498.9387942730569,483.4164751668771,982.355269439934,260.4404261013011,0.36284281932814266,109,0.0,,,,0.0,,,
135.34694737429336,2025-11-08,0.43371707632959405,3.177540084838867,3177.540084838867,153.98991541663807,9239.394924998283,2025-11-08T03:15:22+00:00,11,82.19994916518529,1.230758225539678,4931.996949911118,F35398E3-A99F-46B4-B35E-FCA795984357,45,152.17392548742043,107.42776203805597,63.05637768418523,22.86,0.566282923670405,87.2018595178922,5232.111571073532,430.0703506423938,63,2025-11-08 00:41:23+00:00,66.78805589874585,4007.2833539247513,Saturday,2025,2025-11-03,16.441131576965986,203.55886842303403,196.4912078961238,0.6507064777610257,0.6649032214750609,0.688819356466297,0.5004943887098362,0.8854691626580236,z2_60_70,z2_60_70,z2_60_70,z1_under_60,lthr_z2_85_90,305.0,2.6721311475409837,3.125,1.0,4.0,1.0833333333333333,0.7868852459016393,0.21311475409836064,z3,1.0833333333333333,0.21311475409836064,1.0,0.19672131147540983,1.5,0.29508196721311475,1.5,0.29508196721311475,0.0,0.0,0.0,0.0,0.48473012322193876,z2,2.0,2.6721311475409837,82.19994916518529,1.2307582255396783,74.6435506748429,411.4812493920001,410.9997458259264,822.4809952179265,258.84205179417415,0.46588695871955527,118,0.0,,,,0.0,,,
118.95572912504541,2025-11-10,0.349339044979711,0.845820022583007,845.8200225830078,37.74012496670087,2264.4074980020523,2025-11-10T14:18:42+00:00,3,29.483333333333334,2.236279692406324,1769.0,6CB8D0B9-D9DE-4616-BBF1-A89917F0444F,46,129.99106145764074,107.4893888261249,46.7620729987687,22.86,0.6506609550202881,24.556025753418606,1473.3615452051163,100.61513749492407,16,2025-11-10 13:40:57+00:00,13.184099213282268,791.045952796936,Monday,2025,2025-11-10,16.446607390979967,203.55339260902002,196.487374826314,0.5719025438704106,0.5843957086656494,0.6054115651460911,0.3804792259816288,0.7782342483901075,z1_under_60,z1_under_60,z2_60_70,z1_under_60,lthr_z1_under_85,65.0,1.4615384615384615,2.0,1.0,0.5,0.5833333333333334,0.46153846153846156,0.5384615384615384,z1,0.5833333333333334,0.5384615384615384,0.5,0.46153846153846156,0.0,0.0,0.0,0.0,0.0,0.0,0.0,0.0,0.3684803484045774,z1,1.0,1.4615384615384615,29.483333333333334,2.2362796924063244,13.906494396562225,55.15864418210126,147.41666666666669,202.57531084876794,239.50167345309873,0.39310484112633826,31,0.0,,,,0.0,,,
113.44052022624908,2025-11-12,0.37317385871451103,0.571500015258789,571.5000152587891,31.241052250067394,1874.4631350040436,2025-11-12T14:06:28+00:00,3,23.55,2.020012444538602,1413.0,8A7CEA23-9BAA-40DA-8F72-6E45FCF7B3BB,46,122.29246488247797,105.98673469120139,61.19865463090218,22.86,0.6268261412854881,19.582708231608073,1174.9624938964844,64.83125904026632,11,2025-11-12 13:35:13+00:00,11.65834401845932,699.5006411075592,Wednesday,2025,2025-11-10,16.452083204993944,203.54791679500605,196.48354175650425,0.5453871164723514,0.5573160463267993,0.5773538038459846,0.3401042016332507,0.7421525524210352,z1_under_60,z1_under_60,z1_under_60,z1_under_60,lthr_z1_under_85,65.0,1.0,,1.0,0.0,1.0833333333333333,0.0,1.0,z1,1.0833333333333333,1.0,0.0,0.0,0.0,0.0,0.0,0.0,0.0,0.0,0.0,0.0,0.32936539167552537,z1,1.0,1.0,23.55,2.020012444538602,10.289721410699,31.241052250067394,117.75,148.99105225006738,260.70174675778554,0.5394779088534309,27,0.0,,,,0.0,,,
156.35956053631577,2025-11-13,0.5768471672583351,3.703320098876953,3703.320098876953,93.26178718209266,5595.70723092556,2025-11-13T02:04:59+00:00,6,92.59986446499825,1.721257529839357,5555.991867899895,3FD1B399-DF72-4CE3-B28A-39F60600589D,46,162.23642943305182,149.50883977814934,43.58072997720689,22.86,0.42315283274166404,39.46398943265279,2367.8393659591675,579.0495031857058,74,2025-11-13 00:31:43+00:00,53.79779774943987,3227.8678649663925,Thursday,2025,2025-11-10,16.454821112000932,203.54517888799907,196.48162522159936,0.7517286564245951,0.7681811054947795,0.7957973696520863,0.654432190605666,1.0229382474271036,z3_70_80,z3_70_80,z3_70_80,z2_60_70,lthr_z5_100_106,155.0,5.0,5.0,,2.5833333333333335,0.0,1.0,0.0,z5,0.0,0.0,0.0,0.0,0.0,0.0,0.5,0.1935483870967742,1.5833333333333333,0.6129032258064516,0.5,0.1935483870967742,0.633755748484509,z5,5.0,5.0,92.59986446499825,1.721257529839358,59.105193740590124,466.30893591046333,462.9993223249912,929.3082582354546,250.93922032753017,0.2787212360262737,88,0.0,,,,0.0,,,
142.57857658778926,2025-11-14,0.47543700459421606,4.023360107421875,4023.360107421875,136.39665738344192,8183.7994430065155,2025-11-14T02:40:50+00:00,10,39.33333333134651,0.6065464205252651,2359.9999998807907,F660CC60-2A69-47E4-8DF5-6204434E16A1,46,174.78730823197293,91.36182396278696,48.353627185960114,22.86,0.524562995405783,71.54863916039467,4292.91834962368,573.6449572163058,80,2025-11-14 00:24:26+00:00,64.84801822304726,3890.8810933828354,Friday,2025,2025-11-10,16.45755901900792,203.54244098099207,196.47970868669447,0.685473925902833,0.7004857360490436,0.725665655455263,0.5535171046071343,0.9327800535835451,z2_60_70,z3_70_80,z3_70_80,z1_under_60,lthr_z3_90_95,275.0,3.9454545454545453,4.857142857142857,1.0,3.5,1.0833333333333333,0.7636363636363637,0.23636363636363636,z6,1.0833333333333333,0.23636363636363636,0.0,0.0,0.5,0.10909090909090909,1.0,0.21818181818181817,0.5,0.10909090909090909,1.5,0.32727272727272727,0.5360182736722643,z3,3.0,3.9454545454545453,39.33333333134651,0.6065464205252655,73.11110082533983,538.1468118583072,196.66666665673256,734.8134785150397,182.63676601046285,0.3391366946084467,91,0.0,,,,0.0,,,
139.40599621837538,2025-11-15,0.566510176874795,2.5146000671386712,2514.600067138672,74.96765768329303,4498.0594609975815,2025-11-15T02:03:57+00:00,5,59.616613350311916,1.403736664729235,3576.996801018715,71CF64BB-B663-4EF1-88A3-758C3612CEC7,46,149.20439560439556,123.53860072361975,50.66802658091557,22.86,0.433489823125204,32.49771666924159,1949.8630001544952,350.55032745026017,50,2025-11-15 00:48:59+00:00,42.469941014051436,2548.1964608430862,Saturday,2025,2025-11-10,16.46029692601491,203.5397030739851,196.47779215178957,0.6702211356652662,0.6849081241299757,0.7095254618429182,0.5302926151753943,0.9120243428884124,z2_60_70,z2_60_70,z3_70_80,z1_under_60,lthr_z3_90_95,125.0,2.72,3.263157894736842,1.0,1.5833333333333333,0.5,0.76,0.24,z3,0.5,0.24,0.08333333333333333,0.04,1.0,0.48,0.5,0.24,0.0,0.0,0.0,0.0,0.5135177036764211,z3,3.0,2.72,59.616613350311916,1.403736664729235,38.49721942352465,203.91202889855705,298.08306675155956,501.9950956501166,199.63218096201274,0.3634565797409862,68,0.0,,,,0.0,,,
133.5055351485336,2025-11-15,0.356685660070562,2.05740005493164,2057.4000549316406,112.85599146684011,6771.3594880104065,2025-11-15T17:07:55+00:00,9,24.383232647180556,0.6057326901472321,1462.9939588308334,EB62F104-A230-4F3E-B56F-B17B171963D3,46,164.8824940153566,115.21552795031053,58.69657733231445,22.86,0.6433143399294371,72.60187765757243,4356.112659454346,274.6742953482711,41,2025-11-15 15:15:04+00:00,40.25411380926768,2415.246828556061,Saturday,2025,2025-11-10,16.46029692601491,203.5397030739851,196.47779215178957,0.64185353436795,0.6559188852702874,0.6794942761031916,0.4870783636646482,0.8734222434383188,z2_60_70,z2_60_70,z2_60_70,z1_under_60,lthr_z2_85_90,245.0,2.4693877551020407,4.0,1.0,2.0,2.0833333333333335,0.4897959183673469,0.5102040816326531,z1,2.0833333333333335,0.5102040816326531,0.5,0.12244897959183673,0.5,0.12244897959183673,0.0,0.0,0.5,0.12244897959183673,0.5,0.12244897959183673,0.47167046204633756,z2,2.0,2.4693877551020407,24.383232647180556,0.6057326901472321,53.230837639862,278.68520341811535,121.91616323590279,400.60136665401814,194.71243120353114,0.43965650762727315,50,0.0,,,,0.0,,,
158.22226909042263,2025-11-18,0.5308335083901731,4.846320129394531,4846.320129394531,128.99469375014306,7739.681625008583,2025-11-18T02:40:17+00:00,8,97.23359714945157,1.419992914851832,5834.015828967094,50438C34-9B1E-4326-8E01-15B27F54FBD3,47,174.5537056928034,132.67452300785632,42.38764919703676,22.86,0.46916649160982604,60.51998790303866,3631.1992741823196,766.7957676113933,96,2025-11-18 00:31:17+00:00,68.47470584710439,4108.482350826263,Tuesday,2025,2025-11-17,16.468510647035874,203.53148935296412,196.4720425470749,0.7606839860116472,0.7773847162098525,0.8053169654024054,0.6681408774102865,1.0351244918580156,z3_70_80,z3_70_80,z4_80_90,z2_60_70,lthr_z5_100_106,215.0,4.953488372093023,4.953488372093023,,3.5833333333333335,0.0,1.0,0.0,z5,0.0,0.0,0.5,0.13953488372093023,0.08333333333333333,0.023255813953488372,0.0,0.0,1.5,0.4186046511627907,1.5,0.4186046511627907,0.6469664474498059,z5,5.0,4.953488372093023,97.23359714945157,1.4199929148518324,83.45523875540573,638.9737155530343,486.16798574725783,1125.141701300292,232.16413098176,0.26789938888319564,107,0.0,,,,0.0,,,
155.33373897922775,2025-11-19,0.49675178903473005,4.183380111694336,4183.380111694336,119.68287536700566,7180.97252202034,2025-11-19T02:28:04+00:00,8,106.33328086535136,1.788536302716946,6379.9968519210815,8372C1AA-1394-4ED2-926F-4BA0F1BA6D51,47,165.23197674390877,135.75786042056828,42.63491306170225,22.86,0.5032482109652691,60.23019291162491,3613.8115746974945,649.8200743208206,83,2025-11-19 00:28:23+00:00,59.45268245538076,3567.1609473228455,Wednesday,2025,2025-11-17,16.471248554042862,203.52875144595714,196.47012601217,0.746796822015518,0.763202927722344,0.7906226871845436,0.6469973397082835,1.0162270997225356,z3_70_80,z3_70_80,z3_70_80,z2_60_70,lthr_z5_100_106,215.0,5.069767441860465,5.069767441860465,,3.5833333333333335,0.0,1.0,0.0,z5,0.0,0.0,0.08333333333333333,0.023255813953488372,0.0,0.0,0.5,0.13953488372093023,2.0,0.5581395348837209,1.0,0.27906976744186046,0.6264804182923953,z5,5.0,5.069767441860465,106.33328086535136,1.788536302716946,74.97897782235832,606.7643448838892,531.6664043267567,1138.430749210646,272.1317974496855,0.27447297246481445,117,0.0,,,,0.0,,,
133.82741031093124,2025-11-20,0.414076646486265,3.22326008605957,3223.2600860595703,121.50978711644808,7290.587226986885,2025-11-20T03:06:27+00:00,9,86.07698770165443,1.71078353906156,5164.619262099266,406F2123-752A-4F32-8D40-99F7E70E7F4C,47,149.68679128242468,89.47533632713993,46.829325423082544,22.86,0.585923353513734,71.1954219520092,4271.725317120552,431.36055007594166,64,2025-11-20 01:04:56+00:00,50.31436516443888,3018.861909866333,Thursday,2025,2025-11-17,16.47398646104985,203.52601353895014,196.4682094772651,0.6434010111102464,0.6575444975505296,0.6811657248111557,0.48948481376309827,0.8755280207466202,z2_60_70,z2_60_70,z2_60_70,z1_under_60,lthr_z2_85_90,245.0,2.7142857142857144,3.0,1.0,3.5,0.5833333333333334,0.8571428571428571,0.14285714285714285,z3,0.5833333333333334,0.14285714285714285,0.5,0.12244897959183673,2.5,0.6122448979591837,0.5,0.12244897959183673,0.0,0.0,0.0,0.0,0.47395326461653364,z2,2.0,2.7142857142857144,86.07698770165443,1.7107835390615602,57.58996028670059,329.8122793160734,430.38493850827217,760.1972178243456,235.84730909930553,0.34992327292503433,113,0.0,,,,0.0,,,
134.8273710855468,2025-11-22,0.30865430008362704,2.4688800659179693,2468.8800659179688,123.44009316762289,7406.405590057373,2025-11-22T02:26:09+00:00,9,41.33318523367246,1.084851519661653,2479.9911140203476,7AD4464E-A983-4712-9D4C-651D443A3744,47,154.3291390790055,111.26000000224793,46.29667850399699,22.86,0.6913456999163721,85.33977760871251,5120.386656522751,332.8726088132312,49,2025-11-22 00:22:43+00:00,38.10031555891037,2286.018933534622,Saturday,2025,2025-11-17,16.479462275063828,203.52053772493616,196.46437640745532,0.6482085148343596,0.6624755053849644,0.6862687961603936,0.4968290648122592,0.8820699815884934,z2_60_70,z2_60_70,z2_60_70,z1_under_60,lthr_z2_85_90,245.0,2.5918367346938775,3.1666666666666665,1.0,3.0,1.0833333333333333,0.7346938775510204,0.2653061224489796,z2,1.0833333333333333,0.2653061224489796,1.5,0.3673469387755102,0.0,0.0,1.0,0.24489795918367346,0.5,0.12244897959183673,0.0,0.0,0.48104518500387794,z2,2.0,2.5918367346938775,41.33318523367246,1.0848515196616537,59.38026245471508,319.93656800587974,206.6659261683623,526.602494174242,213.29610192240858,0.3433774472590002,75,0.0,,,,0.0,,,
164.44146752509477,2025-11-25,0.5526776173457111,4.3891201171875,4389.1201171875,107.4194718460242,6445.168310761452,2025-11-25T02:20:39+00:00,8,42.7832970559597,0.7206416529886911,2566.997823357582,1E2D3BB1-9CC5-48A3-835D-0F84971F4A83,48,182.97611670319318,146.64134274925323,40.57875121068999,22.86,0.44732238265428903,48.05113408962885,2883.0680453777313,721.7533532142284,87,2025-11-25 00:33:14+00:00,59.36833775639534,3562.1002653837204,Tuesday,2025,2025-11-24,16.487675996084793,203.5123240039152,196.45862680274064,0.7905839784860326,0.8080172457857207,0.8370284889052313,0.7137924596632031,1.075811840462371,z3_70_80,z4_80_90,z4_80_90,z3_70_80,lthr_z6_106_plus,215.0,5.3023255813953485,5.3023255813953485,,3.5833333333333335,0.0,1.0,0.0,z6,0.0,0.0,0.0,0.0,0.0,0.0,1.0,0.27906976744186046,0.5,0.13953488372093023,2.0833333333333335,0.5813953488372093,0.6910742377666296,z6,6.0,5.3023255813953485,42.7832970559597,0.7206416529886918,74.2348296272851,569.5730135091515,213.9164852797985,783.48949878895,178.50719002217727,0.2467671434791679,88,0.0,,,,0.0,,,
112.25239258755546,2025-11-26,0.651570063262765,3.65760009765625,3657.60009765625,313.83235066533086,18829.941039919853,2025-11-26T21:47:29+00:00,24,105.61662070949872,0.516503698609155,6336.997242569923,B49494CB-8906-4EC6-83BF-BA87D7BB7B8E,48,143.2930607201019,88.99997140935488,167.71961869856375,22.86,0.34842993673723405,109.34858608841895,6560.915165305138,410.5743620903906,73,2025-11-26 16:33:39+00:00,204.48376457691194,12269.025874614716,Wednesday,2025,2025-11-24,16.49041390309178,203.5095860969082,196.45671026783575,0.5396749643632475,0.551582825853238,0.5713848737185824,0.3314960793700654,0.7343795630350574,z1_under_60,z1_under_60,z1_under_60,z1_under_60,lthr_z1_under_85,695.0,1.3453237410071943,2.3333333333333335,1.0,3.0,8.583333333333334,0.2589928057553957,0.7410071942446043,z1,8.583333333333334,0.7410071942446043,2.0,0.17266187050359713,1.0,0.08633093525179857,0.0,0.0,0.0,0.0,0.0,0.0,0.32093895452166993,z1,1.0,1.3453237410071943,105.61662070949872,0.5165036986091549,100.72102651760939,422.20611204616455,528.0831035474936,950.2892155936581,259.8122239231656,1.4941295667060686,109,0.0,,,,0.0,,,
141.59775654481192,2025-11-26,0.491166966197899,4.069080108642578,4069.080108642578,134.4078775167465,8064.472651004791,2025-11-26T03:12:01+00:00,10,39.96666666666667,0.6054022839055471,2398.0,3DFA53A0-44DE-42B9-91C0-2498F9E82C8F,48,164.92865928695943,100.06620553359683,48.671965901665736,22.86,0.5088330338021,68.39116808374723,4103.470085024834,576.1726145849086,81,2025-11-26 00:57:36+00:00,66.01670943299929,3961.0025659799576,Wednesday,2025,2025-11-24,16.49041390309178,203.5095860969082,196.45671026783575,0.6807584449269803,0.6957792960051778,0.7207580558168115,0.5464653338839878,0.9263633155704475,z2_60_70,z2_60_70,z3_70_80,z1_under_60,lthr_z3_90_95,275.0,3.618181818181818,4.0,1.0,4.0,0.5833333333333334,0.8727272727272727,0.12727272727272726,z4,0.5833333333333334,0.12727272727272726,1.0,0.21818181818181817,0.0,0.0,1.5,0.32727272727272727,1.0,0.21818181818181817,0.5,0.10909090909090909,0.5290621031546945,z3,3.0,3.618181818181818,39.96666666666667,0.6054022839055474,71.11011435956848,486.312138651501,199.83333333333334,686.1454719848343,168.624223083612,0.34373401873964265,149,0.0,,,,0.0,,,
130.3460268720268,2025-11-29,0.402777984254216,2.651760070800781,2651.7600708007812,134.49956188400586,8069.973713040352,2025-11-29T18:50:01+00:00,10,45.18324499726295,0.834047575693696,2710.9946998357773,AA5AF956-DD4C-407E-B07C-600856CCDAF6,48,159.38881829642276,100.36589699295443,61.287742072029694,22.86,0.597222015745783,80.32609946529071,4819.565967917442,345.64638944676636,53,2025-11-29 16:35:31+00:00,54.17346241871516,3250.4077451229095,Saturday,2025,2025-11-24,16.498627624112746,203.50137237588726,196.45096066312107,0.6266635907308982,0.6405166970140366,0.6635041459305836,0.4640687911736833,0.852752053217679,z2_60_70,z2_60_70,z2_60_70,z1_under_60,lthr_z2_85_90,275.0,2.5272727272727273,3.8,1.0,2.5,2.0833333333333335,0.5454545454545454,0.45454545454545453,z1,2.0833333333333335,0.45454545454545453,1.0,0.21818181818181817,0.0,0.0,0.0,0.0,1.5,0.32727272727272727,0.0,0.0,0.44926260192926815,z2,2.0,2.5272727272727273,45.18324499726295,0.8340475756936965,60.42562313035509,339.91707457957847,225.91622498631477,565.8332995658932,213.38027742269392,0.4701926368051229,70,0.0,,,,0.0,,,
139.34990369009645,2025-12-02,0.456961623049886,4.343400115966797,4343.400115966797,143.67224179903667,8620.3345079422,2025-12-02T03:04:54+00:00,9,90.71663524707158,1.381765474109499,5442.998114824295,2FF448B4-B5E9-410B-8989-1E05E5B2B5A3,49,157.6417910447126,97.60885167571062,45.34652510485323,22.86,0.543038376950113,78.01954099933306,4681.172459959984,605.252387847527,86,2025-12-02 00:41:14+00:00,65.6527007997036,3939.162047982216,Tuesday,2025,2025-12-01,16.50684134513371,203.49315865486628,196.44521105840641,0.6699514600485407,0.6847891330167039,0.7093576012329739,0.5300624910662292,0.9116573733703696,z2_60_70,z2_60_70,z3_70_80,z1_under_60,lthr_z3_90_95,245.0,3.4489795918367347,3.857142857142857,1.0,3.5,0.5833333333333334,0.8571428571428571,0.14285714285714285,z4,0.5833333333333334,0.14285714285714285,0.5,0.12244897959183673,0.5,0.12244897959183673,1.5,0.3673469387755102,1.0,0.24489795918367346,0.0,0.0,0.5131198843269252,z3,3.0,3.4489795918367347,90.71663524707158,1.3817654741094998,73.72108409291172,495.52262987831017,453.5831762353579,949.105806113668,218.51677965947806,0.3254148291749124,110,0.0,,,,0.0,,,
135.9801518352449,2025-12-03,0.478541977029773,3.2461200866699222,3246.120086669922,125.39566476742426,7523.739886045456,2025-12-03T02:55:41+00:00,9,69.43747799197833,1.157154575712636,4166.2486795187,CCF15A77-C9E9-41DB-9E84-F01EFCE2D046,49,155.06119073869894,96.42299107142857,55.45736546394221,22.86,0.521458022970226,65.38857543865839,3923.314526319504,441.40790226081435,64,2025-12-03 00:50:17+00:00,60.00708932876587,3600.425359725952,Wednesday,2025,2025-12-01,16.5095792521407,203.4904207478593,196.44329452350152,0.6537507299771389,0.6682385899812702,0.6922107072429337,0.5053845644059733,0.8896117239400267,z2_60_70,z2_60_70,z2_60_70,z1_under_60,lthr_z2_85_90,245.0,3.0816326530612246,3.4285714285714284,1.0,3.5,0.5833333333333334,0.8571428571428571,0.14285714285714285,z4,0.5833333333333334,0.14285714285714285,1.0,0.24489795918367346,0.5,0.12244897959183673,1.5,0.3673469387755102,0.5,0.12244897959183673,0.0,0.0,0.48922093500173686,z2,2.0,3.0816326530612246,69.43747799197833,1.157154575712636,61.34618436268365,386.42337509961357,347.1873899598916,733.6107650595052,225.9961879019978,0.4078342663651015,109,0.0,,,,0.0,,,
135.41191646856325,2025-12-04,0.42338464063907905,3.7490401000976563,3749.0401000976562,131.6674974501133,7900.049847006798,2025-12-04T03:16:14+00:00,8,77.83323899507522,1.396212184763088,4669.994339704514,D7C636E4-29A2-496C-818F-89E1384FA378,49,155.18862762532862,95.09670233443286,44.60821538583523,22.86,0.57661535936092,75.92150135835011,4555.290081501007,507.66470487171784,74,2025-12-04 01:04:34+00:00,55.74599609176318,3344.7597655057907,Thursday,2025,2025-12-01,16.51231715914769,203.4876828408523,196.44137798859663,0.6510188291757848,0.6654551006631143,0.6893248146346432,0.5012314301528078,0.8858942046011027,z2_60_70,z2_60_70,z2_60_70,z1_under_60,lthr_z2_85_90,215.0,3.0930232558139537,3.5,1.0,3.0,0.5833333333333334,0.8372093023255814,0.16279069767441862,z3,0.5833333333333334,0.16279069767441862,0.0,0.0,2.0,0.5581395348837209,0.5,0.13953488372093023,0.5,0.13953488372093023,0.0,0.0,0.4851908969401649,z2,2.0,3.0930232558139537,77.83323899507522,1.3962121847630877,63.88387118568735,407.25063164802486,389.16619497537613,796.416826623401,212.43219740505194,0.32942606935329294,95,0.0,,,,0.0,,,
133.64946420608265,2025-12-05,0.543433994906789,3.108960083007812,3108.9600830078125,108.95986723303795,6537.592033982277,2025-12-05T02:43:44+00:00,7,36.1999370098114,0.611356377369602,2171.996220588684,97C65654-7B3B-4E58-A0C0-2F276BC2C047,49,151.0621951171448,108.90983606806061,57.13726875291094,22.86,0.45656600509321005,49.747371298074725,2984.8422778844833,415.5108493320924,62,2025-12-05 00:54:46+00:00,59.21249593496323,3552.7497560977936,Friday,2025,2025-12-01,16.515055066154677,203.48494493384533,196.43946145369173,0.642545500990782,0.6568027145670813,0.6803595531012435,0.48832832250024244,0.8743638586320304,z2_60_70,z2_60_70,z2_60_70,z1_under_60,lthr_z2_85_90,185.0,2.4594594594594597,2.8,1.0,2.5,0.5833333333333334,0.8108108108108109,0.1891891891891892,z2,0.5833333333333334,0.1891891891891892,1.5,0.4864864864864865,0.0,0.0,1.0,0.32432432432432434,0.0,0.0,0.0,0.0,0.4726912355041323,z2,2.0,2.4594594594594597,36.1999370098114,0.6113563773696019,51.50437426275093,267.982376167742,180.999685049057,448.982061216799,144.4155116917501,0.42751588337688606,118,0.0,,,,0.0,,,
140.7504740128728,2025-12-06,0.493802387013118,3.200400085449219,3200.4000854492188,125.29470681746801,7517.68240904808,2025-12-06T03:10:38+00:00,8,96.84364358385405,1.565255402752212,5810.618615031242,22259088-F071-4EA1-A047-AE24D4773BC1,49,151.2748213554153,104.54431960124353,57.99664759528661,22.86,0.506197612986881,63.4238815108935,3805.4328906536102,450.4578290578161,64,2025-12-06 01:05:20+00:00,61.8708253065745,3712.24951839447,Saturday,2025,2025-12-01,16.517792973161665,203.48220702683832,196.43754491878684,0.6766849712157346,0.6917090003565199,0.7165151349812646,0.5403669505312897,0.9208202089940121,z2_60_70,z2_60_70,z3_70_80,z1_under_60,lthr_z3_90_95,215.0,3.511627906976744,3.5714285714285716,1.0,3.5,0.08333333333333333,0.9767441860465116,0.023255813953488372,z4,0.08333333333333333,0.023255813953488372,0.5,0.13953488372093023,0.5,0.13953488372093023,2.5,0.6976744186046512,0.0,0.0,0.0,0.0,0.5230530071834949,z3,3.0,3.511627906976744,96.84364358385405,1.5652554027522123,65.53577318505099,439.98838905669,484.2182179192702,924.2066069759602,288.7784596613131,0.412052946905048,100,0.0,,,,0.0,,,
140.20961694767874,2025-12-06,0.369585937333113,3.291840087890625,3291.840087890625,136.33548711736998,8180.129227042198,2025-12-06T18:44:38+00:00,11,67.21666667064031,1.33399013953497,4033.0000002384186,18AFE9FE-FFDB-4A33-A655-6992E0A3CB81,49,155.55603448246504,116.40384615347583,45.920528445530564,22.86,0.630414062666886,85.94780831933022,5156.868499159813,461.54763777615767,65,2025-12-06 16:28:18+00:00,50.38767879803975,3023.2607278823853,Saturday,2025,2025-12-01,16.517792973161665,203.48220702683832,196.43754491878684,0.6740846968638401,0.6890509936782127,0.7137618066120995,0.5364041111474886,0.9172818044571839,z2_60_70,z2_60_70,z3_70_80,z1_under_60,lthr_z3_90_95,305.0,3.1639344262295084,3.4444444444444446,1.0,4.5,0.5833333333333334,0.8852459016393442,0.11475409836065574,z4,0.5833333333333334,0.11475409836065574,1.0,0.19672131147540983,1.0,0.19672131147540983,2.0,0.39344262295081966,0.5,0.09836065573770492,0.0,0.0,0.5192171414728989,z3,3.0,3.1639344262295084,67.21666667064031,1.3339901395349703,70.78772190239607,431.3565412074165,336.0833333532015,767.439874560618,233.13400835712682,0.32751340061549755,82,0.0,,,,0.0,,,
143.44201984778107,2025-12-09,0.468956205926621,4.091940109252929,4091.9401092529297,141.17192773421604,8470.315664052963,2025-12-09T02:57:00+00:00,8,49.55,0.748450402393101,2973.0,11922A25-30C2-42C1-957D-2AA7A43AE996,50,167.93248945129665,104.39277108541458,48.53696523848097,22.86,0.5310437940733781,74.9684761206309,4498.108567237854,586.9561543673902,81,2025-12-09 00:35:49+00:00,66.20345161358516,3972.2070968151093,Tuesday,2025,2025-12-08,16.52600669418263,203.47399330581737,196.43179531407216,0.6896250954220243,0.7049648828201379,0.7302382978195233,0.5601215147012382,0.9384288871572596,z2_60_70,z3_70_80,z3_70_80,z1_under_60,lthr_z3_90_95,215.0,3.9302325581395348,4.0,1.0,3.5,0.08333333333333333,0.9767441860465116,0.023255813953488372,z3,0.08333333333333333,0.023255813953488372,0.0,0.0,1.5,0.4186046511627907,1.0,0.27906976744186046,0.5,0.13953488372093023,0.5,0.13953488372093023,0.5421419847360359,z3,3.0,3.9302325581395348,49.55,0.7484504023931009,76.53522909084012,554.8385066763375,247.75,802.5885066763375,196.13886939876724,0.33837340892151274,103,0.0,,,,0.0,,,
147.6498250139212,2025-12-10,0.514906627843823,2.9718000793457033,2971.800079345703,106.98253145019213,6418.951887011528,2025-12-10T02:42:54+00:00,7,41.13330686887105,0.746710526017163,2467.998412132263,07C17340-E55C-45D0-875D-5661C0F11852,50,160.17458432346515,133.28866768841723,55.608735146822966,22.86,0.48509337215617604,51.896516942977904,3113.7910165786743,438.7857616917502,59,2025-12-10 00:55:55+00:00,55.08601450721423,3305.1608704328537,Wednesday,2025,2025-12-08,16.52874460118962,203.47125539881037,196.42987877916727,0.7098549279515443,0.7256544651701424,0.7516668336384499,0.5909656563079014,0.9659572635955291,z3_70_80,z3_70_80,z3_70_80,z1_under_60,lthr_z4_95_100,185.0,3.7837837837837838,3.7837837837837838,,3.0833333333333335,0.0,1.0,0.0,z3,0.0,0.0,0.08333333333333333,0.02702702702702703,1.5,0.4864864864864865,0.5,0.16216216216216217,1.0,0.32432432432432434,0.0,0.0,0.5719845745668171,z4,4.0,3.7837837837837838,41.13330686887105,0.7467105260171638,61.19235773761927,404.79876764937563,205.66653434435526,610.4653019937309,205.4193706489624,0.3766258113856883,121,0.0,,,,0.0,,,
141.89270240793965,2025-12-11,0.457501261803039,4.3891201171875,4389.1201171875,146.09102374911308,8765.461424946785,2025-12-11T03:22:39+00:00,11,100.88329405784607,1.50939680299697,6052.997643470764,4232926A-B1BA-45D9-B2EA-A21089F71B4C,50,162.0420454533997,103.61753494236638,45.68352602717921,22.86,0.54249873819696,79.25419604579608,4755.251762747765,622.7841146207871,87,2025-12-11 00:56:33+00:00,66.83682770331701,4010.2096621990204,Thursday,2025,2025-12-08,16.531482508196607,203.4685174918034,196.42796224426237,0.6821764538843252,0.6973693235547151,0.7223650888944876,0.54879106027101,0.9282929155468026,z2_60_70,z2_60_70,z3_70_80,z1_under_60,lthr_z3_90_95,305.0,3.6557377049180326,4.375,1.0,4.0,1.0833333333333333,0.7868852459016393,0.21311475409836064,z4,1.0833333333333333,0.21311475409836064,0.0,0.0,0.5,0.09836065573770492,2.0,0.39344262295081966,1.0,0.19672131147540983,0.5,0.09836065573770492,0.5311539177868061,z3,3.0,3.6557377049180326,100.88329405784607,1.5093968029969709,77.59681961782674,534.0704638697084,504.41647028923035,1038.4869341589388,236.60481062987856,0.3219582490989542,108,0.0,,,,0.0,,,
135.96078508559472,2025-12-12,0.5423512701606841,3.200400085449219,3200.4000854492188,102.70632561643919,6162.379536986351,2025-12-12T02:46:52+00:00,6,65.1998685201009,1.170493121896358,3911.9921112060547,22A6C669-AFF5-42FB-8FBF-46FDA9817735,50,152.37041719291804,99.90160183066361,52.2149462545655,22.86,0.45764872983931504,47.003419464826585,2820.205167889595,435.1289082056802,64,2025-12-12 01:04:10+00:00,55.7029061516126,3342.174369096756,Friday,2025,2025-12-08,16.5342204152036,203.4657795847964,196.42604570935748,0.6536576206038208,0.6682243341511476,0.6921728969017154,0.5053339034548527,0.8894850224522663,z2_60_70,z2_60_70,z2_60_70,z1_under_60,lthr_z2_85_90,155.0,2.935483870967742,3.0,1.0,2.5,0.08333333333333333,0.967741935483871,0.03225806451612903,z3,0.08333333333333333,0.03225806451612903,0.5,0.1935483870967742,1.5,0.5806451612903226,0.5,0.1935483870967742,0.0,0.0,0.0,0.0,0.48908358216733844,z2,2.0,2.935483870967742,65.1998685201009,1.1704931218963586,50.23197764373315,301.49276229341825,325.9993426005045,627.4921048939227,196.06676919765354,0.3840441655415077,96,0.0,,,,0.0,,,
133.81196900214738,2025-12-13,0.48706366119614203,2.903220077514648,2903.2200775146484,125.38543951710065,7523.126371026039,2025-12-13T02:49:48+00:00,9,12.883188619216282,0.21095534305152303,772.991317152977,8F03975A-3FF2-4850-B874-7B493FE980F5,50,161.39754172855677,93.03214285671712,63.10650546771552,22.86,0.512936338803857,64.31474828521411,3858.8848971128464,388.48559501880203,58,2025-12-13 00:44:25+00:00,61.07069123188655,3664.2414739131927,Saturday,2025,2025-12-08,16.536958322210587,203.46304167778942,196.4241291744526,0.6433267740487855,0.657672115283012,0.6812399757837455,0.489597536305111,0.8754270003466449,z2_60_70,z2_60_70,z2_60_70,z1_under_60,lthr_z2_85_90,245.0,2.5918367346938775,3.1666666666666665,1.0,3.0,1.0833333333333333,0.7346938775510204,0.2653061224489796,z3,1.0833333333333333,0.2653061224489796,0.5,0.12244897959183673,2.0,0.4897959183673469,0.0,0.0,0.5,0.12244897959183673,0.0,0.0,0.47384375178827925,z2,2.0,2.5918367346938775,12.883188619216282,0.21095534305152328,59.41310708040534,324.9785881361588,64.4159430960814,389.3945312322402,134.12504764901877,0.4716058356984703,81,0.0,,,,0.0,,,
135.7391842458505,2025-12-13,0.5431728035228031,3.2461200866699222,3246.120086669922,151.09905585050583,9065.94335103035,2025-12-13T18:59:17+00:00,11,59.35826692382495,0.723238347034529,3561.4960154294968,01995A03-84A2-4811-82B7-8350C0914C0F,50,157.09930313555606,103.68776978417267,75.85014933335097,22.86,0.45682719647719605,69.02615807453792,4141.569484472275,440.6256925286448,64,2025-12-13 16:28:11+00:00,82.07289777596792,4924.373866558075,Saturday,2025,2025-12-08,16.536958322210587,203.46304167778942,196.4241291744526,0.6525922319512044,0.667144180714704,0.691051475276211,0.5037201530957699,0.8880352615687055,z2_60_70,z2_60_70,z2_60_70,z1_under_60,lthr_z2_85_90,305.0,2.9672131147540983,3.5,1.0,4.0,1.0833333333333333,0.7868852459016393,0.21311475409836064,z3,1.0833333333333333,0.21311475409836064,0.0,0.0,2.5,0.4918032786885246,1.0,0.19672131147540983,0.5,0.09836065573770492,0.0,0.0,0.487511945006032,z2,2.0,2.9672131147540983,59.35826692382495,0.7232383470345295,73.66259460625515,448.34310014658286,296.79133461912477,745.1344347657076,229.5461704653429,0.5587933193702663,100,0.0,,,,0.0,,,
143.87345574417168,2025-12-17,0.539879844960933,2.7432000732421873,2743.2000732421875,105.84744133353233,6350.84648001194,2025-12-17T02:44:01+00:00,8,87.44997739394506,1.5303198896557282,5246.9986436367035,BAD61878-67A3-497F-AAFE-A32E23EB3E83,51,157.00731706924768,101.99280575368353,62.49442114054703,22.86,0.46012015503906606,48.70254111687343,2922.1524670124054,394.6736743350184,54,2025-12-17 00:58:10+00:00,57.14490021665891,3428.6940129995346,Wednesday,2025,2025-12-15,16.54790995023854,203.45209004976147,196.41646303483301,0.6916993064623639,0.7071613553293176,0.7324918365863089,0.5633732375673938,0.9412514346127344,z2_60_70,z3_70_80,z3_70_80,z1_under_60,lthr_z3_90_95,215.0,4.069767441860465,4.666666666666667,1.0,3.0,0.5833333333333334,0.8372093023255814,0.16279069767441862,z5,0.5833333333333334,0.16279069767441862,0.0,0.0,0.0,0.0,1.0,0.27906976744186046,2.0,0.5581395348837209,0.0,0.0,0.5452018137884517,z3,3.0,4.069767441860465,87.44997739394506,1.5303198896557282,57.70821699990856,430.77447054344555,437.2498869697253,868.0243575131708,316.42765177067565,0.4343707518339684,93,0.0,,,,0.0,,,
144.60261616077474,2025-12-20,0.42944102961699404,2.994660079956054,2994.6600799560547,139.5061052997907,8370.366317987442,2025-12-20T02:56:48+00:00,11,88.94996845523517,1.4847353496442102,5336.99810731411,F3DCA043-BAED-4CA8-BF05-8BF24A97B7EB,51,160.04388489217197,123.86889016316641,60.0164732205714,22.86,0.5705589703830051,79.59645980199178,4775.787588119507,433.03568207388037,59,2025-12-20 00:37:18+00:00,59.90964549779892,3594.578729867935,Saturday,2025,2025-12-15,16.556123671259506,203.4438763287405,196.41071343011834,0.6952048853883401,0.7107739921702758,0.7362257059985856,0.5687511836280816,0.9460217606234673,z2_60_70,z3_70_80,z3_70_80,z1_under_60,lthr_z3_90_95,305.0,3.5737704918032787,3.8545454545454545,1.0,4.583333333333333,0.5,0.9016393442622951,0.09836065573770492,z4,0.5,0.09836065573770492,0.5833333333333334,0.11475409836065574,0.5,0.09836065573770492,2.5,0.4918032786885246,1.0,0.19672131147540983,0.0,0.0,0.5503731642608138,z3,3.0,3.5737704918032787,88.94996845523517,1.4847353496442102,76.7804166075481,498.562802546793,444.74984227617585,943.3126448229689,314.9982367403822,0.4150441728788833,121,0.0,,,,0.0,,,
136.0671876880057,2025-12-20,0.38914371733471304,2.9718000793457033,2971.800079345703,121.39530096650124,7283.718057990074,2025-12-20T18:25:22+00:00,9,69.04978979229926,1.461673796487336,4142.987387537956,5255F63D-C104-4DA1-86FB-3672CD8A56CE,51,157.74007936523697,101.6874221666979,47.688489222469656,22.86,0.610856282665286,74.15508228143057,4449.304936885834,404.364479167562,59,2025-12-20 16:23:58+00:00,47.24021868507067,2834.4131211042404,Saturday,2025,2025-12-15,16.556123671259506,203.4438763287405,196.41071343011834,0.6541691715769505,0.6688192839392114,0.6927686647623604,0.5061948512925487,0.8901811314158542,z2_60_70,z2_60_70,z2_60_70,z1_under_60,lthr_z2_85_90,245.0,3.0816326530612246,3.8333333333333335,1.0,3.0,1.0833333333333333,0.7346938775510204,0.2653061224489796,z1,1.0833333333333333,0.2653061224489796,0.5,0.12244897959183673,0.5,0.12244897959183673,1.0,0.24489795918367346,1.0,0.24489795918367346,0.0,0.0,0.48983821055323196,z2,2.0,3.0816326530612246,69.04978979229926,1.4616737964873365,59.464056995002,374.09572338656506,345.24894896149635,719.3446723480614,242.0568857735674,0.3504775106531682,101,0.0,,,,0.0,,,
139.01650143812833,2025-12-22,0.529980712070873,4.091940109252929,4091.9401092529297,144.719347435236,8683.160846114159,2025-12-22T18:44:27+00:00,11,65.03336425622304,0.8479096174623331,3902.0018553733826,D7DB5388-DC53-4410-9997-BC09B10FA16D,52,162.23961840628508,79.51739130348399,56.231367583355066,22.86,0.47001928792912606,68.02088463107745,4081.253077864647,568.847198082695,81,2025-12-22 16:19:43+00:00,76.69846280415852,4601.907768249512,Monday,2025,2025-12-22,16.561599485273483,203.4384005147265,196.40688036030855,0.6683485646063863,0.6833346167016546,0.7077985312077788,0.5278316160731833,0.909476183335384,z2_60_70,z2_60_70,z3_70_80,z1_under_60,lthr_z3_90_95,305.0,3.557377049180328,3.888888888888889,1.0,4.5,0.5833333333333334,0.8852459016393442,0.11475409836065574,z5,0.5833333333333334,0.11475409836065574,1.0,0.19672131147540983,1.0,0.19672131147540983,0.5,0.09836065573770492,1.5,0.29508196721311475,0.5,0.09836065573770492,0.5107553293484278,z3,3.0,3.557377049180328,65.03336425622304,0.8479096174623331,73.91617796237351,514.8212851384625,325.1668212811152,839.9881064195777,205.27869030149014,0.4044941931471481,126,0.0,,,,0.0,,,
140.79950638336538,2025-12-27,0.44677301215179105,2.7,2700.0,101.99563931624094,6119.738358974457,2025-12-27T02:47:08+00:00,9,36.81683539748192,0.8079377865706411,2209.010123848915,75A2FE85-77D8-4F05-902F-E83DCB524CB0,52,171.9635307549407,111.85806451535994,50.63211000407184,25.0,0.553226987848208,56.42674031257629,3385.6044187545776,380.15866723508657,54,2025-12-27 01:05:08+00:00,45.568899003664654,2734.133940219879,Saturday,2025,2025-12-22,16.575289020308425,203.42471097969158,196.3972976857841,0.6769207037661797,0.6921455397688718,0.716911627820004,0.5409540973434886,0.9211409894244945,z2_60_70,z2_60_70,z3_70_80,z1_under_60,lthr_z3_90_95,245.0,3.4489795918367347,3.857142857142857,1.0,3.5,0.5833333333333334,0.8571428571428571,0.14285714285714285,z2,0.5833333333333334,0.14285714285714285,1.0,0.24489795918367346,1.0,0.24489795918367346,0.0,0.0,0.5,0.12244897959183673,1.0,0.24489795918367346,0.5234007544919531,z3,3.0,3.4489795918367347,36.81683539748192,0.8079377865706412,53.38459457300962,351.7808784580555,184.0841769874096,535.865055445465,198.46853905387593,0.3596043147069848,78,0.0,,,,0.0,,,
139.02991502716026,2025-12-27,0.49706347965335607,4.137660110473633,4137.660110473633,129.3350303987662,7760.101823925972,2025-12-27T18:43:14+00:00,10,29.166666666666668,0.453689546817848,1750.0,729BBDDD-4123-428E-B948-B79D2A7E8D2F,52,162.82704811443435,104.69122807017544,46.61164900061676,22.86,0.502936520346643,65.04731014768282,3902.8386088609695,575.2585335704197,82,2025-12-27 16:33:54+00:00,64.28772025108337,3857.2632150650024,Saturday,2025,2025-12-22,16.575289020308425,203.42471097969158,196.3972976857841,0.6684130530151935,0.6834465407746848,0.7079013645574397,0.5279829036096163,0.9095639379517885,z2_60_70,z2_60_70,z3_70_80,z1_under_60,lthr_z3_90_95,275.0,3.0727272727272728,3.375,1.0,4.0,0.5833333333333334,0.8727272727272727,0.12727272727272726,z3,0.5833333333333334,0.12727272727272726,0.5,0.10909090909090909,2.5,0.5454545454545454,0.5,0.10909090909090909,0.0,0.0,0.5,0.10909090909090909,0.5108504611855338,z3,3.0,3.0727272727272728,29.166666666666668,0.453689546817849,66.07085992665475,397.4112752252998,145.83333333333334,543.2446085586331,131.2927099022758,0.33526345025465143,128,0.0,,,,0.0,,,
140.32403469993284,2025-12-29,0.5232702154101571,4.434840118408203,4434.840118408203,149.75480033357937,8985.288020014763,2025-12-29T18:48:42+00:00,11,85.15811933676402,1.086724088886079,5109.487160205841,82EA95A1-26A9-4A80-9509-6C8FC9C4D912,1,164.24231678487004,91.2201039861352,53.00905412846117,22.86,0.47672978458984205,71.39257370432217,4283.554422259331,622.3146586641669,88,2025-12-29 16:18:56+00:00,78.36222662925721,4701.733597755432,Monday,2025,2025-12-29,16.5807648343224,203.4192351656776,196.39346461597432,0.6746347822112155,0.6898267736856054,0.7145046041848743,0.5374904397527425,0.9180303502740428,z2_60_70,z2_60_70,z3_70_80,z1_under_60,lthr_z3_90_95,305.0,3.6557377049180326,4.0,1.0,4.5,0.5833333333333334,0.8852459016393442,0.11475409836065574,z5,0.5833333333333334,0.11475409836065574,1.0,0.19672131147540983,0.5,0.09836065573770492,1.0,0.19672131147540983,1.5,0.29508196721311475,0.5,0.09836065573770492,0.5200286148931407,z3,3.0,3.6557377049180326,85.15811933676402,1.0867240888860794,77.87678139107012,547.4642700719377,425.79059668382007,973.2548667557578,219.45658485318478,0.3777617586453744,122,0.0,,,,0.0,,,
145.16196746649996,2025-12-30,0.46735355412386603,4.297680114746094,4297.680114746094,134.9844474832217,8099.066848993301,2025-12-30T18:51:39+00:00,10,80.8270273844401,1.281230662992185,4849.621643066406,23A7832F-ECDB-4376-9B44-9261E7792196,1,161.2008761179955,108.55840708724168,44.03687077565836,22.86,0.5326464458761331,71.89898620049159,4313.939172029495,623.8597009981962,85,2025-12-30 16:36:40+00:00,63.0854612827301,3785.127676963806,Tuesday,2025,2025-12-29,16.58350274132939,203.4164972586706,196.39154808106943,0.6978940743581729,0.7136194429791385,0.7391456958553931,0.5729656532544637,0.9496811585036611,z2_60_70,z3_70_80,z3_70_80,z1_under_60,lthr_z3_90_95,275.0,3.8363636363636364,3.888888888888889,1.0,4.5,0.08333333333333333,0.9818181818181818,0.01818181818181818,z4,0.08333333333333333,0.01818181818181818,0.5,0.10909090909090909,1.0,0.21818181818181817,1.5,0.32727272727272727,1.5,0.32727272727272727,0.0,0.0,0.554340194797872,z3,3.0,3.8363636363636364,80.8270273844401,1.281230662992185,74.82730491253223,517.8494257992686,404.1351369222005,921.984562721469,214.53075568792994,0.30336369466624274,125,0.0,,,,0.0,,,
137.55836141121887,2025-12-31,0.31794681983744405,2.926080078125,2926.080078125,130.59033841490745,7835.420304894447,2025-12-31T19:16:02+00:00,9,36.899904215335845,0.8887092613985521,2213.9942529201508,CB6DAE00-C6BE-487D-AC29-3AA407483E8D,1,162.0754502935195,111.45655487804879,42.56969907719158,22.86,0.682053180162555,89.06955561439196,5344.173336863518,402.50678090488634,58,2025-12-31 17:05:27+00:00,41.52078280051549,2491.2469680309296,Wednesday,2025,2025-12-29,16.58624064833638,203.41375935166363,196.38963154616454,0.6613382760154753,0.67624904947264,0.7004359666456402,0.517237863295924,0.8999367141880297,z2_60_70,z2_60_70,z3_70_80,z1_under_60,lthr_z2_85_90,245.0,3.0816326530612246,4.4,1.0,2.5,1.5833333333333333,0.6122448979591837,0.3877551020408163,z1,1.5833333333333333,0.3877551020408163,0.0,0.0,1.0,0.24489795918367346,0.0,0.0,1.0,0.24489795918367346,0.5,0.12244897959183673,0.5004139107178643,z2,2.0,3.0816326530612246,36.899904215335845,0.8887092613985526,65.34922194817318,402.4314510336944,184.49952107667923,586.9309721103737,200.58609349012505,0.30946645947557583,62,0.0,,,,0.0,,,
142.44569361017165,2026-01-02,0.411750913341476,3.977640106201172,3977.640106201172,149.09832506775857,8945.899504065514,2026-01-02T18:57:47+00:00,11,50.64984263181687,0.825031944623367,3038.990557909012,14D36078-203E-4EC7-B683-96D6CEBFB18A,1,171.1815709606047,106.93565524129436,46.302357592853355,22.86,0.588249086658523,87.7069535434246,5262.417212605476,566.5977038594627,79,2026-01-02 16:28:41+00:00,61.391371524333955,3683.4822914600372,Friday,2026,2025-12-29,16.591716462350355,203.40828353764965,196.38579847635475,0.6848350654335176,0.7002944576925542,0.7253360208086655,0.5530873320412987,0.9319107042468573,z2_60_70,z3_70_80,z3_70_80,z1_under_60,lthr_z3_90_95,305.0,3.6557377049180326,4.0,1.0,4.5,0.5833333333333334,0.8852459016393442,0.11475409836065574,z3,0.5833333333333334,0.11475409836065574,0.5,0.09836065573770492,1.5,0.29508196721311475,0.5,0.09836065573770492,1.5,0.29508196721311475,0.5,0.09836065573770492,0.5350758412068911,z3,3.0,3.6557377049180326,50.64984263181687,0.8250319446233674,79.77891170816942,545.0643686903305,253.24921315908432,798.3135818494148,200.70030483774482,0.3250527019761518,109,0.0,,,,0.0,,,
134.05468696329436,2026-01-03,0.37317931084203504,2.537460067749023,2537.4600677490234,149.68377098441124,8981.026259064674,2026-01-03T18:52:24+00:00,11,42.649899717171984,0.7635293574464561,2558.993983030319,244AD216-A18F-4309-816F-EC23A04A92E1,1,154.50627352572147,110.2561797752809,66.04110213614351,22.86,0.6268206891579641,93.82488448421161,5629.493069052696,340.15841506395503,50,2026-01-03 16:22:43+00:00,55.85888650019964,3351.533190011978,Saturday,2026,2025-12-29,16.594454369357344,203.40554563064265,196.38388194144986,0.6444936873235305,0.6590512886345773,0.6826155264781943,0.4915832904980583,0.8770149140306124,z2_60_70,z2_60_70,z2_60_70,z1_under_60,lthr_z2_85_90,305.0,2.377049180327869,3.3333333333333335,1.0,3.0,2.0833333333333335,0.5901639344262295,0.4098360655737705,z1,2.0833333333333335,0.4098360655737705,1.5,0.29508196721311475,0.0,0.0,0.5,0.09836065573770492,1.0,0.19672131147540983,0.0,0.0,0.4755651557680451,z2,2.0,2.377049180327869,42.649899717171984,0.7635293574464567,71.18438586414992,355.8056851268792,213.24949858585993,569.0551837127391,224.26172965060573,0.49264299243954285,84,0.0,,,,0.0,,,
142.5593067421222,2026-01-06,0.408881507266933,3.200400085449219,3200.4000854492188,118.72749055027961,7123.649433016777,2026-01-06T03:10:28+00:00,9,63.88320726950963,1.31594565482359,3832.992436170578,876754B8-78F5-4321-B207-CE45B134C125,2,168.92979452054797,100.70342771982115,45.50569365773997,22.86,0.591118492733066,70.18201526006062,4210.920915603638,456.2468174790693,64,2026-01-06 01:11:44+00:00,48.54547529021899,2912.7285174131393,Tuesday,2026,2026-01-05,16.60266809037831,203.3973319096217,196.37813233673518,0.685381282414049,0.7008907413075974,0.7259428789029916,0.5539646977272883,0.9326539860627153,z2_60_70,z3_70_80,z3_70_80,z1_under_60,lthr_z3_90_95,245.0,3.816326530612245,4.833333333333333,1.0,3.0,1.0833333333333333,0.7346938775510204,0.2653061224489796,z5,1.0833333333333333,0.2653061224489796,0.5,0.12244897959183673,0.0,0.0,0.0,0.0,1.5,0.3673469387755102,1.0,0.24489795918367346,0.5358816081001575,z3,3.0,3.816326530612245,63.88320726950963,1.31594565482359,63.62387856178009,453.1028721000467,319.4160363475482,772.5189084475949,241.38197969681704,0.31920535177724974,78,0.0,,,,0.0,,,
138.7960535369519,2026-01-07,0.395543762379485,3.154680084228515,3154.6800842285156,131.32396921515465,7879.438152909279,2026-01-07T03:01:17+00:00,10,43.11661740144094,0.830053607266337,2586.9970440864563,85635F03-F56F-4A3D-AD7F-097B4465C782,2,167.22374701670643,90.23778501628662,49.39744331001457,22.86,0.604456237620514,79.37959234118462,4762.775540471077,437.857145862537,63,2026-01-07 00:49:57+00:00,51.94437687397003,3116.662612438202,Wednesday,2026,2026-01-05,16.605405997385297,203.3945940026147,196.37621580183028,0.6672887189276533,0.6823979477801049,0.7067864760008186,0.5263848912925064,0.9080339652266549,z2_60_70,z2_60_70,z3_70_80,z1_under_60,lthr_z3_90_95,275.0,3.290909090909091,4.0,1.0,3.5,1.0833333333333333,0.7636363636363637,0.23636363636363636,z1,1.0833333333333333,0.23636363636363636,1.0,0.21818181818181817,0.0,0.0,1.0,0.21818181818181817,1.0,0.21818181818181817,0.5,0.10909090909090909,0.5091918690563964,z3,3.0,3.290909090909091,43.11661740144094,0.8300536072663375,66.86909733656925,432.17524414441806,215.5830870072047,647.7583311516228,205.33249453408004,0.35589948021730616,117,0.0,,,,0.0,,,
128.94067193093508,2026-01-08,0.33051454093858,2.674620071411133,2674.620071411133,126.94629413286845,7616.777647972107,2026-01-08T03:07:58+00:00,9,78.66653963327408,1.874905783235903,4719.992377996445,FD224FC3-9214-4B67-8E6D-13FBB3FEFEB6,2,148.9355932095629,97.49803149606296,47.06193217234266,22.86,0.6694854590614191,84.98869800368945,5099.321880221367,344.86730916771705,53,2026-01-08 01:01:01+00:00,41.957596129179,2517.45576775074,Thursday,2026,2026-01-05,16.608143904392286,203.39185609560772,196.3742992669254,0.6199070765910341,0.6339519900458767,0.6566066558214427,0.4541376127876434,0.8435579155805404,z2_60_70,z2_60_70,z2_60_70,z1_under_60,lthr_z1_under_85,245.0,2.3469387755102042,3.2,1.0,2.5,1.5833333333333333,0.6122448979591837,0.3877551020408163,z3,1.5833333333333333,0.3877551020408163,0.0,0.0,2.0,0.4897959183673469,0.5,0.12244897959183673,0.0,0.0,0.0,0.0,0.43929554560946865,z1,1.0,2.3469387755102042,78.66653963327408,1.8749057832359037,55.76694154419853,297.9351801077525,393.3326981663704,691.267878274123,258.4546065675074,0.36498904083228756,93,0.0,,,,0.0,,,
123.38938701393454,2026-01-09,0.41806364643140703,2.6289000701904293,2628.9000701904297,111.60283599893252,6696.170159935951,2026-01-09T03:18:20+00:00,7,59.63333333333333,1.278119470402027,3578.0,C6D3CDC3-A73A-498A-99C6-FD07F8DAE50C,2,141.28809523809534,100.45895096921325,53.24328120971942,22.86,0.5819363535685921,64.94574742913247,3896.7448457479477,324.3783681816866,52,2026-01-09 01:26:44+00:00,46.65708856980006,2799.4253141880035,Friday,2026,2026-01-05,16.610881811399274,203.38911818860072,196.3723827320205,0.5932182067977622,0.6066666108435397,0.6283438908123746,0.41344491234233605,0.8072402024551818,z1_under_60,z2_60_70,z2_60_70,z1_under_60,lthr_z1_under_85,185.0,1.4864864864864864,2.5,1.0,1.0,2.0833333333333335,0.32432432432432434,0.6756756756756757,z1,2.0833333333333335,0.6756756756756757,0.5,0.16216216216216217,0.5,0.16216216216216217,0.0,0.0,0.0,0.0,0.0,0.0,0.3999247305952804,z1,1.0,1.4864864864864864,59.63333333333333,1.2781194704020273,44.632734120542345,165.89610756598077,298.1666666666667,464.0627742326475,176.52355047448884,0.4315061651429274,48,0.0,,,,0.0,,,
130.36291450800493,2026-01-10,0.40677731197439204,2.674620071411133,2674.620071411133,176.1029861986637,10566.179171919823,2026-01-10T19:33:08+00:00,14,50.172750516732535,0.70039730699506,3010.365031003952,95E476AC-F363-4BA9-B3E9-E16DB05946FD,2,158.61369863013692,93.23718617774709,80.34939256112146,22.86,0.5932226880256071,104.46828684210777,6268.097210526466,348.6712677107636,53,2026-01-10 16:37:02+00:00,71.63469935655594,4298.081961393356,Saturday,2026,2026-01-05,16.613619718406262,203.38638028159374,196.3704661971156,0.6267447812884852,0.6409618693617246,0.6638621226124063,0.4645838857016442,0.8528625358046816,z2_60_70,z2_60_70,z2_60_70,z1_under_60,lthr_z2_85_90,395.0,2.4430379746835444,3.375,1.0,4.0,2.5833333333333335,0.6075949367088608,0.3924050632911392,z1,2.5833333333333335,0.3924050632911392,1.0,0.1518987341772152,1.0,0.1518987341772152,1.5,0.22784810126582278,0.5,0.0759493670886076,0.0,0.0,0.44938237239719814,z2,2.0,2.4430379746835444,50.172750516732535,0.70039730699506,79.13757772418653,430.22628273850756,250.8637525836627,681.0900353221703,254.64926499367303,0.616351612453307,80,0.0,,,,0.0,,,
136.21780472656638,2026-01-10,0.42136414212155904,2.606040069580078,2606.040069580078,120.82846738497416,7249.70804309845,2026-01-10T02:50:58+00:00,8,46.666574613253275,0.916598374748366,2799.9944767951965,890E7A0E-6076-4BA1-93FA-CC398D40D0EA,2,157.11486486486487,113.60554951033733,58.609363798158554,22.86,0.5786358578784411,69.91568388144175,4194.941032886505,354.9890573076666,52,2026-01-10 00:50:09+00:00,50.91278350353241,3054.7670102119446,Saturday,2026,2026-01-05,16.613619718406262,203.38638028159374,196.3704661971156,0.6548932919546461,0.669748901268459,0.6936776561391451,0.5075125872807389,0.8911665008357313,z2_60_70,z2_60_70,z2_60_70,z1_under_60,lthr_z2_85_90,215.0,2.813953488372093,3.1666666666666665,1.0,3.0,0.5833333333333334,0.8372093023255814,0.16279069767441862,z2,0.5833333333333334,0.16279069767441862,1.0,0.27906976744186046,1.0,0.27906976744186046,0.5,0.13953488372093023,0.5,0.13953488372093023,0.0,0.0,0.4909064165004708,z2,2.0,2.813953488372093,46.666574613253275,0.9165983747483669,59.315469935201676,340.00568729260175,233.33287306626636,573.3385603588681,220.00373940959878,0.4302621372867276,82,0.0,,,,0.0,,,
119.57748867372463,2026-01-13,0.429061670218483,1.531620040893554,1531.6200408935547,126.1263861000538,7567.583166003227,2026-01-13T03:19:06+00:00,9,42.18326988220215,0.779497219597558,2530.996192932129,C4EBB236-6CB6-4960-AD40-4A2209C84E74,3,139.67493946731238,92.6906392694064,105.99756421404403,22.86,0.570938329781516,72.01038822134336,4320.6232932806015,183.1472780923987,30,2026-01-13 01:12:58+00:00,54.11599787871043,3246.9598727226257,Tuesday,2026,2026-01-12,16.62183343942723,203.37816656057277,196.36471659240095,0.5748917724698299,0.5879563706171502,0.6089560830927409,0.38552717051209356,0.7823019345671818,z1_under_60,z1_under_60,z2_60_70,z1_under_60,lthr_z1_under_85,245.0,1.3673469387755102,2.5,1.0,1.0,3.0833333333333335,0.24489795918367346,0.7551020408163265,z1,3.0833333333333335,0.7551020408163265,0.5,0.12244897959183673,0.5,0.12244897959183673,0.0,0.0,0.0,0.0,0.0,0.0,0.3728899905937917,z1,1.0,1.3673469387755102,42.18326988220215,0.7794972195975584,47.031266926478,172.4585279327266,210.91634941101074,383.37487734373735,250.30677786122118,0.8864341055302277,41,0.0,,,,0.0,,,
140.91872377249683,2026-01-14,0.41636941424844,2.05740005493164,2057.4000549316406,78.7634756485621,4725.808538913727,2026-01-14T02:19:17+00:00,6,43.99998451868693,1.34167964763232,2639.999071121216,F322EF40-A32D-4222-96F8-3112B803BBF5,3,162.74449595376097,114.48239124462826,47.819628673606765,22.86,0.58363058575156,45.96877342859904,2758.1264057159424,289.92619003043166,41,2026-01-14 01:00:31+00:00,32.79470221996307,1967.6821331977844,Wednesday,2026,2026-01-12,16.62457134643422,203.3754286535658,196.36280005749606,0.6774938642908501,0.6928994554821118,0.7176447052661455,0.5420237685211785,0.9219209355095479,z2_60_70,z2_60_70,z3_70_80,z1_under_60,lthr_z3_90_95,155.0,3.7096774193548385,4.5,1.0,2.0,0.5833333333333334,0.7741935483870968,0.22580645161290322,z1,0.5833333333333334,0.22580645161290322,0.0,0.0,0.5,0.1935483870967742,0.5,0.1935483870967742,0.5,0.1935483870967742,0.5,0.1935483870967742,0.5242462678900485,z3,3.0,3.7096774193548385,43.99998451868693,1.3416796476323205,41.2914581548074,292.18708708337556,219.99992259343463,512.1870096768102,248.9486711391326,0.3393419085373504,67,0.0,,,,0.0,,,
171.63303597376182,2026-01-14,0.651889574442514,0.9372600250244141,937.2600250244141,18.9297536333402,1135.785218000412,2026-01-14T18:27:09+00:00,2,14.05,1.138563683195228,843.0,40673FFE-92C7-4973-AE06-723AC4812AD7,3,181.10247747747758,162.1635944700461,39.49845948039344,22.86,0.348110425557485,6.589644593000412,395.3786755800247,160.86478359178415,18,2026-01-14 18:08:13+00:00,12.340109040339788,740.4065424203873,Wednesday,2026,2026-01-12,16.62457134643422,203.3754286535658,196.36280005749606,0.8251588267969319,0.8439221842581845,0.8740608502399985,0.7672425817964679,1.1228606451526537,z4_80_90,z4_80_90,z4_80_90,z3_70_80,lthr_z6_106_plus,35.0,6.0,6.0,,0.5833333333333334,0.0,1.0,0.0,z6,0.0,0.0,0.0,0.0,0.0,0.0,0.0,0.0,0.0,0.0,0.5833333333333334,1.0,0.7420782693174597,z6,6.0,6.0,14.05,1.1385636831952282,14.047358814834991,113.57852180004122,70.25,183.82852180004122,196.13396164554524,0.23013319817072814,21,0.0,,,,0.0,,,
138.40837927805265,2026-01-23,0.40132956204532705,2.560320068359375,2560.320068359375,103.66225698391597,6219.735419034958,2026-01-23T02:55:27+00:00,8,82.44987703164419,1.9818382256863851,4946.992621898651,B0F5F752-AE54-492C-8A06-2E789427EF9B,4,155.44864864864866,97.56527206890598,48.747102415180144,22.86,0.598670437954672,62.05952878793081,3723.5717272758484,354.3697510946941,51,2026-01-23 01:11:48+00:00,41.60272819598516,2496.1636917591095,Friday,2026,2026-01-19,16.649212509497115,203.35078749050288,196.34555124335202,0.6654249003752531,0.680638521178664,0.7049224105236199,0.5237107947251599,0.9054977159201798,z2_60_70,z2_60_70,z3_70_80,z1_under_60,lthr_z3_90_95,215.0,3.9302325581395348,4.5,1.0,3.0,0.5833333333333334,0.8372093023255814,0.16279069767441862,z5,0.5833333333333334,0.16279069767441862,0.0,0.0,0.5,0.13953488372093023,0.5,0.13953488372093023,2.0,0.5581395348837209,0.0,0.0,0.5064424062273237,z3,3.0,3.9302325581395348,82.44987703164419,1.9818382256863856,52.498962861889595,407.4167774484139,412.24938515822095,819.6661626066348,320.14206846094356,0.3521976246629596,90,0.0,,,,0.0,,,
146.10912163873456,2026-01-24,0.5515453034723691,3.200400085449219,3200.4000854492188,91.20760433276494,5472.456259965897,2026-01-24T02:43:05+00:00,7,38.11666666666667,0.7577093994377241,2287.0,7969A38A-FB94-4908-BECD-854558664605,4,165.6917293233083,117.68716580360964,47.15515979338094,22.86,0.44845469652763004,40.9024785220623,2454.148711323738,467.6076453775164,64,2026-01-24 01:11:52+00:00,50.30512581070264,3018.3075486421585,Saturday,2026,2026-01-19,16.651950416504103,203.3480495834959,196.34363470844713,0.7024477001862238,0.718517447981429,0.7441500298988233,0.5801998773021704,0.9558776470692829,z3_70_80,z3_70_80,z3_70_80,z1_under_60,lthr_z4_95_100,185.0,4.243243243243243,4.333333333333333,1.0,3.0,0.08333333333333333,0.972972972972973,0.02702702702702703,z3,0.08333333333333333,0.02702702702702703,0.0,0.0,1.0,0.32432432432432434,0.5,0.16216216216216217,1.0,0.32432432432432434,0.5,0.16216216216216217,0.5610576002747132,z4,4.0,4.243243243243243,38.11666666666667,0.7577093994377244,51.17271961374663,387.016050817408,190.58333333333334,577.5993841507413,180.47724307246028,0.3227393284176706,96,0.0,,,,0.0,,,
138.07954717111718,2026-01-24,0.48605950753868904,4.000500106811524,4000.500106811524,136.376137282451,8182.56823694706,2026-01-24T18:43:35+00:00,11,71.48333333333333,1.078392771192026,4289.0,3C066F77-15B5-46A1-AD16-DE8A9F039F1E,4,156.50128369704746,102.09190231362466,49.70897364657395,22.86,0.513940492461311,70.08921915491422,4205.353149294853,552.3872432065411,80,2026-01-24 16:27:13+00:00,66.28691812753678,3977.2150876522064,Saturday,2026,2026-01-19,16.651950416504103,203.3480495834959,196.34363470844713,0.6638439767842172,0.6790305953459411,0.7032545128145002,0.5213095998677265,0.9033464247678348,z2_60_70,z2_60_70,z3_70_80,z1_under_60,lthr_z3_90_95,305.0,3.0655737704918034,3.3333333333333335,1.0,4.5,0.5833333333333334,0.8852459016393442,0.11475409836065574,z3,0.5833333333333334,0.11475409836065574,1.0,0.19672131147540983,1.5,0.29508196721311475,1.5,0.29508196721311475,0.5,0.09836065573770492,0.0,0.0,0.5041102636249446,z3,3.0,3.0655737704918034,71.48333333333333,1.078392771192026,68.74861051760801,418.0711093740711,357.4166666666667,775.4877760407378,193.84770787040839,0.36000243819579847,119,0.0,,,,0.0,,,
143.05263642980034,2026-01-27,0.438504037744853,3.703320098876953,3703.320098876953,128.35568398237228,7701.341038942337,2026-01-27T03:11:06+00:00,10,81.28324395020803,1.444150069922399,4876.994637012482,DBA9354D-DB7C-46A5-98EA-0794E0FF7438,5,165.98048780487807,104.94459644322843,45.59515585285847,22.86,0.5614959622551461,72.07119828859965,4324.271897315979,529.7697036878171,74,2026-01-27 01:02:45+00:00,56.28448569377263,3377.069141626358,Tuesday,2026,2026-01-26,16.66016413752507,203.33983586247493,196.33788510373245,0.6877530597586555,0.7035150580457402,0.7286043462993422,0.557816693475516,0.9358814561603946,z2_60_70,z3_70_80,z3_70_80,z1_under_60,lthr_z3_90_95,275.0,3.9454545454545453,4.857142857142857,1.0,3.5,1.0833333333333333,0.7636363636363637,0.23636363636363636,z5,1.0833333333333333,0.23636363636363636,0.0,0.0,0.5,0.10909090909090909,0.0,0.0,2.5,0.5454545454545454,0.5,0.10909090909090909,0.5393804002113499,z3,3.0,3.9454545454545453,81.28324395020803,1.4441500699223995,69.23254019581351,506.4215168031779,406.41621975104016,912.837736554218,246.49171883117526,0.3187299234099275,79,0.0,,,,0.0,,,
151.4212122948549,2026-01-28,0.413303695679115,2.9718000793457033,2971.800079345703,108.10645991762479,6486.3875950574875,2026-01-28T02:39:40+00:00,8,92.48324971596399,2.069865600787181,5548.99498295784,B5168454-B6F9-4E80-BCC6-7F3687716223,5,162.94898348697293,128.78212290502793,45.104783179672545,22.86,0.586696304320884,63.425660506884256,3805.5396304130554,449.9935707124724,59,2026-01-28 00:51:34+00:00,44.68079941074053,2680.847964644432,Wednesday,2026,2026-01-26,16.662902044532057,203.33709795546795,196.33596856882755,0.7279865975714178,0.7446806992790714,0.7712352117578124,0.6192093975949934,0.9906304993240932,z3_70_80,z3_70_80,z3_70_80,z2_60_70,lthr_z4_95_100,215.0,4.627906976744186,4.714285714285714,1.0,3.5,0.08333333333333333,0.9767441860465116,0.023255813953488372,z5,0.08333333333333333,0.023255813953488372,0.0,0.0,0.5,0.13953488372093023,0.5,0.13953488372093023,2.0,0.5581395348837209,0.5,0.13953488372093023,0.5987320020911696,z4,4.0,4.627906976744186,92.48324971596399,2.0698656007871814,64.72679718546827,500.30664008389147,462.41624857982,962.7228886637115,323.95277709114026,0.29787625192065076,104,0.0,,,,0.0,,,
130.3938335346578,2026-01-29,0.563907865015085,3.291840087890625,3291.840087890625,124.93299220005672,7495.979532003403,2026-01-29T03:02:32+00:00,9,72.48331016699473,1.028851570742541,4348.998610019684,64A7D3E8-B35B-42BA-8390-3A503F5A0672,5,153.02532467532464,91.8661504424779,64.20484745960827,22.86,0.43609213498491406,54.482295298576354,3268.9377179145813,429.23564844312347,65,2026-01-29 00:57:36+00:00,70.45069690148036,4227.041814088821,Thursday,2026,2026-01-26,16.665639951539045,203.33436004846095,196.33405203392266,0.6268934304550856,0.6412779104504565,0.6641427311454271,0.4649879422335209,0.8530648148007849,z2_60_70,z2_60_70,z2_60_70,z1_under_60,lthr_z2_85_90,245.0,2.5918367346938775,3.1666666666666665,1.0,3.0,1.0833333333333333,0.7346938775510204,0.2653061224489796,z3,1.0833333333333333,0.2653061224489796,0.5,0.12244897959183673,2.0,0.4897959183673469,0.0,0.0,0.5,0.12244897959183673,0.0,0.0,0.4496016562741688,z2,2.0,2.5918367346938775,72.48331016699473,1.028851570742541,56.17008021643331,323.8059185593307,362.41655083497363,686.2224693943043,208.46166614187754,0.4923917467503788,97,0.0,,,,0.0,,,
131.24771772174552,2026-01-30,0.405243257930927,3.451860092163086,3451.860092163086,136.4415384332339,8186.492305994034,2026-01-30T03:08:41+00:00,11,79.5914122502009,1.43947393371103,4775.484735012054,6EF01302-6CF3-487D-BCE8-558D9EE7296C,5,156.68873762376236,91.40109890109892,48.05410307097046,22.86,0.594756742069072,81.14952488144239,4868.971492886543,453.04875899117917,69,2026-01-30 00:52:14+00:00,55.292013551791506,3317.5208131074905,Friday,2026,2026-01-26,16.668377858546034,203.33162214145398,196.33213549901777,0.6309986428930073,0.6454860111745873,0.6684983962923489,0.47126056825674556,0.8586511108408172,z2_60_70,z2_60_70,z2_60_70,z1_under_60,lthr_z2_85_90,305.0,2.8688524590163933,4.166666666666667,1.0,3.0,2.0833333333333335,0.5901639344262295,0.4098360655737705,z1,2.0833333333333335,0.4098360655737705,0.0,0.0,0.5,0.09836065573770492,1.5,0.29508196721311475,1.0,0.19672131147540983,0.0,0.0,0.45565757249464905,z2,2.0,2.8688524590163933,79.5914122502009,1.43947393371103,62.170620189922715,391.4306430461628,397.9570612510045,789.3877042971674,228.6847332223429,0.3661328661946608,111,0.0,,,,0.0,,,
140.7852221910273,2026-02-05,0.46405321160697804,3.65760009765625,3657.60009765625,119.70874896645546,7182.524937987328,2026-02-05T02:35:00+00:00,8,98.22913306554159,1.768262090675194,5893.747983932495,BDF02BBA-C7A7-477F-AADD-0C90354038CC,6,156.08520175478947,103.87415217858505,45.56367120418703,22.86,0.535946788393021,64.15751955111821,3849.451173067093,514.9360424344583,73,2026-02-05 00:35:17+00:00,55.55122941533725,3333.0737649202347,Thursday,2026,2026-02-02,16.684805300587964,203.31519469941205,196.32063628958844,0.6768520297645543,0.6924481094448885,0.7171188156876079,0.5412839144875281,0.9210475391319373,z2_60_70,z2_60_70,z3_70_80,z1_under_60,lthr_z3_90_95,215.0,3.511627906976744,4.0,1.0,3.0,0.5833333333333334,0.8372093023255814,0.16279069767441862,z3,0.5833333333333334,0.16279069767441862,0.0,0.0,1.0,0.27906976744186046,1.0,0.27906976744186046,1.0,0.27906976744186046,0.0,0.0,0.5232994481633141,z3,3.0,3.511627906976744,98.22913306554159,1.7682620906751942,62.64352227446684,420.3725835798785,491.14566532770795,911.5182489075864,249.2121130168597,0.32363958727403247,91,0.0,,,,0.0,,,
139.87091065523836,2026-02-06,0.5160046865472631,2.5146000671386712,2514.600067138672,98.08907761772474,5885.344657063484,2026-02-06T02:38:23+00:00,7,79.46661151647568,1.5700388472114182,4767.996690988541,C228312A-0634-48AE-97F7-679252B0A5F8,6,150.020979020979,118.64721485411145,60.38466046106211,22.86,0.48399531345273605,47.474653867880505,2848.47923207283,351.7194013244096,50,2026-02-06 01:00:18+00:00,50.614423749844235,3036.865424990654,Friday,2026,2026-02-02,16.687543207594953,203.31245679240504,196.31871975468354,0.6724563012271075,0.6879603584646831,0.7124685349925806,0.5345873177696151,0.915065914235997,z2_60_70,z2_60_70,z3_70_80,z1_under_60,lthr_z3_90_95,185.0,3.108108108108108,3.6,1.0,2.5,0.5833333333333334,0.8108108108108109,0.1891891891891892,z4,0.5833333333333334,0.1891891891891892,0.0,0.0,1.0,0.32432432432432434,1.5,0.4864864864864865,0.0,0.0,0.0,0.0,0.5168149691860877,z3,3.0,3.108108108108108,79.46661151647568,1.5700388472114184,50.69390362649618,304.8714574604958,397.3330575823784,702.2045150428742,279.25097283636956,0.43171707525306385,77,0.0,,,,0.0,,,
128.88729788968433,2026-02-07,0.281571489347234,2.148840057373047,2148.840057373047,143.1631796658039,8589.790779948235,2026-02-07T18:56:59+00:00,12,71.74989553292592,1.779923182485756,4304.993731975555,7B12778C-70A8-43A6-9AE2-540689C80654,6,150.6018649815116,103.1388888888889,56.27780845746023,22.86,0.718428510652765,102.85250994761785,6171.150596857071,276.9581885919262,42,2026-02-07 16:33:49+00:00,40.31066971818606,2418.6401830911636,Saturday,2026,2026-02-02,16.69028111460194,203.30971888539807,196.31680321977865,0.6196504706234823,0.6339455811373962,0.6565270816140669,0.45401970157179966,0.8432087309958058,z2_60_70,z2_60_70,z2_60_70,z1_under_60,lthr_z1_under_85,335.0,2.253731343283582,3.3333333333333335,1.0,3.0,2.5833333333333335,0.5373134328358209,0.4626865671641791,z1,2.5833333333333335,0.4626865671641791,0.0,0.0,2.0,0.3582089552238806,1.0,0.1791044776119403,0.0,0.0,0.0,0.0,0.43891700630981795,z1,1.0,2.253731343283582,71.74989553292592,1.7799231824857558,62.836754232709254,322.65134521696103,358.7494776646296,681.4008228815906,317.1016942575995,0.43664355897684237,97,0.0,,,,0.0,,,
132.6096949264885,2026-02-07,0.353037675682345,2.5146000671386712,2514.600067138672,111.61787753303845,6697.072651982307,2026-02-07T02:52:27+00:00,8,24.8332213362058,0.6301997757209681,1489.993280172348,3F46DC16-4F3F-4EEE-87C2-4B1DB7D03BEB,6,162.80492844573783,100.32058823529411,47.01182891524294,22.86,0.6469623243176541,72.21256148417791,4332.753689050674,333.46034776538676,50,2026-02-07 01:00:50+00:00,39.40531604886055,2364.318962931633,Saturday,2026,2026-02-02,16.69028111460194,203.30971888539807,196.31680321977865,0.6375466102235023,0.652254578155401,0.6754882554705752,0.48132807743261224,0.8675614618937154,z2_60_70,z2_60_70,z2_60_70,z1_under_60,lthr_z2_85_90,215.0,2.953488372093023,3.8,1.0,2.5,1.0833333333333333,0.6976744186046512,0.3023255813953488,z3,1.0833333333333333,0.3023255813953488,0.0,0.0,1.5,0.4186046511627907,0.5,0.13953488372093023,0.0,0.0,0.5,0.13953488372093023,0.4653169852942446,z2,2.0,2.953488372093023,24.8332213362058,0.6301997757209685,51.937694278615645,329.66210341153214,124.16610668102899,453.8282100925611,180.47729180607473,0.35451275972924684,108,0.0,,,,0.0,,,
144.4710876489239,2026-02-10,0.466560466808324,3.7490401000976563,3749.0401000976562,132.92142870028815,7975.285722017288,2026-02-10T02:44:32+00:00,9,93.33320548137029,1.504988717848452,5599.992328882217,AC1AB3C1-3120-44BB-AD65-2BAE34C927B3,7,163.91353515751865,112.43446601941747,49.62540983887082,22.86,0.533439533191675,70.90554487705231,4254.332692623138,541.627900900539,75,2026-02-10 00:31:37+00:00,62.01588382323583,3720.95302939415,Tuesday,2026,2026-02-09,16.698494835622906,203.3015051643771,196.31105361506397,0.6945725367736727,0.7106247813173516,0.7359294598469717,0.5683802798472051,0.9451612724963718,z2_60_70,z3_70_80,z3_70_80,z1_under_60,lthr_z3_90_95,245.0,3.938775510204082,4.428571428571429,1.0,3.5,0.5833333333333334,0.8571428571428571,0.14285714285714285,z4,0.5833333333333334,0.14285714285714285,0.0,0.0,0.5,0.12244897959183673,1.5,0.3673469387755102,1.0,0.24489795918367346,0.5,0.12244897959183673,0.5494403379356306,z3,3.0,3.938775510204082,93.33320548137029,1.5049887178484527,73.03239470397315,523.547668146033,466.6660274068514,990.2136955528844,264.124594326716,0.3434971705858854,118,0.0,,,,0.0,,,
153.8330032789625,2026-02-11,0.47782267566149905,3.4061400909423822,3406.140090942383,111.66373365124066,6699.82401907444,2026-02-11T02:41:08+00:00,8,65.19995566606522,1.221992103399785,3911.997339963913,A32D204D-127A-4714-8EFF-6DFD1F36C577,7,172.37345679012344,123.07467081484593,46.99348461574309,22.86,0.5221773243385001,58.308269663651785,3498.496179819107,523.9767597785452,68,2026-02-11 00:49:28+00:00,53.355463987588884,3201.327839255333,Wednesday,2026,2026-02-09,16.701232742629895,203.29876725737012,196.30913708015908,0.7395817465334736,0.7566843879786765,0.7836263027132953,0.6370784199023426,1.0064089604171103,z3_70_80,z3_70_80,z3_70_80,z2_60_70,lthr_z5_100_106,215.0,4.906976744186046,5.0,1.0,3.5,0.08333333333333333,0.9767441860465116,0.023255813953488372,z5,0.08333333333333333,0.023255813953488372,0.0,0.0,0.0,0.0,1.0,0.27906976744186046,1.5,0.4186046511627907,1.0,0.27906976744186046,0.6158369026876773,z5,5.0,4.906976744186046,65.19995566606522,1.221992103399785,68.76664787432182,547.9313441956227,325.9997783303261,873.9311225259488,256.57521393494915,0.30548376235315755,93,0.0,,,,0.0,,,
146.54308873237582,2026-02-12,0.44825453256248704,3.7490401000976563,3749.0401000976562,130.06276218295096,7803.765730977058,2026-02-12T02:41:59+00:00,8,32.34996383190155,0.554876250489156,1940.997829914093,0850F8FD-27B9-4830-A5E1-35CC235B0D29,7,169.0650105708245,121.1232115126756,46.65292003511991,22.86,0.5517454674375121,71.76153951684634,4305.69237101078,549.3959160498459,74,2026-02-12 00:31:55+00:00,58.301222666104636,3498.073359966278,Thursday,2026,2026-02-09,16.703970649636886,203.2960293503631,196.30722054525418,0.7045340804441145,0.720835961236712,0.7464987193305691,0.5836053266665755,0.9587167541676129,z3_70_80,z3_70_80,z3_70_80,z1_under_60,lthr_z4_95_100,215.0,3.9302325581395348,4.0,1.0,3.5,0.08333333333333333,0.9767441860465116,0.023255813953488372,z4,0.08333333333333333,0.023255813953488372,0.5,0.13953488372093023,0.5,0.13953488372093023,1.5,0.4186046511627907,0.5,0.13953488372093023,0.5,0.13953488372093023,0.5641353810806796,z4,4.0,3.9302325581395348,32.34996383190155,0.5548762504891562,73.37300590848484,511.1769025329933,161.74981915950775,672.9267216925011,179.49307121974303,0.3183563308148893,106,0.0,,,,0.0,,,
143.52687052875285,2026-02-13,0.434574787845021,2.9718000793457033,2971.800079345703,117.91585326592127,7074.9511959552765,2026-02-13T02:46:34+00:00,8,70.18331026633581,1.369610647124908,4210.998615980148,E1818A10-2A5E-44F2-8C09-4C9270C73167,7,155.28394332939789,117.02096985583226,51.729512970352246,22.86,0.5654252121549781,66.67259634931882,4000.3557809591293,426.5331652255882,59,2026-02-13 00:48:39+00:00,51.243256916602455,3074.595414996147,Friday,2026,2026-02-09,16.706708556643875,203.2932914433561,196.3053040103493,0.6900330313882349,0.7060088875030288,0.731141072587555,0.5614867006169386,0.9389839987640494,z2_60_70,z3_70_80,z3_70_80,z1_under_60,lthr_z3_90_95,215.0,3.7906976744186047,3.857142857142857,1.0,3.5,0.08333333333333333,0.9767441860465116,0.023255813953488372,z4,0.08333333333333333,0.023255813953488372,0.0,0.0,1.0,0.27906976744186046,2.0,0.5581395348837209,0.5,0.13953488372093023,0.0,0.0,0.5427437626152685,z3,3.0,3.7906976744186047,70.18331026633581,1.369610647124908,63.998093873536,446.9833507522132,350.91655133167905,797.8999020838922,268.4904370349047,0.36041692248831714,99,0.0,,,,0.0,,,
150.2446559249448,2026-02-14,0.49142166173336604,3.383280090332031,3383.2800903320312,108.65692868232728,6519.415720939636,2026-02-14T02:34:04+00:00,8,68.63329390287399,1.285355088608368,4117.99763417244,D48AABB9-D305-40D1-9317-D490A35265AA,7,165.76509184444996,130.9636856493171,47.3472786995944,22.86,0.508578338266633,55.26056023041407,3315.6336138248444,508.31975306965217,67,2026-02-14 00:45:25+00:00,53.3963684519132,3203.782107114792,Saturday,2026,2026-02-09,16.709446463650863,203.29055353634914,196.3033874754444,0.7223300765622346,0.7390636372982302,0.7653696548855475,0.6107881563687624,0.9829332116948182,z3_70_80,z3_70_80,z3_70_80,z2_60_70,lthr_z4_95_100,215.0,4.372093023255814,4.372093023255814,,3.5833333333333335,0.0,1.0,0.0,z5,0.0,0.0,0.5833333333333334,0.16279069767441862,0.0,0.0,1.0,0.27906976744186046,1.5,0.4186046511627907,0.5,0.13953488372093023,0.5903876306733673,z4,4.0,4.372093023255814,68.63329390287399,1.2853550886083687,64.14970668100425,475.0581998204076,343.16646951436996,818.2246693347776,241.84360960031484,0.31513452780142065,90,0.0,,,,0.0,,,
123.64544138524327,2026-02-14,0.269070249793087,2.3545800628662112,2354.580062866211,153.46630539894105,9207.978323936462,2026-02-14T19:20:13+00:00,12,23.61667601664861,0.571926278912765,1417.0005609989166,E8A5A161-27E7-48C9-897A-995D70013183,7,162.14036659248018,87.0592592592593,52.61220603165562,22.86,0.7309297502069131,112.1730882704258,6730.385296225548,291.1330911499865,47,2026-02-14 16:46:45+00:00,41.293217128515245,2477.5930277109146,Saturday,2026,2026-02-09,16.709446463650863,203.29055353634914,196.3033874754444,0.5944492374290542,0.6082202996369676,0.6298691172647751,0.41562265260105313,0.8089153658346017,z1_under_60,z2_60_70,z2_60_70,z1_under_60,lthr_z1_under_85,335.0,2.1641791044776117,3.1666666666666665,1.0,3.0,2.5833333333333335,0.5373134328358209,0.4626865671641791,z1,2.5833333333333335,0.4626865671641791,1.5,0.26865671641791045,0.5,0.08955223880597014,0.5,0.08955223880597014,0.0,0.0,0.5,0.08955223880597014,0.40174071904427855,z1,1.0,2.1641791044776117,23.61667601664861,0.5719262789127659,61.653663880039424,332.1285713857679,118.08338008324306,450.21195146901096,191.20689866071982,0.4255086596175533,86,0.0,,,,0.0,,,
151.8455426727601,2026-02-16,0.45892653407534,3.703320098876953,3703.320098876953,145.7316249827544,8743.897498965263,2026-02-16T18:39:08+00:00,12,54.41627220312754,0.8136391008081011,3264.9763321876526,85E2BA4C-2B13-4A51-8DED-FD6AEB4EA136,8,180.56626262163604,120.19429602341465,54.17850018861547,22.86,0.541073465924659,78.85151542425156,4731.090925455093,562.3326501049106,74,2026-02-16 16:13:24+00:00,66.88010955850284,4012.80657351017,Monday,2026,2026-02-16,16.71492227766484,203.28507772233516,196.2995544056346,0.7300266474651929,0.7469586276281639,0.7735399254090284,0.6225593006273433,0.9934065609324501,z3_70_80,z3_70_80,z3_70_80,z2_60_70,lthr_z4_95_100,335.0,4.402985074626866,4.8,1.0,5.0,0.5833333333333334,0.8955223880597015,0.1044776119402985,z6,0.5833333333333334,0.1044776119402985,0.0,0.0,1.5,0.26865671641791045,0.5,0.08955223880597014,0.5,0.08955223880597014,2.5,0.44776119402985076,0.6017414373954617,z4,4.0,4.402985074626866,54.41627220312754,0.8136391008081012,87.692757491099,641.6541697001873,272.0813610156377,913.735530715825,246.73414836403666,0.35680006956394295,98,0.0,,,,0.0,,,
142.8812351543943,2026-02-18,0.395777126220676,3.22326008605957,3223.2600860595703,126.71357755064965,7602.814653038979,2026-02-18T02:50:46+00:00,1263,13.616724650065104,0.271518116352233,817.0034790039062,A29E2284-617B-4D38-B172-226AAB69B5BE,8,188.0,82.0,46.676657393892405,22.86,0.604222873779323,76.56324197451274,4593.794518470764,460.5433823200506,64,2026-02-18 00:44:03+00:00,50.150335576136904,3009.0201345682144,Wednesday,2026,2026-02-16,16.720398091678817,203.27960190832118,196.29572133582482,0.6869290151653572,0.7028803372944106,0.7278876695939365,0.5568055240243626,0.9347601117432753,z2_60_70,z3_70_80,z3_70_80,z1_under_60,lthr_z3_90_95,7121.0,3.7302345176239293,4.988920804267542,1.0,81.23333333333333,37.45,0.684454430557506,0.315545569442494,z1,37.45,0.315545569442494,5.95,0.050133408229181296,5.066666666666666,0.042690633338014324,8.65,0.07288302204746525,25.833333333333332,0.217666058137902,35.733333333333334,0.3010813088049431,0.5381647883290375,z3,3.0,3.7302345176239293,13.616724650065104,0.27151811635223366,68.19278564096044,472.6713608310499,68.08362325032552,540.7549840813755,167.7664754451905,0.32668150820123193,112,107.0,-0.27995988207313754,-2.125,-0.13997994103656877,111.0,-1.3102967041400877,-0.799999999999983,-1.7470622721867834
142.5774962742176,2026-02-19,0.39245115275566406,3.474720092773437,3474.7200927734375,136.93127196629843,8215.876317977905,2026-02-19T02:54:35+00:00,1342,8.3,0.154450685764096,498.0,5786F03E-E263-466E-9FD3-AA4187A4F851,8,199.0,75.0,46.396976530486626,22.86,0.607548847244336,83.19243643482527,4991.546186089516,495.4168910813538,69,2026-02-19 00:37:40+00:00,53.73883553147316,3224.3301318883896,Thursday,2026,2026-02-16,16.723135998685805,203.2768640013142,196.29380480091993,0.6854687320875846,0.7013955915479678,0.7263474077483948,0.5545878739438027,0.9327729859372312,z2_60_70,z3_70_80,z3_70_80,z1_under_60,lthr_z3_90_95,7330.0,3.300818553888131,4.772930648769575,1.0,74.5,47.666666666666664,0.6098226466575716,0.39017735334242837,z1,47.666666666666664,0.39017735334242837,8.383333333333333,0.06862210095497953,9.216666666666667,0.07544338335607094,8.416666666666666,0.0688949522510232,13.4,0.10968622100954979,35.083333333333336,0.28717598908594816,0.5360106118738837,z3,3.0,3.300818553888131,8.3,0.15445068576409607,73.39661487132479,451.9852831138595,41.5,493.4852831138595,142.02159308894767,0.3254158457184006,95,86.0,0.39519199771867786,0.3333333333333428,0.19759599885933893,89.0,-0.8776996680631459,0.7638888888888857,-1.1702662240841946
139.40853658536585,2026-02-20,0.42958238674452004,3.383280090332031,3383.2800903320312,123.3416304330031,7400.4978259801865,2026-02-20T02:35:34+00:00,1148,16.35,0.30857561654362803,981.0,5E3385DE-EEAE-4584-9BD1-7AB6EAD93708,8,184.0,86.0,46.98286033525249,22.86,0.570417613255479,70.35623844663301,4221.374306797981,471.6581262515929,68,2026-02-20 00:32:14+00:00,52.98539198637009,3179.123519182205,Friday,2026,2026-02-16,16.725873905692794,203.2741260943072,196.29188826601504,0.670233348968105,0.6858154515970641,0.710210380147952,0.5313447142215113,0.9120409625216995,z2_60_70,z2_60_70,z3_70_80,z1_under_60,lthr_z3_90_95,6568.0,3.127436053593179,4.496746746746747,1.0,66.6,42.86666666666667,0.6084043848964678,0.3915956151035323,z1,42.86666666666667,0.3915956151035323,8.833333333333334,0.08069427527405602,7.166666666666667,0.06546894031668697,12.283333333333333,0.11221071863580999,18.716666666666665,0.17098051157125457,19.6,0.17904993909866018,0.5135357204635876,z3,3.0,3.127436053593179,16.35,0.30857561654362886,63.340333047565814,385.7430619251396,81.75,467.4930619251396,138.17746371665623,0.33701566264188465,97,87.0,5.650138610821222,3.536231884057969,2.825069305410611,89.0,-4.973070779471483,-1.7222222222222285,-6.630761039295312
135.8227969348659,2026-02-21,0.435649468709884,2.880360076904296,2880.360076904297,120.07772928277652,7204.663756966591,2026-02-21T02:38:22+00:00,1044,14.266666666666667,0.272723686599998,856.0,8C4E0E99-DE55-4021-B979-F61F54F0FB44,8,179.0,85.0,54.484645220628494,22.86,0.564350531290115,67.76593031684557,4065.9558190107346,391.21856182466706,57,2026-02-21 00:38:18+00:00,52.31179896593094,3138.7079379558563,Saturday,2026,2026-02-16,16.728611812699782,203.2713881873002,196.28997173111014,0.6529942160330091,0.6681845297859372,0.6919497503465137,0.505042165126192,0.8885822739628993,z2_60_70,z2_60_70,z2_60_70,z1_under_60,lthr_z2_85_90,6136.0,2.8609843546284224,4.131066630106937,1.0,60.78333333333333,41.483333333333334,0.594361147327249,0.40563885267275096,z1,41.483333333333334,0.40563885267275096,11.1,0.10853976531942634,11.4,0.11147327249022164,9.666666666666666,0.09452411994784876,15.666666666666666,0.15319426336375488,12.95,0.12662972620599738,0.4881049428004673,z2,2.0,2.8609843546284224,14.266666666666667,0.27272368659999835,58.610533183179626,343.54050481733077,71.33333333333334,414.87383815066414,144.03540775240683,0.40114506879693196,82,76.0,1.1008111040573276,1.578769841269839,0.5504055520286638,73.0,-4.408323272256228,0.8499999999999943,-5.877764363008306
136.12105263157895,2026-02-21,0.26654762900175905,2.400300064086914,2400.300064086914,123.99431026577949,7439.65861594677,2026-02-21T18:44:22+00:00,1330,16.066666666666666,0.486126395270064,964.0,46287858-318D-4BC5-8C21-C3D176A414B4,8,188.0,81.0,41.307822183004355,22.86,0.73345237099824,90.94392085472742,5456.635251283646,326.7313713551572,48,2026-02-21 16:40:23+00:00,33.050389411052066,1983.023364663124,Saturday,2026,2026-02-16,16.728611812699782,203.2713881873002,196.28997173111014,0.6544281376518218,0.6696518080850269,0.6934692151163269,0.507230854187634,0.8905335275903354,z2_60_70,z2_60_70,z2_60_70,z1_under_60,lthr_z2_85_90,7097.0,2.8420459349020715,4.596423658872077,1.0,60.583333333333336,57.7,0.5121882485557278,0.48781175144427225,z1,57.7,0.48781175144427225,9.416666666666666,0.07961110328307736,8.4,0.07101592222065661,6.05,0.051148372551782444,10.066666666666666,0.0851063829787234,26.65,0.22530646752148795,0.49022023142963794,z2,2.0,2.8420459349020715,16.066666666666666,0.48612639527006496,60.78451947444875,352.3975254418448,80.33333333333333,432.7308587751781,180.28198442755573,0.3034638756049502,65,62.0,4.362797497821763,1.0847222222222257,2.1813987489108815,64.0,-5.779969934490594,-1.3888888888888857,-7.70662657932079
136.23576423576424,2026-02-24,0.505228569329351,2.834640075683594,2834.6400756835938,110.25390351613363,6615.234210968018,2026-02-24T02:20:51+00:00,1001,8.666666666666666,0.155585893386529,520.0,8C2BDF41-ADA4-4C91-B954-02D124066143,9,191.0,79.0,58.95290454785436,22.86,0.49477143067064805,54.550481579701106,3273.0288947820663,386.179357044079,56,2026-02-24 00:30:35+00:00,55.70342193643252,3342.2053161859512,Tuesday,2026,2026-02-23,16.736825533720747,203.26317446627925,196.2842221263955,0.6549796357488665,0.67024321839648,0.6940739442013654,0.5081032678634524,0.89128399585043,z2_60_70,z2_60_70,z2_60_70,z1_under_60,lthr_z2_85_90,5648.0,3.0010623229461757,4.564175339009776,1.0,52.85,41.28333333333333,0.5614376770538244,0.43856232294617564,z1,41.28333333333333,0.43856232294617564,7.783333333333333,0.0826841359773371,6.516666666666667,0.06922804532577903,6.566666666666666,0.06975920679886685,12.066666666666666,0.1281869688385269,19.916666666666668,0.21157932011331446,0.4910337889061293,z2,2.0,3.0010623229461757,8.666666666666666,0.15558589338652964,54.13839198521791,330.87883580001153,43.33333333333333,374.21216913334484,132.01399794755278,0.4327270807233319,92,77.0,-4.360814895613612,-0.845238095238102,-2.180407447806806,78.0,-1.494173929535881,-2.5347222222222143,-1.992231906047841
114.07894736842105,2026-02-25,0.5472767595806001,0.29718000793457,297.1800079345703,12.680593661467235,760.8356196880341,2026-02-25T00:55:45+00:00,76,0.9,0.12968684271414002,54.0,F513A801-9657-40C4-A581-D701061E3DE5,9,167.0,93.0,70.05647106114226,22.86,0.45272324041940004,5.74079945286115,344.447967171669,33.901982484114804,5,2026-02-25 00:43:04+00:00,6.939794208606084,416.38765251636505,Wednesday,2026,2026-02-23,16.739563440727736,203.26043655927225,196.2823055914906,0.5484564777327935,0.5612452147575447,0.5811983256699972,0.34550709330761664,0.7463292816193219,z1_under_60,z1_under_60,z1_under_60,z1_under_60,lthr_z1_under_85,537.0,1.4022346368715084,4.042253521126761,1.0,1.1833333333333333,7.766666666666667,0.13221601489757914,0.8677839851024208,z1,7.766666666666667,0.8677839851024208,0.31666666666666665,0.035381750465549346,0.08333333333333333,0.00931098696461825,0.1,0.0111731843575419,0.6,0.0670391061452514,0.08333333333333333,0.00931098696461825,0.33389324374766705,z1,1.0,1.4022346368715084,0.9,0.12968684271414044,4.233964550273401,17.781167648202658,4.5,22.281167648202658,74.97532489839725,0.6141051673179714,5,3.0,5.324380521439347,9.32692307692308,2.6621902607196737,4.0,-12.885714285714279,-12.885714285714279,-17.18095238095237
135.7285407725322,2026-02-26,0.40668697175558305,2.948940078735351,2948.9400787353516,105.49012380043665,6329.407428026199,2026-02-26T02:34:22+00:00,932,6.299721451600392,0.14684165990293102,377.98328709602356,AAB86792-737D-4DFF-8A48-9F757F8194DE,9,192.0,90.0,43.644283559250276,22.86,0.593313028244416,62.588664801915485,3755.319888114929,400.2553337123855,58,2026-02-26 00:48:53+00:00,42.90145899852117,2574.08753991127,Thursday,2026,2026-02-23,16.742301347734724,203.25769865226528,196.2803890565857,0.6525410614064048,0.6677658050470087,0.6915033204534916,0.5044011564288194,0.8879656296516969,z2_60_70,z2_60_70,z2_60_70,z1_under_60,lthr_z2_85_90,5380.0,2.854646840148699,4.613908004346252,1.0,46.016666666666666,43.65,0.5131970260223049,0.4868029739776952,z1,43.65,0.4868029739776952,6.316666666666666,0.07044609665427509,6.25,0.06970260223048327,5.016666666666667,0.05594795539033457,9.733333333333333,0.10855018587360594,18.7,0.20855018587360594,0.48743645937966096,z2,2.0,2.854646840148699,6.2997214516003925,0.1468416599029312,51.41973244480695,301.1370485738115,31.49860725800196,332.6356558318135,112.79837736630574,0.32155568247354727,78,67.0,0.024694427449258587,1.3499999999999943,0.012347213724629293,67.0,-2.948162594033046,-5.0,-3.930883458710729
138.9165950128977,2026-03-03,0.50155921376609,3.2461200866699222,3246.120086669922,111.0543883005778,6663.263298034668,2026-03-03T02:54:38+00:00,1163,8.516666666666667,0.15290148822389002,511.0,3DE67630-8EA3-48FB-A7A2-52370F99BB4E,10,188.0,74.0,51.47716368538872,22.86,0.49844078623390903,55.35403661926588,3321.2421971559525,450.9399494431579,64,2026-03-03 01:03:34+00:00,55.70035168131192,3342.0211008787155,Tuesday,2026,2026-03-02,16.755990882769666,203.24400911723035,196.27080638206124,0.6678682452543158,0.6834966285907652,0.7077802225078869,0.5278514297903365,0.9088225737755874,z2_60_70,z2_60_70,z3_70_80,z1_under_60,lthr_z3_90_95,6333.0,3.2906995105005525,4.632198297446169,1.0,66.56666666666666,38.983333333333334,0.6306647718300963,0.36933522816990366,z1,38.983333333333334,0.36933522816990366,6.7,0.06347702510658455,8.433333333333334,0.07989894204958156,11.116666666666667,0.10532133270172114,16.716666666666665,0.15837675667140375,23.6,0.2235907153008053,0.5100467731411183,z3,3.0,3.2906995105005525,8.516666666666667,0.15290148822389038,56.642932395870474,365.44662121964967,42.583333333333336,408.029954552983,125.69773873386373,0.37056165737872665,111,106.0,2.721734849889557,1.9955555555555549,1.3608674249447785,106.0,-3.305042081119844,-2.145833333333343,-4.4067227748264575
148.85211726384364,2026-03-04,0.37709779753801803,3.886200103759765,3886.2001037597656,147.5486727495988,8852.92036497593,2026-03-04T03:11:38+00:00,1535,37.00000003973643,0.6649858763575811,2220.000002384186,CD9111F5-A8F5-4440-969A-8D8850D56BA9,10,190.0,95.0,42.95219857801573,22.86,0.622902202461981,91.90839322606722,5514.5035935640335,578.46911355561,77,2026-03-04 00:44:05+00:00,55.640279523531596,3338.4167714118958,Wednesday,2026,2026-03-02,16.758728789776654,203.24127121022335,196.26888984715634,0.7156351791530944,0.7323911938627756,0.7584091262744781,0.600787973693698,0.9738229209484429,z3_70_80,z3_70_80,z3_70_80,z2_60_70,lthr_z4_95_100,8248.0,3.7504849660523765,4.722067268252666,1.0,101.58333333333333,35.88333333333333,0.7389670223084384,0.2610329776915616,z6,35.88333333333333,0.2610329776915616,13.7,0.09966052376333656,12.716666666666667,0.09250727449078565,9.9,0.07201745877788555,17.066666666666666,0.12415130940834142,48.2,0.3506304558680892,0.5805114699563378,z4,4.0,3.7504849660523765,37.00000003973643,0.664985876357581,85.65369690797625,553.3790789083523,185.00000019868213,738.3790791070344,190.00027260373906,0.28855618158176427,112,105.0,-0.9473244892294939,-2.555555555555543,-0.47366224461474693,103.0,0.8675402613907262,2.980676328502426,1.1567203485209685
122.66091954022988,2026-03-04,0.22117351010500802,2.286000061035156,2286.0000610351562,213.51200428406398,12810.720257043839,2026-03-05T02:56:03+00:00,1914,8.283333333333333,0.175408134816726,497.0,F9D71916-251C-48ED-B051-9AB89656C985,10,183.0,77.0,61.97270101866682,22.86,0.778826489894991,166.28880484700204,9977.328290820122,280.4028695555939,45,2026-03-04 23:22:32+00:00,47.22319943706194,2833.3919662237167,Wednesday,2026,2026-03-02,16.758728789776654,203.24127121022335,196.26888984715634,0.5897159593280283,0.6035236780887634,0.6249636385865922,0.4085466837309807,0.8024744098275797,z1_under_60,z2_60_70,z2_60_70,z1_under_60,lthr_z1_under_85,11014.0,1.6785908843290358,3.652235628105039,1.0,46.96666666666667,136.6,0.2558561830397676,0.7441438169602325,z1,136.6,0.7441438169602325,16.9,0.0920646449972762,7.75,0.04221899400762666,6.466666666666667,0.03522789177410569,6.483333333333333,0.035318685309605954,9.366666666666667,0.05102596695115308,0.3947582946115595,z1,1.0,1.6785908843290358,8.283333333333333,0.17540813481672668,84.28563469027307,358.3993040860518,41.416666666666664,399.8159707527185,174.8976203315026,0.5052359076628415,67,54.0,6.36018600548521,4.951388888888886,3.180093002742605,57.0,-14.762896849516144,-14.7777777777778,-19.68386246602153
134.4519906323185,2026-03-06,0.39748786277853504,4.411980117797851,4411.980117797852,175.8918508509795,10553.51105105877,2026-03-06T03:39:33+00:00,1708,24.449973634878795,0.349710606346805,1466.9984180927277,54E36BB7-C5E6-404E-A20A-B83E33015A0D,10,186.0,75.0,47.5397943836247,22.86,0.602512137221464,105.97697497606278,6358.6184985637665,593.1995094681323,88,2026-03-06 00:43:39+00:00,69.91487587491672,4194.892552495003,Friday,2026,2026-03-02,16.76420460379063,203.23579539620937,196.26505677734656,0.646403801116916,0.6615566434554679,0.685053125808574,0.49511209910839116,0.8796141610321639,z2_60_70,z2_60_70,z2_60_70,z1_under_60,lthr_z2_85_90,9346.0,2.922212711320351,4.686640673096655,1.0,81.21666666666667,74.55,0.5213995292103574,0.47860047078964263,z1,74.55,0.47860047078964263,9.483333333333333,0.060881660603466725,9.016666666666667,0.05788572651401669,11.8,0.0757543334046651,18.083333333333332,0.11609244596618874,32.833333333333336,0.21078536272202011,0.47838291228594687,z2,2.0,2.922212711320351,24.449973634878795,0.3497106063468059,84.14365585745698,513.9934023743956,122.24986817439398,636.2432705487896,144.2081001186282,0.3535819303235921,118,109.0,2.6538793834818715,1.7222222222222285,1.3269396917409357,107.0,-1.857134807564998,-0.4166666666666856,-2.476179743419997
154.02743142144638,2026-03-07,0.420826382756736,3.5204400939941403,3520.4400939941406,124.26207210024198,7455.724326014519,2026-03-07T02:50:37+00:00,1203,25.16666668256124,0.481264853740875,1510.0000009536743,4B677F15-4FF9-446D-A817-E488608651D8,10,196.0,78.0,44.562120291448416,22.86,0.579173617243263,71.96931378444036,4318.1588270664215,542.2443451509928,70,2026-03-07 00:46:21+00:00,52.29275831580162,3137.5654989480972,Saturday,2026,2026-03-02,16.76694251079762,203.2330574892024,196.26314024244166,0.7405164972184922,0.7578857166464158,0.7848006061208336,0.6388128771780963,1.0076809516061414,z3_70_80,z3_70_80,z3_70_80,z2_60_70,lthr_z5_100_106,6734.0,3.993020493020493,4.827383213064945,1.0,87.76666666666667,24.466666666666665,0.782001782001782,0.217998217998218,z6,24.466666666666665,0.217998217998218,11.566666666666666,0.10305910305910305,9.95,0.08865458865458865,8.05,0.07172557172557173,10.7,0.09533709533709533,47.5,0.4232254232254232,0.6172158256840169,z5,5.0,3.993020493020493,25.16666668256124,0.4812648537408759,76.6965174325577,496.1810004014563,125.8333334128062,622.0143338142625,176.6865270269524,0.28931288329751176,110,102.0,2.3598070697021547,3.6338888888889045,1.1799035348510774,98.0,-2.737894233743306,-3.868055555555543,-3.6505256449910726
142.84177215189874,2026-03-07,0.453671865853403,3.131820083618164,3131.820083618164,94.50029730002085,5670.017838001251,2026-03-07T18:28:31+00:00,948,17.499990300337473,0.408190399020107,1049.9994180202484,EDE7E391-1681-4D33-8D84-3D89DD240BAD,10,183.0,80.0,41.06761409193594,22.86,0.5463281341465971,51.62817110021909,3097.6902660131454,447.35473080492625,62,2026-03-07 16:54:01+00:00,42.87212619980176,2572.327571988106,Saturday,2026,2026-03-02,16.76694251079762,203.2330574892024,196.26314024244166,0.6867392891918208,0.7028471347949278,0.7278074322842684,0.5567060855101915,0.9345019361992116,z2_60_70,z3_70_80,z3_70_80,z1_under_60,lthr_z3_90_95,5197.0,3.3971522031941506,4.048947626040137,1.0,68.1,18.516666666666666,0.7862228208581874,0.21377717914181257,z1,18.516666666666666,0.21377717914181257,12.383333333333333,0.14296709640177024,16.266666666666666,0.18780065422359055,10.966666666666667,0.12661150663844525,12.6,0.14546853954204347,15.883333333333333,0.18337502405233788,0.5378849088787144,z3,3.0,3.3971522031941506,17.499990300337473,0.4081903990201072,50.83028380223314,321.03189317526807,87.49995150168736,408.5318446769554,130.44550254144298,0.28750423264326636,75,71.0,4.252959026144478,2.294685990338138,2.126479513072239,72.0,-4.70698482558561,-3.2450396825396837,-6.275979767447478
147.06913183279744,2026-03-09,0.41796229241908306,4.023360107421875,4023.360107421875,137.85815778374672,8271.489467024803,2026-03-10T01:59:49+00:00,1244,22.349990769227347,0.38788927790076105,1340.9994461536407,B3CC6739-FABC-4DD7-AE55-2A2992845054,11,192.0,80.0,42.963724437449166,22.86,0.582037707580916,80.23864612778029,4814.318767666817,591.7120780492457,80,2026-03-09 23:41:57+00:00,57.61951165596644,3457.1706993579865,Monday,2026,2026-03-09,16.772418324811596,203.2275816751884,196.25930717263188,0.7070631338115262,0.7236671844467103,0.7493613115806721,0.587760061862573,0.9621582425254127,z3_70_80,z3_70_80,z3_70_80,z1_under_60,lthr_z4_95_100,6979.0,3.6462243874480587,4.633287428683848,1.0,84.71666666666667,31.6,0.7283278406648517,0.2716721593351483,z6,31.6,0.2716721593351483,11.366666666666667,0.09772173663848689,10.383333333333333,0.08926780341023069,11.133333333333333,0.0957157185843244,16.9,0.1452930219229116,34.93333333333333,0.3003295601088981,0.5678661832113293,z4,4.0,3.6462243874480587,22.349990769227347,0.3878892779007617,78.28498588520146,502.6617769197597,111.74995384613673,614.4117307658964,152.71109579092703,0.2921328486952281,92,72.0,2.369011272041682,1.2398989898990038,1.184505636020841,69.0,-4.425947741908197,-4.05263157894737,-5.901263655877596
129.868700265252,2026-03-11,0.194791172325809,2.583180068969726,2583.1800689697266,225.2836903333664,13517.021420001984,2026-03-12T02:15:37+00:00,2262,4.633333333333334,0.105583127592679,278.0,A9128256-F1C5-4DB6-8D66-68E6170E8BBF,11,198.0,89.0,50.96424520272422,22.86,0.8052088276741901,181.40041618744533,10884.02497124672,335.47423810820237,51,2026-03-11 22:30:20+00:00,43.88327414592107,2632.9964487552643,Wednesday,2026,2026-03-09,16.777894138825573,203.22210586117444,196.2554741028221,0.6243687512752499,0.6390480982121511,0.6617328808734845,0.4615161384255961,0.8496292787553451,z2_60_70,z2_60_70,z2_60_70,z1_under_60,lthr_z1_under_85,12404.0,2.1472105772331505,3.4366438356164384,1.0,97.33333333333333,109.4,0.4708158658497259,0.5291841341502741,z1,109.4,0.5291841341502741,41.233333333333334,0.19945178974524347,17.616666666666667,0.08521444695259593,9.283333333333333,0.04490486939696872,13.15,0.06360851338277974,16.05,0.07763624637213802,0.44587730684575877,z1,1.0,2.1472105772331505,4.633333333333334,0.10558312759267986,100.4488851221153,483.73152276192195,23.166666666666668,506.89818942858864,196.23029595097472,0.3924290079028407,71,63.0,3.2028391901182562,1.4904761904762154,1.6014195950591281,64.0,-8.280214524522485,-5.5277777777777715,-11.040286032696647
153.88283157038242,2026-03-12,0.48162794172760104,3.2461200866699222,3246.120086669922,112.09466723402342,6725.680034041405,2026-03-13T01:50:53+00:00,1229,25.91663626432419,0.48004506215538606,1554.9981758594513,DBFEAD1B-2693-4EA9-9244-D5AB7D9AC36A,11,191.0,95.0,49.8945717506841,22.86,0.5183720582723981,58.106743375460304,3486.4046025276184,499.5221505542628,64,2026-03-12 23:58:47+00:00,53.98792385856311,3239.2754315137863,Thursday,2026,2026-03-09,16.78063204583256,203.21936795416744,196.2535575679172,0.7398213056268386,0.7572252247388546,0.7841021252169067,0.6378155535093596,1.0067349479353824,z3_70_80,z3_70_80,z3_70_80,z2_60_70,lthr_z5_100_106,6464.0,4.217667079207921,4.991364421416235,1.0,86.85,20.883333333333333,0.8061571782178217,0.1938428217821782,z6,20.883333333333333,0.1938428217821782,9.066666666666666,0.08415841584158416,6.55,0.06079826732673267,7.033333333333333,0.06528465346534654,17.616666666666667,0.1635210396039604,46.583333333333336,0.43239480198019803,0.6161902948254072,z5,5.0,4.217667079207921,25.91663626432419,0.4800450621553863,69.07164605128881,472.77798774770736,129.58318132162094,602.3611690693283,185.5634274107428,0.3242374164908935,97,93.0,1.9867148847723877,0.17391304347825098,0.9933574423861938,94.0,-1.6501148317198264,-0.6314009661835769,-2.200153108959769
143.91606367583213,2026-03-13,0.616210886690937,4.2,4200.0,133.31526463230452,7998.915877938271,2026-03-14T01:50:59+00:00,1382,16.76666661898295,0.20409740514483002,1005.999997138977,B43218E2-8BF3-4031-8AD3-BDF01441C5D1,11,188.0,97.0,58.67879816322099,50.0,0.383789113309062,51.164947203795116,3069.896832227707,604.447467438495,84,2026-03-13 23:37:40+00:00,82.1503174285094,4929.019045710564,Friday,2026,2026-03-09,16.78336995283955,203.21663004716044,196.2516410330123,0.6919041522876545,0.7081903860054838,0.7333241287476593,0.5646598631107121,0.9415301849673002,z2_60_70,z3_70_80,z3_70_80,z1_under_60,lthr_z3_90_95,7655.0,3.4850424559111692,4.525389177168273,1.0,89.93333333333334,37.65,0.7048987589810581,0.29510124101894186,z1,37.65,0.29510124101894186,13.366666666666667,0.10476812540822991,10.416666666666666,0.08164598301763554,12.8,0.10032658393207054,22.3,0.17478772044415414,31.05,0.243370346178968,0.5455039977009372,z3,3.0,3.4850424559111692,16.76666661898295,0.20409740514483096,72.72400981148047,464.609357264614,83.83333309491475,548.4426903595288,130.58159294274495,0.4077293157169288,112,108.0,4.591150411953198,3.8333333333333286,2.295575205976599,107.0,-4.4983661302290034,-6.618055555555543,-5.997821506972006
145.40176114474409,2026-03-14,0.6154219508288661,3.4,3400.0,159.2318381826083,9553.910290956497,2026-03-14T17:57:28+00:00,1817,20.466666666666665,0.20885468665695,1228.0,7C4722FE-8A46-430B-AB7A-449035B753FB,11,188.0,82.0,86.46597219565335,50.0,0.38457804917113303,61.23706969420115,3674.224181652069,494.36598789212985,68,2026-03-14 15:18:14+00:00,97.99476848840713,5879.686109304428,Saturday,2026,2026-03-09,16.78610785984654,203.21389214015346,196.2497244981074,0.6990469285805004,0.7155109309380421,0.7409017338322241,0.5755783049211661,0.9512499408929552,z2_60_70,z3_70_80,z3_70_80,z1_under_60,lthr_z4_95_100,9448.0,3.614944961896698,4.412902334576599,1.0,120.65,36.81666666666667,0.7661939034716342,0.2338060965283658,z6,36.81666666666667,0.2338060965283658,15.533333333333333,0.09864521591871296,23.516666666666666,0.14934377646062658,17.4,0.1104995766299746,24.0,0.15241320914479256,40.2,0.25529212531752754,0.5560408591825822,z4,4.0,3.614944961896698,20.466666666666665,0.20885468665695037,88.53940811227942,575.6143312117701,102.33333333333333,677.9476645451035,199.39637192503045,0.5946693596756265,105,104.0,2.9922200842953117,1.259661835748787,1.4961100421476559,105.0,-4.94729831619216,-3.4975845410627926,-6.59639775492288
138.45466666666667,2026-03-16,0.408515957437088,3.931920104980468,3931.9201049804688,145.34020121693612,8720.412073016167,2026-03-17T02:09:51+00:00,1500,14.866666666666667,0.25039106148586804,892.0,5B02AC2F-B7F3-4B93-935C-09C66B2305CB,12,185.0,77.0,45.30137174890331,22.86,0.5914840425629111,85.9664097627004,5157.984585762024,544.3926874950358,78,2026-03-16 23:44:30+00:00,59.373791454235715,3562.4274872541428,Monday,2026,2026-03-16,16.79158367386052,203.20841632613948,196.24589142829763,0.6656474358974359,0.6813431705724913,0.7055162564626423,0.5245980284769961,0.905800538082281,z2_60_70,z2_60_70,z3_70_80,z1_under_60,lthr_z3_90_95,8072.0,3.09501982160555,4.440691759918616,1.0,81.91666666666667,52.61666666666667,0.6088949454905848,0.39110505450941524,z1,52.61666666666667,0.39110505450941524,12.35,0.091798810703667,11.333333333333334,0.08424182358771061,10.05,0.07470267591674926,24.233333333333334,0.18012884043607533,23.95,0.17802279484638256,0.5067706855791962,z3,3.0,3.09501982160555,14.866666666666667,0.2503910614858685,73.65415341292506,449.83080364255636,74.33333333333334,524.1641369758897,133.30996637290357,0.3271928122001664,103,94.0,3.460660293071754,4.07058823529411,1.730330146535877,94.0,-4.221465045388135,-2.6218434343434325,-5.6286200605175125
142.51397849462364,2026-03-18,0.41208595014237404,3.22326008605957,3223.2600860595703,128.65892066756885,7719.535240054131,2026-03-18T02:10:57+00:00,1395,23.449771972497306,0.442293862062475,1406.9863183498383,D5C4CC16-97C6-46E1-A649-821A73003D30,12,187.0,77.0,49.346188782800894,22.86,0.5879140498576251,75.64038709998131,4538.4232259988785,459.35961858727234,64,2026-03-18 00:02:18+00:00,53.01853356758753,3181.112014055252,Wednesday,2026,2026-03-16,16.797059487874495,203.2029405121255,196.24205835848787,0.6851633581472291,0.7013381702816429,0.7262152654059727,0.5544225272280446,0.932357438810369,z2_60_70,z3_70_80,z3_70_80,z1_under_60,lthr_z3_90_95,7556.0,3.470222339862361,4.61794921496414,1.0,85.98333333333333,39.95,0.6827686606670196,0.3172313393329804,z1,39.95,0.3172313393329804,11.55,0.091715193223928,9.833333333333334,0.07808364213869773,11.283333333333333,0.08959767072525146,20.566666666666666,0.1633139227104288,32.75,0.26005823186871363,0.5355601311675435,z3,3.0,3.470222339862361,23.449771972497306,0.44229386206247584,68.90458842859775,446.4750607231767,117.24885986248653,563.7239205856632,174.89247083216756,0.34625507830210833,96,94.0,0.9675761808915753,1.5763888888888857,0.48378809044578763,95.0,-1.451490002251515,0.055555555555542924,-1.9353200030020197
130.69619047619048,2026-03-19,0.513445663088532,3.063240081787109,3063.2400817871094,122.58165151675543,7354.899091005325,2026-03-20T01:58:20+00:00,1050,7.0,0.11121876850369301,420.0,6731D303-05C2-408C-AF80-C27DCFE03A07,12,184.0,78.0,61.63965180501524,22.86,0.48655433691146704,59.64263417124748,3578.558050274849,400.35380920354936,61,2026-03-19 23:55:46+00:00,62.93901734550794,3776.3410407304764,Thursday,2026,2026-03-16,16.799797394881484,203.2002026051185,196.24014182358297,0.6283470695970697,0.6431892724544868,0.6660013046346269,0.4676659010622994,0.8550428996636995,z2_60_70,z2_60_70,z2_60_70,z1_under_60,lthr_z2_85_90,6230.0,2.530016051364366,3.998427178357974,1.0,52.983333333333334,50.85,0.5102728731942215,0.4897271268057785,z1,50.85,0.4897271268057785,10.7,0.10304975922953451,8.95,0.08619582664526484,12.183333333333334,0.1173354735152488,12.033333333333333,0.1158908507223114,9.116666666666667,0.08780096308186196,0.4517460317460318,z2,2.0,2.530016051364366,7.0,0.11121876850369354,55.3757746375692,310.1335459401443,35.0,345.1335459401443,112.66944043732666,0.47162546651460674,115,95.0,1.6514685122608925,0.8571428571428612,0.8257342561304463,98.0,-3.629019036676835,-4.084821428571416,-4.838692048902448
145.1815589353612,2026-03-19,0.36015130045180405,2.697480072021484,2697.4800720214844,100.51065174937249,6030.639104962349,2026-03-19T01:54:06+00:00,1052,11.433219865957897,0.31584316197983303,685.9931919574738,1DDD3873-F8F3-4B4A-923C-EA19F3BC43E7,12,194.0,85.0,40.2587314496831,22.86,0.639848699548195,64.31160981257757,3858.696588754654,391.6243620531496,53,2026-03-19 00:13:35+00:00,36.19904193679492,2171.942516207695,Thursday,2026,2026-03-16,16.799797394881484,203.2002026051185,196.24014182358297,0.6979882641123135,0.714475463479209,0.7398158072362041,0.5740194026144796,0.9498093301533684,z2_60_70,z3_70_80,z3_70_80,z1_under_60,lthr_z3_90_95,5644.0,3.3876683203401843,4.363114549538308,1.0,66.78333333333333,27.283333333333335,0.7099574769666903,0.2900425230333097,z1,27.283333333333335,0.2900425230333097,11.85,0.12597448618001417,12.2,0.12969525159461376,8.1,0.08610914245216159,9.116666666666667,0.09691708008504607,25.516666666666666,0.2712615166548547,0.5544791413855404,z3,3.0,3.3876683203401843,11.433219865957897,0.3158431619798333,55.73105988209312,340.4967507880939,57.16609932978948,397.66285011788335,147.42012526523538,0.2772992089691459,72,66.0,3.314419453332494,3.433471359558311,1.657209726666247,65.0,-3.129460784046501,-3.0,-4.172614378728668
143.87989886219975,2026-03-24,0.674737276691131,1.485900039672851,1485.9000396728516,67.66323353449503,4059.794012069702,2026-03-24T01:14:02+00:00,791,21.266666666666666,0.46581339364901103,1276.0,CBAA70C4-64FD-4BB9-8B47-62D53A834CBA,13,182.0,85.0,92.17626631983875,22.86,0.325262723308868,22.00832760731379,1320.4996564388275,213.79114742746847,29,2026-03-24 00:06:22+00:00,45.65490592718125,2739.2943556308746,Tuesday,2026,2026-03-23,16.813486929916426,203.18651307008358,196.2305591490585,0.691730282991345,0.7081173680684818,0.7332186153172365,0.5645191812983436,0.941293586892013,z2_60_70,z3_70_80,z3_70_80,z1_under_60,lthr_z3_90_95,4034.0,3.5356965790778383,4.7578986039676705,1.0,45.36666666666667,21.866666666666667,0.6747645017352504,0.3252354982647496,z1,21.866666666666667,0.3252354982647496,5.333333333333333,0.07932573128408528,4.75,0.07064947942488845,6.85,0.10188398611799702,7.066666666666666,0.10510659395141299,21.366666666666667,0.3177987109568666,0.5452475096609911,z3,3.0,3.5356965790778383,21.266666666666666,0.4658133936490115,36.89320958029348,239.23666333725896,106.33333333333333,345.5699966705923,232.56611309242314,0.6406472832464255,44,43.0,7.548520711958526,1.7361111111111143,3.774260355979263,44.0,-11.664956878966704,-10.599999999999994,-15.553275838622271
141.92750677506774,2026-03-25,0.37324351708630304,2.217420059204101,2217.4200592041016,135.48540943463644,8129.124566078186,2026-03-25T02:26:32+00:00,1476,21.816666666666666,0.43142329846385,1309.0,B1E7E0FE-2A10-47BD-9911-D7454D7AD617,13,193.0,80.0,68.41606377829781,22.86,0.626756482913696,84.91635870337487,5094.981522202492,314.7129004758612,44,2026-03-25 00:11:03+00:00,50.56905073126157,3034.1430438756943,Wednesday,2026,2026-03-23,16.816224836923414,203.18377516307658,196.2286426141536,0.6823437825724411,0.6985179139483743,0.723276199051844,0.5501940791797258,0.9285206132852121,z2_60_70,z2_60_70,z3_70_80,z1_under_60,lthr_z3_90_95,7873.0,3.224437952495872,4.605723697755816,1.0,80.95,50.266666666666666,0.6169185824971422,0.38308141750285785,z1,50.266666666666666,0.38308141750285785,16.516666666666666,0.12587323764765654,9.516666666666667,0.07252635589991109,5.283333333333333,0.04026419408103645,7.683333333333334,0.05855455353740632,41.95,0.31970024133113173,0.5314007572699839,z3,3.0,3.224437952495872,21.816666666666666,0.4314232984638507,71.99704917259963,436.864296190484,109.08333333333333,545.9476295238173,246.20848325859126,0.48204935979553465,80,77.0,2.6227566984883413,1.4720496894409791,1.3113783492441706,78.0,-6.305951733084424,-1.7763888888888886,-8.407935644112566
134.23951048951048,2026-03-27,0.436741917297135,3.268980087280273,3268.9800872802734,119.11580204963684,7146.94812297821,2026-03-27T02:12:04+00:00,1144,22.15,0.42577433066687004,1329.0,8F9B072C-F22E-4C35-B55F-306B77817578,13,180.0,78.0,47.74228876765024,22.86,0.563258082702864,67.09293828209242,4025.5762969255447,438.82628671646114,65,2026-03-27 00:12:57+00:00,52.02286376754443,3121.3718260526657,Friday,2026,2026-03-23,16.82170065093739,203.1782993490626,196.22480954434383,0.6453822619688003,0.6606980711994518,0.6841107951702426,0.4937608327532204,0.8782240697313725,z2_60_70,z2_60_70,z2_60_70,z1_under_60,lthr_z2_85_90,6434.0,2.9421821572894,4.673133450911228,1.0,56.7,50.53333333333333,0.5287534970469382,0.47124650295306186,z1,50.53333333333333,0.47124650295306186,6.233333333333333,0.058128691327323595,7.4,0.06900839291265154,4.8,0.04476220080820641,18.5,0.17252098228162885,19.766666666666666,0.18433322971712776,0.47687596091851403,z2,2.0,2.9421821572894,22.15,0.42577433066687015,56.803462563000075,350.46038744165764,110.75,461.21038744165764,141.08693694288473,0.355650051118004,91,84.0,3.346848251990623,1.9619047619047763,1.6734241259953115,79.0,-2.5972299088859576,-2.805555555555543,-3.462973211847942
121.82352941176471,2026-03-28,0.27396002841933903,0.182880004882812,182.8800048828125,14.43832529981931,866.2995179891586,2026-03-28T00:22:30+00:00,136,1.383333333333333,0.34972189020286704,83.0,E0C25000-B184-43B2-98DD-B2604E4554CB,13,161.0,88.0,64.88720314723572,22.86,0.72603997158066,10.482801290353141,628.9680774211884,22.27908765366498,3,2026-03-28 00:08:04+00:00,3.955524009466171,237.33144056797028,Saturday,2026,2026-03-23,16.82443855794438,203.17556144205562,196.22289300943893,0.5856900452488688,0.5995973558390191,0.6208425915211871,0.40259448047212787,0.7969960215059012,z1_under_60,z1_under_60,z2_60_70,z1_under_60,lthr_z1_under_85,776.0,1.6507731958762886,3.148936170212766,1.0,3.9166666666666665,9.016666666666667,0.30283505154639173,0.6971649484536082,z1,9.016666666666667,0.6971649484536082,1.4,0.10824742268041238,1.1333333333333333,0.08762886597938144,0.7833333333333333,0.06056701030927835,0.6,0.04639175257731959,0.0,0.0,0.38881935753024616,z1,1.0,1.6507731958762886,1.3833333333333333,0.3497218902028672,5.613900366888442,23.834400398284195,6.916666666666666,30.75106706495086,168.14887491202708,0.5326327636422054,10,8.0,5.36979166666667,3.625,2.684895833333335,6.0,-12.559259259259262,-14.25,-16.745679012345683
138.63512361466326,2026-03-28,0.713218664119547,3.0,3000.0,108.48754109938939,6509.252465963364,2026-03-28T02:11:20+00:00,1173,8.583333333333334,0.11093112391002101,515.0,42D61728-39E0-4929-9664-131ADA81762B,13,190.0,95.0,77.37533913652102,50.0,0.286781335880452,31.112201962868372,1866.7321177721024,415.9053708439898,61,2026-03-28 00:22:51+00:00,77.37533913652102,4642.520348191261,Saturday,2026,2026-03-23,16.82443855794438,203.17556144205562,196.22289300943893,0.6665150173781887,0.682341530795775,0.7065185997843507,0.5260497761571182,0.9069811266787602,z2_60_70,z2_60_70,z3_70_80,z1_under_60,lthr_z3_90_95,6139.0,2.9227887278058318,4.108770081643403,1.0,63.28333333333333,39.03333333333333,0.6185046424499104,0.38149535755008956,z1,39.03333333333333,0.38149535755008956,13.183333333333334,0.12884834663625996,12.716666666666667,0.12428734321550741,8.3,0.08112070369767063,12.2,0.11923766085681707,16.883333333333333,0.16501058804365532,0.5080505220898104,z3,3.0,2.9227887278058318,8.583333333333334,0.1109311239100213,55.11715189578454,317.0861622326672,42.91666666666667,360.0028288993339,120.00094296644464,0.558122192407647,94,87.0,2.134880336090781,-0.39130434782609314,1.0674401680453904,86.0,-3.600758987965363,-0.4005270092226709,-4.801011983953819
143.32844932844932,2026-03-28,0.5460038115120001,4.05,4050.0,144.51104771693548,8670.662863016129,2026-03-28T17:43:02+00:00,1638,23.183333333333334,0.29381851233232503,1391.0,30C23E2A-A594-4070-9125-C811412D1DF2,13,193.0,74.0,58.447098414103195,50.0,0.45399618848799905,65.60746485789618,3936.44789147377,580.4802197802197,81,2026-03-28 15:18:31+00:00,78.9035828590393,4734.214971542358,Saturday,2026,2026-03-23,16.82443855794438,203.17556144205562,196.22289300943893,0.6890790833098526,0.705441384343489,0.7304369389842539,0.5605150330951859,0.9376858841224204,z2_60_70,z3_70_80,z3_70_80,z1_under_60,lthr_z3_90_95,8619.0,3.3932010674092123,4.660514640638865,1.0,93.91666666666667,49.733333333333334,0.6537881424759253,0.34621185752407474,z1,49.733333333333334,0.34621185752407474,14.033333333333333,0.09769114746490312,10.516666666666667,0.07321034922844878,11.25,0.07831534980856247,15.616666666666667,0.10871330780833044,42.5,0.2958579881656805,0.5413365200599243,z3,3.0,3.3932010674092123,23.183333333333334,0.29381851233232587,78.22910768129952,490.3550413655291,115.91666666666667,606.2717080321958,149.69671803264094,0.4077843490803888,133,132.0,2.3900088159632165,0.17500000000001137,1.1950044079816082,133.0,-6.768925886655087,-6.333333333333314,-9.025234515540115
132.86919228020014,2026-03-29,0.549311896549746,3.55,3550.0,147.50458256602286,8850.274953961372,2026-03-29T19:01:43+00:00,1399,15.98335486650467,0.19726199648155102,959.0012919902802,D284BEC0-90C9-42EE-9234-0AC97117DFFE,13,184.0,74.0,68.47269464714427,50.0,0.450688103450253,66.47856056690216,3988.7136340141296,471.6856325947105,71,2026-03-29 16:34:13+00:00,81.02602199912072,4861.561319947243,Sunday,2026,2026-03-23,16.827176464951368,203.17282353504862,196.22097647453404,0.6387941936548084,0.6539712839954668,0.6771406129326044,0.4837176065696141,0.8692591500127358,z2_60_70,z2_60_70,z2_60_70,z1_under_60,lthr_z2_85_90,7825.0,2.786070287539936,4.212135141346817,1.0,72.51666666666667,57.9,0.556038338658147,0.44396166134185305,z1,57.9,0.44396166134185305,11.016666666666667,0.08447284345047923,14.05,0.10773162939297125,14.066666666666666,0.10785942492012779,15.3,0.11731629392971246,18.083333333333332,0.13865814696485623,0.467157392058157,z2,2.0,2.786070287539936,15.98335486650467,0.19726199648155154,68.90785610817034,410.95813476317755,79.91677433252335,490.8749090957009,138.27462228047912,0.5153391352206474,100,85.0,5.419822026046819,6.300000000000011,2.7099110130234094,83.0,-5.607539506554478,-4.088888888888874,-7.476719342072639
142.14609929078014,2026-04-02,0.35916815912182604,2.834640075683594,2834.6400756835938,134.74749196569124,8084.849517941475,2026-04-02T02:22:17+00:00,1410,14.100000019868215,0.29134032076305605,846.0000011920929,EBD851AD-4D05-48F8-8CE7-2F4754F6E1B2,14,195.0,72.0,51.220268545659145,22.86,0.640831840878173,86.35048333009084,5181.02899980545,402.9330296517446,56,2026-04-02 00:07:32+00:00,48.39700863560041,2903.8205181360245,Thursday,2026,2026-03-30,16.83812809297932,203.16187190702067,196.21331033491447,0.6833947081287507,0.6996691749120865,0.724446771975624,0.5518879715614832,0.929950693058758,z2_60_70,z2_60_70,z3_70_80,z1_under_60,lthr_z3_90_95,7585.0,3.4375741595253793,4.860722489037378,1.0,79.81666666666666,46.6,0.6313777191825972,0.3686222808174028,z1,46.6,0.3686222808174028,12.35,0.0976928147659855,4.85,0.038365194462755436,6.016666666666667,0.047593935398813444,14.95,0.11825972313777192,41.65,0.3294660514172709,0.5329510587998592,z3,3.0,3.4375741595253793,14.100000019868215,0.29134032076305605,71.81381851374066,463.20449644211385,70.50000009934108,533.7044965414549,188.27945781185224,0.36033537888986156,104,99.0,-0.6143580066771633,-1.198757763975152,-0.30717900333858167,97.0,-1.6261828241836593,-1.289999999999992,-2.1682437655782127
140.3311444652908,2026-04-03,0.41511532918548605,2.834640075683594,2834.6400756835938,111.35893201828003,6681.535921096802,2026-04-03T02:01:12+00:00,1066,28.916666666666668,0.6255390128723141,1735.0,FA1796AC-90F3-4A79-8A05-91BCE427A893,14,182.0,77.0,48.923459580346865,22.86,0.584884670814513,65.13213229576746,3907.927937746048,397.78828596785723,56,2026-04-03 00:09:51+00:00,46.22679972251256,2773.607983350754,Friday,2026,2026-03-30,16.84086599998631,203.1591340000137,196.21139380000957,0.6746689637754366,0.6907449431502368,0.7152038510481442,0.5385694100058204,0.9180768639051246,z2_60_70,z2_60_70,z3_70_80,z1_under_60,lthr_z3_90_95,6178.0,3.349951440595662,4.883895131086143,1.0,62.3,40.666666666666664,0.6050501780511492,0.39494982194885075,z1,40.666666666666664,0.39494982194885075,6.366666666666666,0.06183230819035287,6.216666666666667,0.06037552606021366,6.433333333333334,0.06247976691485918,12.55,0.12188410488831337,30.733333333333334,0.2984784719974102,0.5200790387609276,z3,3.0,3.349951440595662,28.916666666666668,0.6255390128723141,57.915446321510565,373.0470147378316,144.58333333333334,517.6303480711649,182.60884424500864,0.3486286651958966,86,79.0,4.1470735390302345,1.2916666666666572,2.0735367695151172,80.0,-5.0112790083405985,-2.078333333333333,-6.68170534445413
148.18478260869566,2026-04-03,0.41029777185653304,1.051560028076171,1051.5600280761719,34.72149086793264,2083.2894520759583,2026-04-03T22:50:20+00:00,368,11.433333333333334,0.8025559931313331,686.0,DC22272E-7660-4B05-9BA7-A85654095501,14,183.0,87.0,40.64290185519814,22.86,0.5897022281434661,20.47534052928289,1228.5204317569733,155.82519416046142,21,2026-04-03 22:15:37+00:00,14.24615033864975,854.769020318985,Friday,2026,2026-03-30,16.84086599998631,203.1591340000137,196.21139380000957,0.7124268394648829,0.7294025116718881,0.7552302633339146,0.5962492579358465,0.9694570725139566,z3_70_80,z3_70_80,z3_70_80,z1_under_60,lthr_z4_95_100,1980.0,4.003030303030303,4.899016393442623,1.0,25.416666666666668,7.583333333333333,0.7702020202020202,0.2297979797979798,z6,7.583333333333333,0.2297979797979798,1.85,0.05606060606060606,3.25,0.09848484848484848,3.183333333333333,0.09646464646464646,4.466666666666667,0.13535353535353536,12.666666666666666,0.3838383838383838,0.5757786000616714,z4,4.0,4.003030303030303,11.433333333333334,0.8025559931313335,19.991891403992362,138.9911801107243,57.16666666666667,196.15784677739094,186.5398470273368,0.2742717648850751,19,18.0,1.3707652787362907,-1.5625,0.6853826393681454,19.0,1.6398690566997172,0.5666666666666629,2.1864920755996224
161.64875239923225,2026-04-04,0.5393704041349631,3.15,3150.0,91.4858597179254,5489.151583075523,2026-04-04T16:51:25+00:00,1042,19.4167289018631,0.393491160637282,1165.003734111786,5FA03CBF-5FAF-429B-B079-D42F8058929D,14,200.0,110.0,46.99501440827809,50.0,0.46062959586503605,42.1410945892334,2528.465675354004,509.1935700575816,63,2026-04-04 15:19:55+00:00,49.34476512869199,2960.6859077215195,Saturday,2026,2026-03-30,16.843603906993298,203.1563960930067,196.20947726510468,0.7771574634578473,0.7956862570313962,0.8238580248640265,0.6951473093822115,1.0575412907971369,z3_70_80,z3_70_80,z4_80_90,z2_60_70,lthr_z5_100_106,5382.0,4.733927907840951,4.941938014907807,1.0,84.96666666666667,4.733333333333333,0.9472315124489038,0.05276848755109625,z6,4.733333333333333,0.05276848755109625,6.516666666666667,0.07264957264957266,9.833333333333334,0.10962467484206614,9.716666666666667,0.10832404310665181,14.9,0.16610925306577481,44.0,0.49052396878483834,0.6712677475122855,z5,5.0,4.733927907840951,19.4167289018631,0.3934911606372822,61.41150698207671,433.0874644915093,97.08364450931549,530.1711090008248,168.3082885716904,0.2907230257627481,89,86.0,2.984036620047739,0.5418478260869506,1.4920183100238695,87.0,-2.260438657557151,0.375,-3.0139182100762016
145.92829949238578,2026-04-07,0.33141688753715803,3.22326008605957,3223.2600860595703,146.01597986618677,8760.958791971207,2026-04-08T02:01:51+00:00,1576,30.666666666666668,0.6337114455463041,1840.0,49CF4F09-8A2E-4D4E-9E27-07B689A9B591,15,189.0,83.0,45.04026385016232,22.86,0.6685831124628411,97.6238182882468,5857.429097294807,470.3648631803541,64,2026-04-07 23:35:50+00:00,48.39216157793999,2903.5296946763992,Tuesday,2026,2026-04-06,16.851817628014263,203.14818237198574,196.20372766039003,0.7015783629441624,0.7183342611708712,0.7437590571417367,0.5797234903712258,0.9546946692657665,z3_70_80,z3_70_80,z3_70_80,z1_under_60,lthr_z4_95_100,8515.0,3.4796241926012916,4.523110295344568,1.0,99.88333333333334,42.03333333333333,0.7038167938931298,0.2961832061068702,z1,42.03333333333333,0.2961832061068702,15.583333333333334,0.1098062243100411,15.433333333333334,0.1087492660011744,11.983333333333333,0.08443922489724016,14.916666666666666,0.10510863182618908,41.96666666666667,0.29571344685848505,0.5597751737048636,z4,4.0,3.4796241926012916,30.666666666666668,0.6337114455463041,81.73612049328057,508.0807360487666,153.33333333333334,661.4140693820999,205.20034118335064,0.30864653399536407,102,97.0,3.850561771433461,0.3809523809523796,1.9252808857167305,98.0,-3.860593562159625,-3.0972222222222285,-5.147458082879499
120.96761757902853,2026-04-07,0.287386070197416,1.6230600433349611,1623.060043334961,134.7702951014042,8086.217706084251,2026-04-07T02:29:32+00:00,1297,13.816586263974507,0.356731007021296,828.9951758384705,FEEC7051-ED3D-4C2B-9378-AC17EA21FD23,15,175.0,63.0,71.58904375889234,22.86,0.7126139298025831,96.03918961286544,5762.351376771927,196.33770662994502,32,2026-04-07 00:14:45+00:00,38.731105488538745,2323.8663293123245,Tuesday,2026,2026-04-06,16.851817628014263,203.14818237198574,196.20372766039003,0.5815750845145602,0.5954649269641216,0.6165408732111959,0.39638882164124334,0.791396460167099,z1_under_60,z1_under_60,z2_60_70,z1_under_60,lthr_z1_under_85,7356.0,1.9893964110929854,3.8275058275058274,1.0,42.9,79.7,0.34991843393148453,0.6500815660685155,z1,79.7,0.6500815660685155,13.95,0.1137846655791191,6.0,0.048939641109298535,4.816666666666666,0.03928765633496466,9.766666666666667,0.07966286025013594,8.366666666666667,0.06824361065796629,0.3827490608441739,z1,1.0,1.9893964110929854,13.816586263974507,0.35673100702129695,51.583203879754635,268.11154139667605,69.08293131987253,337.1944727165486,207.7523096580597,0.5918033701219502,56,52.0,0.12315185105394186,-1.2728174603174622,0.06157592552697093,50.0,-4.454047395442684,-4.7526315789473585,-5.9387298605902465
123.77777777777777,2026-04-07,0.13705531671575602,0.05,50.0,2.31450858314832,138.87051498889923,2026-04-07T00:14:32+00:00,27,1.133333333333333,3.572752889167976,68.0,AE90A86D-0B9B-45DD-A086-E1D74B93A5B9,15,134.0,115.0,19.032942414283752,50.0,0.8629446832842431,1.997292876243591,119.83757257461548,6.188888888888889,1,2026-04-07 00:12:13+00:00,0.317215706904729,19.032942414283752,Tuesday,2026,2026-04-06,16.851817628014263,203.14818237198574,196.20372766039003,0.5950854700854701,0.6092979830414018,0.6308635378835682,0.4170292749311102,0.8097811392928138,z1_under_60,z2_60_70,z2_60_70,z1_under_60,lthr_z1_under_85,132.0,1.1666666666666667,2.0,1.0,0.36666666666666664,1.8333333333333333,0.16666666666666666,0.8333333333333334,z1,1.8333333333333333,0.8333333333333334,0.36666666666666664,0.16666666666666666,0.0,0.0,0.0,0.0,0.0,0.0,0.0,0.0,0.4026792750197005,z1,1.0,1.1666666666666667,1.1333333333333333,3.5727528891679787,0.9320046382890397,2.70026001367304,5.666666666666666,8.366926680339706,167.3385336067941,0.15376703925363894,1,0.0,,,,1.0,-6.933333333333323,-6.933333333333323,-9.244444444444431
147.57102001906577,2026-04-08,0.48433076948261206,3.589020095825195,3589.0200958251953,112.0147760828336,6720.8865649700165,2026-04-09T01:29:20+00:00,1049,14.233346851666768,0.262355188268517,854.0008111000061,F6B24AB8-94F3-435D-BE8D-5886050A6C67,15,188.0,97.0,45.34848056999876,22.86,0.515669230517387,57.76257338921229,3465.7544033527374,529.6353564098492,71,2026-04-08 23:37:19+00:00,54.25220269362132,3255.132161617279,Wednesday,2026,2026-04-06,16.85455553502125,203.14544446497874,196.20181112548514,0.70947605778397,0.726430368191231,0.7521389286497642,0.5918010722701147,0.9654417041820247,z3_70_80,z3_70_80,z3_70_80,z1_under_60,lthr_z4_95_100,5835.0,3.6358183376178235,4.339122883195832,1.0,76.76666666666667,20.483333333333334,0.7893744644387318,0.2106255355612682,z6,20.483333333333334,0.2106255355612682,12.25,0.12596401028277635,13.05,0.13419023136246785,12.4,0.1275064267352185,14.55,0.14961439588688946,24.516666666666666,0.2520994001713796,0.5714256738940835,z4,4.0,3.6358183376178235,14.233346851666768,0.262355188268517,64.00811890922806,407.2653769661208,71.16673425833385,478.4321112244547,133.3043834948081,0.3072993638191283,105,95.0,-1.0896945553983526,-0.3333333333333428,-0.5448472776991763,96.0,-1.7371142550744245,-0.2400000000000091,-2.316152340099232
144.426267281106,2026-04-10,0.38859163406489206,2.697480072021484,2697.4800720214844,124.96526738405228,7497.916043043137,2026-04-11T01:45:06+00:00,1302,23.849989251295725,0.49114012720796,1430.9993550777435,8C753D26-2ACD-421F-A4AD-B0F15651AB39,15,186.0,83.0,54.00646843452008,22.86,0.6114083659351071,76.4048099299272,4584.288595795631,389.58697786723195,53,2026-04-10 23:40:08+00:00,48.560457454125086,2913.627447247505,Friday,2026,2026-04-06,16.86003134903523,203.13996865096476,196.19797805567535,0.6943570542360865,0.7109692309210666,0.7361251563974934,0.568725467240346,0.9448680479033412,z2_60_70,z3_70_80,z3_70_80,z1_under_60,lthr_z3_90_95,6973.0,3.456905205793776,4.400555776101628,1.0,83.96666666666667,32.25,0.7225010755772264,0.2774989244227736,z1,32.25,0.2774989244227736,15.283333333333333,0.13150724221999138,12.85,0.11056933887853147,10.333333333333334,0.08891438405277499,13.95,0.12003441847124624,31.55,0.27147569195468235,0.5491224629865673,z3,3.0,3.456905205793776,23.849989251295725,0.49114012720796,68.62123541370573,431.9930833633415,119.24994625647862,551.2430296198202,204.35481074999015,0.3739379923833652,79,66.0,1.4742694638840905,1.4527777777777757,0.7371347319420453,68.0,-3.0498796742928054,-1.5998188405797151,-4.066506232390408
150.75671406003158,2026-04-13,0.538119646785832,2.034540054321289,2034.540054321289,63.73410593271255,3824.0463559627533,2026-04-14T00:49:55+00:00,633,5.083333333333333,0.148216939932432,305.0,156ABB6C-7EDF-47CC-9D27-EA174877627D,16,187.0,109.0,50.571490838743784,22.86,0.46188035321416704,29.437531359990437,1766.2518815994263,306.7205732129957,40,2026-04-13 23:46:11+00:00,34.296574572722115,2057.794474363327,Monday,2026,2026-04-13,16.868245070056194,203.1317549299438,196.19222845096067,0.7247918945193826,0.742162219353762,0.7684132814553052,0.61526213412245,0.9862832073681868,z3_70_80,z3_70_80,z3_70_80,z2_60_70,lthr_z4_95_100,3522.0,4.158148779102783,4.5915402001937355,1.0,51.61666666666667,7.083333333333333,0.8793299261783077,0.12067007382169222,z5,7.083333333333333,0.12067007382169222,4.55,0.07751277683134583,5.216666666666667,0.08886996024985803,9.166666666666666,0.15616127200454288,20.516666666666666,0.3495173197047132,12.166666666666666,0.2072685973878478,0.5940192486527063,z4,4.0,4.158148779102783,5.083333333333333,0.14821693993243212,37.8592857197019,265.01589477131614,25.416666666666664,290.4325614379828,142.75096763079924,0.33545100232554903,68,65.0,0.06917540393230166,-1.9869565217391312,0.03458770196615083,67.0,-1.0237318574370815,-1.4000000000000057,-1.3649758099161087
151.407299270073,2026-04-14,0.400838574534894,3.497580093383789,3497.580093383789,125.99500821828842,7559.700493097305,2026-04-15T01:49:35+00:00,1370,41.41663106679916,0.820071881578406,2484.99786400795,04BE8CF2-28F6-4A37-BFD0-B8B326266789,16,181.0,100.0,43.318801695149055,22.86,0.5991614254651051,75.49134872555733,4529.48092353344,529.5591559200093,69,2026-04-14 23:43:35+00:00,50.503659492731096,3030.2195695638657,Tuesday,2026,2026-04-13,16.870982977063182,203.1290170229368,196.19031191605578,0.7279197080291971,0.7453750404009314,0.7717368803351301,0.6200536896248281,0.9905394772904036,z3_70_80,z3_70_80,z3_70_80,z2_60_70,lthr_z4_95_100,7310.0,4.212311901504788,4.632173240525908,1.0,107.75,14.083333333333334,0.884404924760602,0.11559507523939809,z6,14.083333333333334,0.11559507523939809,12.766666666666667,0.10478796169630643,14.533333333333333,0.11928864569083447,13.083333333333334,0.10738714090287278,26.55,0.2179206566347469,40.81666666666667,0.3350205198358413,0.5986333281565461,z4,4.0,4.212311901504788,41.41663106679916,0.8200718815784069,75.42481110082538,530.7302726480899,207.08315533399582,737.8134279820857,210.9496875790703,0.28610774978476483,135,134.0,1.1592055184973766,0.5797101449275317,0.5796027592486883,134.0,-2.5827387674477182,-1.8115981240981398,-3.4436516899302907
143.77948990435706,2026-04-18,0.444593050720944,3.6,3600.0,165.72053750157357,9943.232250094414,2026-04-18T17:51:56+00:00,1882,23.883333333333333,0.324157397288718,1433.0,CD733C99-195F-4DCA-A3CE-1F0AEA125764,16,195.0,94.0,61.398499445782775,50.0,0.5554069492790551,92.04233816663424,5522.5402899980545,517.6061636556855,72,2026-04-18 15:06:13+00:00,73.67819933493932,4420.691960096359,Saturday,2026,2026-04-13,16.88193460509114,203.11806539490885,196.1826457764362,0.6912475476171013,0.7078616548696258,0.732885874463146,0.5640653919198942,0.9406366896545861,z2_60_70,z3_70_80,z3_70_80,z1_under_60,lthr_z3_90_95,9809.0,3.3535528596187176,4.629874213836478,1.0,106.0,57.483333333333334,0.6483841370170251,0.3516158629829748,z1,57.483333333333334,0.3516158629829748,14.633333333333333,0.08950963400958303,15.266666666666667,0.0933836272810684,12.066666666666666,0.0738097665409318,16.766666666666666,0.10255887450300744,47.266666666666666,0.2891222346824345,0.5445353893926033,z3,3.0,3.3535528596187176,23.883333333333333,0.3241573972887187,90.24069741877088,555.752582435953,119.41666666666666,675.1692491026196,187.54701363961655,0.42703239166188034,111,109.0,6.401257455605002,1.0833333333333428,3.200628727802501,110.0,-6.1793343527701765,-2.6231884057970944,-8.239112470360235
128.15732368896926,2026-04-20,0.40224377632541003,3.9,3900.0,68.5740714331468,4114.444285988808,2026-04-21T00:59:57+00:00,553,1.066666666666666,0.038670470386602006,64.0,727896DF-2EDF-44AF-8708-809B5407831E,17,189.0,79.0,21.21807188559801,50.0,0.597756223674589,40.99057798186938,2459.434678912163,499.8135623869801,78,2026-04-20 23:51:22+00:00,27.583493451277416,1655.009607076645,Monday,2026,2026-04-20,16.887410419105116,203.11258958089488,196.17881270662642,0.6161409792738907,0.630966913244574,0.6532679136998387,0.44931423226373957,0.8384330810324444,z2_60_70,z2_60_70,z2_60_70,z1_under_60,lthr_z1_under_85,3323.0,2.5687631658140235,4.260162601626016,1.0,26.65,28.733333333333334,0.4811916942521818,0.5188083057478182,z1,28.733333333333334,0.5188083057478182,2.6666666666666665,0.048149262714414685,6.116666666666666,0.11044237135118869,4.516666666666667,0.08155281372253988,8.316666666666666,0.1501655130905808,5.033333333333333,0.09088173337345772,0.4337398843189309,z1,1.0,2.5687631658140235,1.0666666666666667,0.03867047038660248,29.743309810691198,176.15054882736717,5.333333333333333,181.48388216070052,46.53432875915398,0.16556269493496212,42,34.0,3.894156912694397,2.664999999999992,1.9470784563471986,32.0,-3.6951421187949363,-2.8622009569377838,-4.926856158393248
136.8918677390527,2026-04-21,0.389647551422985,6.65,6650.0,120.81392786701521,7248.835672020912,2026-04-22T01:43:41+00:00,1119,12.600000015894572,0.26765883911300903,756.0000009536743,A32ADE83-8E2A-4457-8AD0-08B828F30E4D,17,184.0,87.0,21.236774964440137,50.0,0.6103524485770141,73.73907669583956,4424.344601750374,910.3309204647005,133,2026-04-21 23:42:52+00:00,47.07485117117564,2824.4910702705383,Tuesday,2026,2026-04-20,16.890148326112104,203.1098516738879,196.17689617172152,0.6581339795146766,0.67397945796763,0.6977981118593383,0.513496024567788,0.895576367647093,z2_60_70,z2_60_70,z2_60_70,z1_under_60,lthr_z2_85_90,6583.0,2.992860397994835,4.433394399371892,1.0,63.68333333333333,46.03333333333333,0.5804344523773356,0.41956554762266446,z1,46.03333333333333,0.41956554762266446,8.016666666666667,0.07306699073370804,9.4,0.08567522406197782,9.533333333333333,0.08689047546711226,20.433333333333334,0.1862372778368525,16.3,0.14856448427768496,0.4956870052415086,z2,2.0,2.992860397994835,12.600000015894572,0.26765883911300964,59.88589409586441,361.57922023939443,63.00000007947286,424.57922031886727,63.84649929607026,0.15513540223530517,99,89.0,2.2012860518447024,-0.285714285714306,1.1006430259223512,91.0,-5.4733448373397735,-4.385714285714272,-7.297793116453031
121.81818181818181,2026-04-22,0.5057274829957701,2.400300064086914,2400.300064086914,121.4347354332606,7286.084125995636,2026-04-23T01:53:41+00:00,1144,3.633290417989095,0.059161697589361004,217.9974250793457,F8D6E08E-72FD-480D-A1B0-BE1E64F091AB,17,190.0,69.0,76.75650726062278,22.86,0.49427251700422903,60.021852334340416,3601.311140060425,292.4001896251332,48,2026-04-22 23:52:15+00:00,61.41288309892018,3684.772985935211,Wednesday,2026,2026-04-20,16.892886233119093,203.1071137668809,196.17497963681663,0.5856643356643356,0.599773092920814,0.6209669655310106,0.4027576538877484,0.7969610363857789,z1_under_60,z1_under_60,z2_60_70,z1_under_60,lthr_z1_under_85,6393.0,2.2017832003754108,4.29318474067724,1.0,38.88333333333333,67.66666666666667,0.3649303926169248,0.6350696073830753,z1,67.66666666666667,0.6350696073830753,7.333333333333333,0.06882527764742687,5.883333333333334,0.055216643203503835,4.316666666666666,0.04051306116064445,10.75,0.10089160018770531,10.6,0.0994838104176443,0.3887814313346228,z1,1.0,2.2017832003754108,3.633290417989095,0.059161697589361,47.21157025548429,267.3729604189858,18.166452089945476,285.5394125089313,118.95988205022688,0.6300907312439183,66,57.0,3.022852413069626,0.11363636363635976,1.511426206534813,56.0,-9.717429837070743,-9.203804347826093,-12.956573116094324
118.88470066518848,2026-04-25,0.452017964146034,3.4,3400.0,142.28186066746713,8536.911640048027,2026-04-25T17:44:22+00:00,1353,9.533333333333333,0.14823117374428701,572.0,A579C5EE-2F0A-417A-AF08-B57D23791BF3,17,176.0,72.0,56.7476091121926,50.0,0.547982035853965,77.96790367364883,4678.07422041893,404.20798226164084,68,2026-04-25 15:22:05+00:00,64.31395699381828,3858.837419629097,Saturday,2026,2026-04-20,16.901099954140058,203.09890004585995,196.16923003210195,0.5715610608903292,0.5853537396723674,0.6060313365441343,0.3812279206349602,0.7777695647596707,z1_under_60,z1_under_60,z2_60_70,z1_under_60,lthr_z1_under_85,7683.0,2.004685669660289,3.806909090909091,1.0,45.833333333333336,82.21666666666667,0.3579330990498503,0.6420669009501497,z1,82.21666666666667,0.6420669009501497,9.133333333333333,0.0713263048288429,13.8,0.10777040218664584,6.466666666666667,0.05050110633866979,9.65,0.07536118703631393,6.783333333333333,0.05297409865937785,0.3679766004623296,z1,1.0,2.004685669660289,9.533333333333333,0.14823117374428785,52.3563953958694,285.23040713267324,47.666666666666664,332.8970737993399,97.91090405862938,0.4773331538429763,109,102.0,5.459123908725044,1.4749999999999943,2.729561954362522,99.0,-4.132215072417884,0.25,-5.509620096557178
150.9813374805599,2026-04-28,0.381169613567703,3.2461200866699222,3246.120086669922,119.96593951582909,7197.956370949745,2026-04-28T02:02:57+00:00,1286,23.633159267902375,0.51682742416769,1417.9895560741425,1F203D30-1DB9-422F-8563-BE2C124291B6,18,194.0,90.0,42.26033195227089,22.86,0.618830386432296,74.238568709294,4454.31412255764,490.1035523079358,64,2026-04-28 00:02:59+00:00,45.727370806535085,2743.642248392105,Tuesday,2026,2026-04-27,16.909313675161023,203.09068632483897,196.1634804273873,0.7258718148103841,0.7434183231774039,0.7696709762266263,0.6170983463196174,0.9877527426325363,z3_70_80,z3_70_80,z3_70_80,z2_60_70,lthr_z4_95_100,6759.0,3.8461310844799526,4.723050125798336,1.0,86.11666666666666,26.533333333333335,0.7644621985500814,0.23553780144991862,z6,26.533333333333335,0.23553780144991862,14.55,0.12916111850865514,8.866666666666667,0.07870986832371653,6.45,0.05725699067909454,12.266666666666667,0.10889184790649505,43.983333333333334,0.39044237313212016,0.5956123225571623,z4,4.0,3.8461310844799526,23.633159267902375,0.5168274241676905,71.45319186277503,461.40472905067213,118.16579633951187,579.570525390184,178.542539991102,0.2799043422019775,83,79.0,3.239054162983715,1.3822222222222251,1.6195270814918574,81.0,-2.9732089003391926,-4.305555555555543,-3.96427853378559
141.61144578313252,2026-04-28,0.31096121234023205,2.697480072021484,2697.4800720214844,119.61478873292604,7176.887323975563,2026-04-29T01:57:10+00:00,1328,19.46666668256124,0.523359960974859,1168.0000009536743,25281BF3-5976-4CD1-92D7-66698C29EECE,18,190.0,87.0,41.367007790723626,22.86,0.689038787659767,82.41922901471456,4945.1537408828735,381.99405297015085,53,2026-04-28 23:57:33+00:00,37.19555971821149,2231.7335830926895,Tuesday,2026,2026-04-27,16.909313675161023,203.09068632483897,196.1634804273873,0.6808242585727525,0.6972818318050696,0.721905246963397,0.5482479940253973,0.926452873544442,z2_60_70,z2_60_70,z3_70_80,z1_under_60,lthr_z3_90_95,7027.0,3.3869361036003984,4.590111301369863,1.0,77.86666666666666,39.25,0.664864095631137,0.335135904368863,z1,39.25,0.335135904368863,10.466666666666667,0.08936957449836345,10.183333333333334,0.08695033442436317,11.633333333333333,0.09933115127365874,14.1,0.12039277074142593,31.483333333333334,0.26882026469332576,0.5291591899512945,z3,3.0,3.3869361036003984,19.46666668256124,0.5233599609748599,63.295264712110374,405.12764648408137,97.3333334128062,502.4609798968876,186.27050672531743,0.29211627324301276,82,80.0,3.393584089129375,2.100378787878782,1.6967920445646876,81.0,-0.8760419838532411,-0.125,-1.1680559784709872
143.08044382801666,2026-04-29,0.42493159379272105,2.697480072021484,2697.4800720214844,129.9679170668125,7798.075024008751,2026-04-30T02:08:02+00:00,1442,16.166666666666668,0.292728699222356,970.0,5D47834E-9FCF-46BD-AEDC-616B134F5939,18,192.0,84.0,61.421184957707865,22.86,0.5750684062072781,74.74044292569161,4484.426575541496,385.9566459220643,53,2026-04-29 23:58:04+00:00,55.22747414112091,3313.6484484672546,Wednesday,2026,2026-04-27,16.91205158216801,203.087948417832,196.1615638924824,0.687886749173157,0.7045245419173951,0.7294010151063034,0.5590534996855578,0.9360633782066023,z2_60_70,z3_70_80,z3_70_80,z1_under_60,lthr_z3_90_95,7479.0,3.266746891295628,4.597835314091681,1.0,78.53333333333333,46.11666666666667,0.6300307527744351,0.3699692472255649,z1,46.11666666666667,0.3699692472255649,12.75,0.1022864019253911,11.133333333333333,0.08931675357668137,6.383333333333334,0.05121005482016312,12.95,0.10389089450461292,35.31666666666667,0.28332664794758655,0.5395776158015365,z3,3.0,3.266746891295628,16.166666666666668,0.2927286992223568,70.12777882160252,424.57228904617773,80.83333333333334,505.4056223795111,187.36213387510276,0.4292772884569495,78,74.0,3.087358919778829,0.9375,1.5436794598894146,73.0,-4.048054544129195,-2.4250000000000114,-5.397406058838927
139.51268115942028,2026-04-30,0.45632725769291604,2.948940078735351,2948.9400787353516,107.27369513511658,6436.421708106995,2026-05-01T01:43:15+00:00,1104,13.566666650772095,0.27714273742079204,813.9999990463257,6213DE36-DE43-4101-81B8-101C8AFB75DF,18,190.0,74.0,49.7994972599646,22.86,0.5436727423070841,58.32178401152293,3499.3070406913757,411.4145369628408,58,2026-04-30 23:55:58+00:00,48.951911123593646,2937.114667415619,Thursday,2026,2026-04-27,16.914789489175,203.085210510825,196.1596473575775,0.6707340440356744,0.6869662286510217,0.7112200854699946,0.5328476245671987,0.9127222989727415,z2_60_70,z2_60_70,z3_70_80,z1_under_60,lthr_z3_90_95,6172.0,3.0623784834737524,4.4731241473397,1.0,61.083333333333336,41.78333333333333,0.5938107582631238,0.4061892417368762,z1,41.78333333333333,0.4061892417368762,9.283333333333333,0.09024627349319507,9.366666666666667,0.09105638366817888,9.05,0.08797796500324044,9.933333333333334,0.0965651328580687,23.45,0.2279650032404407,0.5142743344639736,z3,3.0,3.0623784834737524,13.566666650772095,0.2771427374207927,55.168108171103285,328.51265582450395,67.83333325386047,396.3459890783644,134.4028628917875,0.3569531948358087,80,74.0,4.197008602517588,1.1698717948717885,2.098504301258794,78.0,-3.9065267674735638,-0.7584541062801833,-5.20870235663142
138.06788511749346,2026-05-01,0.394588917522991,2.674620071411133,2674.620071411133,143.8905098179976,8633.430589079857,2026-05-02T02:18:35+00:00,1532,17.033333333333335,0.30000093663801003,1022.0,7EA43ED3-1916-487B-9569-F57348882481,18,191.0,73.0,63.68485877804603,22.86,0.605411082477008,87.11290930708249,5226.77455842495,369.27913675253444,53,2026-05-01 23:54:41+00:00,56.77760051091512,3406.656030654907,Friday,2026,2026-04-27,16.91752739618199,203.08247260381802,196.15773082267262,0.6637879092187186,0.6798611586084152,0.7038615533450853,0.5222412832282674,0.9032701290769648,z2_60_70,z2_60_70,z3_70_80,z1_under_60,lthr_z3_90_95,8355.0,3.122561340514662,4.717040452735276,1.0,79.51666666666667,59.733333333333334,0.5710353081986834,0.4289646918013166,z1,59.733333333333334,0.4289646918013166,10.133333333333333,0.07277079593058049,9.1,0.06535008976660682,7.683333333333334,0.055176540993417116,18.816666666666666,0.13512866546977859,33.78333333333333,0.2426092160383004,0.5040275540247763,z3,3.0,3.122561340514662,17.033333333333335,0.30000093663801075,72.52478171094339,449.3069432246247,85.16666666666667,534.4736098912914,199.83160060909228,0.4612575815429582,105,103.0,1.9691866170242212,2.05714285714285,0.9845933085121106,105.0,-5.925919477740438,-3.854545454545473,-7.901225970320585
137.6597510373444,2026-05-04,0.341449528535024,2.3545800628662112,2354.580062866211,107.25486086606979,6435.291651964188,2026-05-05T01:42:01+00:00,964,5.616666666666666,0.15336813951925501,337.0,22E99234-1A52-446E-B13E-8A44B73131FE,19,190.0,81.0,46.66070470913962,22.86,0.658550471464975,70.63273919026057,4237.964351415634,324.1309052516573,47,2026-05-04 23:54:45+00:00,36.622121675809225,2197.3273005485535,Monday,2026,2026-05-04,16.925741117202953,203.07425888279704,196.15198121795794,0.6618257261410788,0.6778788793551319,0.7018014815990117,0.5192734586061922,0.9006000271706218,z2_60_70,z2_60_70,z3_70_80,z1_under_60,lthr_z3_90_95,5524.0,2.8850470673425055,4.168898356664638,1.0,54.766666666666666,37.3,0.5948587979724838,0.4051412020275163,z1,37.3,0.4051412020275163,10.3,0.11187545257060101,9.616666666666667,0.10445329471397538,8.916666666666666,0.09685010861694425,12.4,0.13468501086169443,13.533333333333333,0.14699493120926865,0.5011329860804566,z3,3.0,2.8850470673425055,5.616666666666666,0.15336813951925565,53.748948697457465,309.4353217998831,28.083333333333332,337.51865513321644,143.34558440215352,0.3389567710062289,62,52.0,3.736993615700212,4.650793650793645,1.868496807850106,52.0,-8.675986957042447,-8.880952380952387,-11.567982609389933
121.87605294825511,2026-05-05,0.47108393074449806,1.417320037841797,1417.3200378417969,93.55216228365899,5613.129737019539,2026-05-06T01:21:19+00:00,831,5.666666666666667,0.128580629203484,340.0,7B67EE98-4BF9-4F9C-92F1-37D3934E3251,19,175.0,79.0,93.28363212589936,22.86,0.528916069255501,49.48124194542567,2968.87451672554,172.73737197662976,28,2026-05-05 23:47:46+00:00,44.070920338233314,2644.2552202939987,Tuesday,2026,2026-05-04,16.928479024209942,203.07152097579007,196.15006468305305,0.5859425622512264,0.600163195521567,0.6213408756463435,0.40328830422949924,0.7973396419035403,z1_under_60,z2_60_70,z2_60_70,z1_under_60,lthr_z1_under_85,4808.0,1.9556988352745424,4.0150918635170605,1.0,25.4,54.733333333333334,0.31697171381031614,0.6830282861896838,z1,54.733333333333334,0.6830282861896838,4.983333333333333,0.06218801996672213,3.316666666666667,0.04138935108153078,5.6,0.06988352745424292,9.333333333333334,0.11647254575707154,2.1666666666666665,0.027038269550748752,0.3891918648812419,z1,1.0,1.9556988352745424,5.666666666666667,0.12858062920348418,36.40974050284982,182.95985481556684,28.333333333333336,211.29318814890019,149.0793769279123,0.7653975483231704,48,36.0,-0.708337209702299,3.2281159420289995,-0.3541686048511495,41.0,-5.391829417310065,-2.9423076923076934,-7.189105889746753
122.81963927855712,2026-05-07,0.44261486720186105,1.257300033569335,1257.300033569336,51.71734273235003,3103.040563941002,2026-05-07T00:57:26+00:00,499,6.816666666666666,0.297789827100851,409.0,6E2810FF-F397-404E-889A-34A3D79CA42F,19,161.0,77.0,54.619098483265724,22.86,0.5573851327981381,28.826477946837745,1729.5886768102646,154.4211365879036,25,2026-05-07 00:05:43+00:00,22.89086478551229,1373.4518871307373,Thursday,2026,2026-05-04,16.93395483822392,203.0660451617761,196.14623161324326,0.5904790349930631,0.6048260760715103,0.6261636446869402,0.4102393011584206,0.803512788871366,z1_under_60,z2_60_70,z2_60_70,z1_under_60,lthr_z1_under_85,2764.0,1.8035455861070913,3.456858407079646,1.0,15.066666666666666,31.0,0.32706222865412443,0.6729377713458755,z1,31.0,0.6729377713458755,2.533333333333333,0.05499276410998553,6.15,0.13350217076700435,3.35,0.07272069464544138,3.033333333333333,0.0658465991316932,0.0,0.0,0.3958839665145895,z1,1.0,1.8035455861070913,6.816666666666666,0.29778982710085117,20.47406677847721,93.27458521011756,34.08333333333333,127.3579185434509,101.29477065382392,0.4447098102884722,35,32.0,1.0688359178833777,-0.8416666666666686,0.5344179589416889,34.0,-2.3357956062375322,1.9722222222222214,-3.114394141650043
141.1086956521739,2026-05-07,0.38546978640865304,1.8745200500488282,1874.5200500488281,83.8445247511069,5030.671485066414,2026-05-08T01:07:12+00:00,874,9.983333333333333,0.308894745988391,599.0,8790A73A-CA2A-4A9E-BACB-A8D4667C5C10,19,183.0,96.0,51.72448976446372,22.86,0.6145302135913461,51.52499370376269,3091.4996222257614,264.5110792362379,37,2026-05-07 23:43:21+00:00,32.319531047344206,1939.1718628406525,Thursday,2026,2026-05-04,16.93395483822392,203.0660451617761,196.14623161324326,0.6784071906354515,0.6948906477188602,0.7194055908777737,0.5446523823343449,0.9231637728582252,z2_60_70,z2_60_70,z3_70_80,z1_under_60,lthr_z3_90_95,4747.0,3.295555087423636,4.037914691943128,1.0,59.78333333333333,19.333333333333332,0.7556351379818833,0.24436486201811672,z1,19.333333333333332,0.24436486201811672,11.0,0.13903518011375607,12.4,0.15673056667368865,12.0,0.15167474194227934,12.1,0.15293869812513167,12.283333333333333,0.15525595112702759,0.5255935861856306,z3,3.0,3.295555087423636,9.983333333333333,0.30889474598839184,44.068144445964144,276.31425009612735,49.916666666666664,326.23091676279404,174.03437042687074,0.3665577767933032,60,58.0,2.219925946193202,1.0416666666666714,1.109962973096601,59.0,-5.421377796937313,-4.9375,-7.228503729249751
138.22868605817453,2026-05-08,0.289200258856379,2.148840057373047,2148.840057373047,94.41003988385201,5664.60239303112,2026-05-09T01:26:59+00:00,997,3.933333333333333,0.14406016044647602,236.0,8117D545-8806-42B5-AABC-6F20CEFDB0FF,19,193.0,75.0,38.11834372600458,22.86,0.7107997411436211,67.10663191080093,4026.397914648056,297.03133767984866,42,2026-05-08 23:52:34+00:00,27.303407973051073,1638.2044783830643,Friday,2026,2026-05-04,16.936692745230907,203.0633072547691,196.14431507833837,0.6645609906643006,0.6807172005957178,0.7047295049207374,0.5234966538392586,0.9043221237991341,z2_60_70,z2_60_70,z3_70_80,z1_under_60,lthr_z3_90_95,5490.0,3.026775956284153,4.083125519534497,1.0,60.15,31.35,0.6573770491803279,0.34262295081967215,z1,31.35,0.34262295081967215,10.45,0.11420765027322405,12.666666666666666,0.1384335154826958,10.666666666666666,0.11657559198542805,14.166666666666666,0.15482695810564662,12.2,0.13333333333333333,0.5051679862281881,z3,3.0,3.026775956284153,3.933333333333333,0.14406016044647613,47.692929727848444,285.7580387522712,19.666666666666664,305.4247054189379,142.1346853484847,0.2757629028605698,52,49.0,6.271793390335329,3.8055555555555713,3.1358966951676646,52.0,-8.160052857158226,-7.356884057971023,-10.880070476210967
137.89115646258503,2026-05-11,0.393673888594804,1.9888200531005862,1988.820053100586,82.18945865035057,4931.367519021034,2026-05-12T00:50:26+00:00,882,17.499999968210854,0.5408605654874851,1049.9999980926514,0A513861-4AE8-4C61-8242-E555647400C1,20,182.0,66.0,48.80659324297698,22.86,0.6063261114051951,49.83361486196518,2990.0168917179108,274.24069711801957,39,2026-05-11 23:28:15+00:00,32.35584378838539,1941.3506273031235,Monday,2026,2026-05-11,16.944906466251872,203.05509353374813,196.1385654736237,0.6629382522239665,0.6790824798476048,0.7030292901837724,0.5210474273423703,0.9021139317846336,z2_60_70,z2_60_70,z3_70_80,z1_under_60,lthr_z3_90_95,4628.0,3.147579948141746,4.582912761355443,1.0,46.233333333333334,30.9,0.5993949870354365,0.4006050129645635,z1,30.9,0.4006050129645635,7.75,0.10047536732929992,4.883333333333334,0.06331028522039758,4.8,0.06222990492653414,10.266666666666667,0.1331028522039758,18.533333333333335,0.24027657735522903,0.5027741593091137,z3,3.0,3.147579948141746,17.499999968210854,0.5408605654874851,41.32273597700117,258.6978919964686,87.49999984105428,346.1978918375229,174.0720037983314,0.35395013353318283,50,48.0,7.1447669079582425,3.8067632850241466,3.5723834539791213,47.0,-4.7022132292622585,-3.0138888888888857,-6.269617639016343
138.93223284100782,2026-05-12,0.35192591688463204,2.880360076904296,2880.360076904297,118.46450456579527,7107.870273947716,2026-05-13T01:28:15+00:00,1151,15.045833333333333,0.360891583197101,902.75,7A3DDC2A-A49A-4E71-82C0-09E9807B0394,20,176.0,95.0,43.4224141508122,22.86,0.6480740831153671,76.77377517819404,4606.426510691643,400.17485687041096,57,2026-05-12 23:29:48+00:00,41.690729387601216,2501.443763256073,Tuesday,2026,2026-05-11,16.94764437325886,203.05235562674113,196.1366489387188,0.6679434271202299,0.6842187691552741,0.7083440733425399,0.528709940446408,0.9089248798477308,z2_60_70,z2_60_70,z3_70_80,z1_under_60,lthr_z3_90_95,6440.0,2.952639751552795,3.8463105477591673,1.0,73.63333333333334,33.7,0.6860248447204969,0.3139751552795031,z1,33.7,0.3139751552795031,17.0,0.15838509316770186,14.866666666666667,0.13850931677018632,12.933333333333334,0.12049689440993788,20.116666666666667,0.18742236024844722,8.716666666666667,0.0812111801242236,0.5101576797234597,z3,3.0,2.952639751552795,15.045833333333333,0.3608915831971016,60.435576778875316,349.7830053289747,75.22916666666666,425.0121719956413,147.55522248885933,0.3125438443108032,87,79.0,2.3404358102520946,3.761363636363626,1.1702179051260473,84.0,-5.743902462234225,-5.111111111111114,-7.658536616312302
139.32586558044807,2026-05-13,0.36015136215875304,2.834640075683594,2834.6400756835938,133.57798078258833,8014.678846955299,2026-05-14T01:37:41+00:00,1473,8.516666666666667,0.177031159490906,511.0,09A85078-C099-45C1-9D79-52C559908D73,20,191.0,93.0,50.914709221060384,22.86,0.639848637841246,85.4696890493234,5128.181342959404,394.9386821536435,56,2026-05-13 23:24:06+00:00,48.10829173326492,2886.4975039958954,Wednesday,2026,2026-05-11,16.95038228026585,203.04961771973416,196.1347324038139,0.6698358922136927,0.6861665988101348,0.7103579456472587,0.5316138831748963,0.9115001108296535,z2_60_70,z2_60_70,z3_70_80,z1_under_60,lthr_z3_90_95,7828.0,2.990802248339295,4.267085953878406,1.0,79.5,50.96666666666667,0.6093510475217169,0.3906489524782831,z1,50.96666666666667,0.3906489524782831,17.55,0.13451711803781297,11.9,0.09121103730199284,7.5,0.05748594787940726,16.866666666666667,0.12927950945324476,25.683333333333334,0.19685743484925908,0.5129494012797735,z3,3.0,2.990802248339295,8.516666666666667,0.17703115949090623,68.51874526658978,399.5053252531883,42.583333333333336,442.0886585865216,155.95936231160096,0.36543615938751695,99,97.0,3.2078566358032723,1.2739130434782453,1.6039283179016361,98.0,-4.735304213193691,-3.194444444444457,-6.313738950924922
133.03175675675675,2026-05-16,0.364674334112342,3.017520080566406,3017.5200805664062,131.1245951851209,7867.475711107254,2026-05-16T16:30:27+00:00,1480,13.166666666666666,0.27535088828938004,790.0,24F0E91D-2614-467A-8E59-3A7FAF8246B7,20,188.0,79.0,47.540138747884036,22.86,0.635325665887657,83.30682075023651,4998.409245014191,401.4259973665392,60,2026-05-16 14:19:20+00:00,47.81777443488439,2869.0664660930634,Saturday,2026,2026-05-11,16.958596001286814,203.04140399871318,196.12898279909922,0.6395757536382536,0.6551952170188887,0.6782870887217376,0.48537985360237346,0.8703226821701066,z2_60_70,z2_60_70,z2_60_70,z1_under_60,lthr_z2_85_90,7754.0,2.637477431003353,4.304789172306091,1.0,64.03333333333333,65.2,0.4954862006706216,0.5045137993293783,z1,65.2,0.5045137993293783,11.983333333333333,0.09272633479494455,9.983333333333333,0.07725045137993294,8.566666666666666,0.06628836729429971,13.533333333333333,0.10472014444157854,19.966666666666665,0.1545009027598659,0.4683103316082039,z2,2.0,2.637477431003353,13.166666666666666,0.2753508882893809,61.40700265313547,345.83816045020734,65.83333333333333,411.67149378354065,136.42709337207376,0.35735932462208464,89,87.0,4.183788128837083,4.569444444444429,2.0918940644185415,89.0,-0.26431604762821015,-1.6805555555555713,-0.3524213968376136
107.29901105293776,2026-05-21,0.307590293457126,1.577340042114257,1577.3400421142578,159.3664898653825,9561.98939192295,2026-05-22T02:11:14+00:00,1719,10.083333333333334,0.205700094240989,605.0,DA45607D-0E9F-476B-93B1-1BD4D40F84AB,21,162.0,68.0,93.23212004284052,22.86,0.692409706542873,110.34690448045731,6620.814268827438,169.24702661305903,31,2026-05-21 23:31:52+00:00,49.01958538492521,2941.1751230955124,Thursday,2026,2026-05-18,16.97228553632176,203.02771446367825,196.11940012457478,0.5158606300622007,0.5284944045022661,0.5471106427246951,0.29625588588197804,0.7019734638590318,z1_under_60,z1_under_60,z1_under_60,z1_under_60,lthr_z1_under_85,9254.0,1.4472660471147611,3.0882946518668013,1.0,33.03333333333333,121.2,0.2141776529068511,0.7858223470931489,z1,121.2,0.7858223470931489,9.7,0.06289172249837909,13.25,0.08590879619623946,7.55,0.04895180462502702,2.533333333333333,0.016425329587205533,0.0,0.0,0.2858085890279274,z1,1.0,1.4472660471147611,10.083333333333334,0.20570009424098923,45.54831160675846,230.6457098300268,50.41666666666667,281.06237649669345,178.18756196663793,0.8689000870366168,72,70.0,8.612051221926313,6.611111111111114,4.3060256109631565,69.0,-9.904937064118736,-10.469696969696969,-13.206582752158315
108.6116504854369,2026-05-22,0.38586320970043203,2.811780075073242,2811.780075073242,156.57162476579347,9394.297485947609,2026-05-23T02:10:27+00:00,1339,7.2,0.11917524832925801,432.0,BD9091A8-B443-4618-80DC-0687BFCE3022,21,163.0,72.0,64.45941154757678,22.86,0.614136790299567,96.15639508565268,5769.38370513916,305.3920747557705,56,2026-05-22 23:33:52+00:00,60.41522968014081,3624.913780808449,Friday,2026,2026-05-18,16.975023443328748,203.02497655667125,196.1174835896699,0.5221713965646004,0.5349669401642297,0.5538091173588656,0.3059118372139582,0.7105610364767773,z1_under_60,z1_under_60,z1_under_60,z1_under_60,lthr_z1_under_85,8174.0,1.3697088328847566,3.100069492703266,1.0,23.983333333333334,112.25,0.1760459995106435,0.8239540004893565,z1,112.25,0.8239540004893565,8.866666666666667,0.0650844139955958,7.383333333333334,0.054196231954979204,4.283333333333333,0.03144115488133105,3.3666666666666667,0.0247125030584781,0.08333333333333333,0.000611695620259359,0.29511808854919785,z1,1.0,1.3697088328847566,7.2,0.119175248329259,46.207118621923215,214.45753742082505,36.0,250.45753742082505,89.0743695216992,0.5934852408510242,102,91.0,10.782560542791076,10.206349206349188,5.391280271395538,92.0,-11.537935286393337,-8.571428571428584,-15.383913715191115
98.83202099737532,2026-05-26,0.022445257261087002,0.16002000427246002,160.02000427246094,74.86550449927648,4491.930269956589,2026-05-27T00:50:19+00:00,762,1.25,0.7438813489611641,75.0,4942F1B8-FE12-45A6-95B2-DF7753255F13,22,163.0,76.0,31.503102054782506,22.86,0.9775547427389121,73.18512899080912,4391.107739448547,15.815100422255949,3,2026-05-26 23:35:27+00:00,1.680375508467356,100.82253050804138,Tuesday,2026,2026-05-25,16.9859750713567,203.0140249286433,196.10981745005031,0.475153947102766,0.48682361246772704,0.5039626382934557,0.23403484320146603,0.6465805736595988,z1_under_60,z1_under_60,z1_under_60,z1_under_60,lthr_z1_under_85,4138.0,1.0763653939101014,2.6288659793814433,1.0,3.2333333333333334,65.73333333333333,0.04688255195746738,0.9531174480425326,z1,65.73333333333333,0.9531174480425326,2.2666666666666666,0.03286611889801837,0.21666666666666667,0.003141614306428226,0.5,0.007249879168680522,0.18333333333333332,0.0026582890285161915,0.06666666666666667,0.0009666505558240696,0.22575901416578242,z1,1.0,1.0763653939101014,1.25,0.7438813489611649,16.901562490780606,80.5826382406422,6.25,86.8326382406422,542.636144995944,0.318754000341844,4,0.0,,,,0.0,,,
144.2288586635127,2026-05-27,0.386497804840752,3.794760101318359,3794.7601013183594,155.83318583369254,9349.991150021553,2026-05-28T02:07:43+00:00,1691,29.399794550736747,0.48813203962094803,1763.9876730442047,1ABD20EF-DBA3-464E-BD91-4AEF6AFDD9CD,22,193.0,93.0,47.61501331149128,22.86,0.6135021951592471,95.60400158762931,5736.240095257759,547.3139183149827,75,2026-05-27 23:31:53+00:00,60.229184246063234,3613.751054763794,Wednesday,2026,2026-05-25,16.98871297836369,203.01128702163632,196.10790091514542,0.6934079743438111,0.7104474868342726,0.7354566439723383,0.5678121305566893,0.9435765577980018,z2_60_70,z3_70_80,z3_70_80,z1_under_60,lthr_z3_90_95,8909.0,3.267819059378157,4.448958688972345,1.0,97.63333333333334,50.85,0.6575373218094063,0.3424626781905938,z1,50.85,0.3424626781905938,18.8,0.12661353687282523,14.766666666666667,0.09944999438769783,9.966666666666667,0.06712313390952969,12.0,0.08081715119542036,42.1,0.2835335054439331,0.5477224018688844,z3,3.0,3.267819059378157,29.399794550736747,0.48813203962094853,85.35332683571029,509.23465475095867,146.99897275368374,656.2336275046424,172.93151872147504,0.330135132127597,88,80.0,1.0158893367927901,0.49305555555555713,0.5079446683963951,83.0,-2.75017006646093,0.03499999999999659,-3.666893421947906
146.5918079096045,2026-05-29,0.40270537703618003,2.7432000732421873,2743.2000732421875,136.17038781642913,8170.223268985748,2026-05-30T01:46:22+00:00,1416,10.183306348323821,0.185702908686283,610.9983808994293,EB582331-047F-42F2-BE4C-425D979F5D51,22,195.0,75.0,59.96997583406311,22.86,0.5972946229638191,81.33384044965108,4880.030426979065,402.13065819433183,54,2026-05-29 23:30:11+00:00,54.836547366778056,3290.1928420066833,Friday,2026,2026-05-25,16.994188792377667,203.00581120762234,196.10406784533563,0.704768307257714,0.722106461078984,0.747520485017268,0.5852088760244375,0.9590354856196551,z3_70_80,z3_70_80,z3_70_80,z1_under_60,lthr_z4_95_100,7799.0,3.5749455058340813,4.355388471177945,1.0,99.75,30.233333333333334,0.7674060777022695,0.2325939222977305,z6,30.233333333333334,0.2325939222977305,19.533333333333335,0.15027567636876524,12.233333333333333,0.09411463008077958,14.133333333333333,0.10873188870367996,20.95,0.16117450955250673,32.9,0.253109372996538,0.5644809071603157,z4,4.0,3.5749455058340813,10.183306348323821,0.18570290868628306,76.86558404298992,486.8017159520272,50.91653174161911,537.7182476936464,196.01860357859985,0.4090950012093681,86,83.0,2.6540101044724693,1.875,1.3270050522362347,82.0,-2.892350138688699,-3.618357487922708,-3.856466851584932
145.51943462897526,2026-05-30,0.43517452292768105,3.451860092163086,3451.860092163086,132.78594679832457,7967.156807899475,2026-05-30T17:07:41+00:00,1415,24.31665043036143,0.420812057454564,1458.9990258216858,F94E0CF3-4F7F-4403-83EC-AEF347559513,22,189.0,92.0,50.220802268886914,22.86,0.564825477072318,75.00088574886323,4500.053144931793,502.3127290298947,69,2026-05-30 14:54:54+00:00,57.78506104946136,3467.103662967682,Saturday,2026,2026-05-25,16.996926699384655,203.00307330061534,196.10215131043074,0.699612666485458,0.7168336531215174,0.7420593484393612,0.5773357375198374,0.9520197864164089,z2_60_70,z3_70_80,z3_70_80,z1_under_60,lthr_z4_95_100,7394.0,3.470651879902624,4.650679456434852,1.0,83.4,39.833333333333336,0.6767649445496349,0.3232350554503652,z6,39.833333333333336,0.3232350554503652,14.616666666666667,0.1186096835271842,9.833333333333334,0.07979442791452529,6.35,0.051528266161752774,11.866666666666667,0.09629429266973222,40.733333333333334,0.33053827427644034,0.5568754229005338,z4,4.0,3.470651879902624,24.31665043036143,0.4208120574545641,73.94523027856478,460.85379588025495,121.58325215180716,582.4370480320621,168.73136004393552,0.3451140557062551,107,103.0,2.6371966267095743,1.547826086956519,1.3185983133547872,101.0,-2.2745313343710585,-0.9583333333333144,-3.0327084458280784
142.50354153251772,2026-06-01,0.47316789801874604,2.011680053710937,2011.6800537109375,143.34638243317605,8600.782945990562,2026-06-01T16:26:12+00:00,1553,12.683300832907358,0.186995124708307,760.9980499744415,F5B613B4-571F-4A95-B391-E14B99CCCFE9,23,201.0,79.0,101.14964306482621,22.86,0.5268321019812531,75.51947596867879,4531.1685581207275,286.67153208413407,40,2026-06-01 14:02:51+00:00,67.82690646449724,4069.614387869835,Monday,2026,2026-06-01,17.002402513398632,202.99759748660136,196.09831824062096,0.6851131804447967,0.7019961974767879,0.7266943582741991,0.5551829071094907,0.9322891579346204,z2_60_70,z3_70_80,z3_70_80,z1_under_60,lthr_z3_90_95,8230.0,3.1905224787363307,4.3817295066591635,1.0,88.85,48.31666666666667,0.6477521263669502,0.3522478736330498,z1,48.31666666666667,0.3522478736330498,14.3,0.10425273390036452,13.833333333333334,0.10085054678007291,12.3,0.0896719319562576,20.483333333333334,0.14933171324422842,27.933333333333334,0.20364520048602675,0.5354861101597002,z3,3.0,3.1905224787363307,12.683300832907358,0.18699512470830734,76.75999673460622,457.34985539858286,63.41650416453679,520.7663595631196,258.87136406331825,0.709804415925656,127,121.0,6.697691743350252,6.634920634920661,3.348845871675126,120.0,-4.64823099092936,-4.627904040404033,-6.197641321239146
146.42740046838406,2026-06-02,0.46604554319347,2.560320068359375,2560.320068359375,157.95681638518968,9477.408983111382,2026-06-02T16:37:53+00:00,1708,22.483333333333334,0.305417535346227,1349.0,E1210E53-775E-45B1-84DB-F460CE575F58,23,194.0,89.0,86.25687608719808,22.86,0.5339544568065291,84.34174609184265,5060.504765510559,374.90101197689864,51,2026-06-02 13:59:55+00:00,73.61507029334705,4416.904217600822,Tuesday,2026,2026-06-01,17.00514042040562,202.9948595795944,196.09640170571606,0.7039778868672311,0.7213355095377172,0.7467113072688055,0.5840470787934245,0.9579598963866771,z3_70_80,z3_70_80,z3_70_80,z1_under_60,lthr_z4_95_100,9089.0,3.651336780723952,4.891167447117714,1.0,103.21666666666667,48.266666666666666,0.6813730883485531,0.3186269116514468,z6,48.266666666666666,0.3186269116514468,13.166666666666666,0.08691825283309496,8.383333333333333,0.05534162174056552,8.8,0.05809219936186599,19.033333333333335,0.12564638574100562,53.833333333333336,0.35537462867202113,0.563314896938894,z4,4.0,3.651336780723952,22.483333333333334,0.3054175353462274,88.97942774281893,576.7535334333029,112.41666666666667,689.1702000999695,269.17345554440084,0.5890760596123693,165,159.0,0.8821241272579732,-0.48611111111111427,0.4410620636289866,162.0,-3.0681965418907153,-2.7396135265700536,-4.090928722520954
141.23410202655487,2026-06-02,0.29753822646787104,2.49174006652832,2491.7400665283203,133.84441821773848,8030.665093064308,2026-06-03T01:41:00+00:00,1431,20.1,0.504722915565036,1206.0,680256AD-EDE8-424D-AE89-1494920351E3,23,188.0,82.0,47.94701263677415,22.86,0.702461773532128,94.02058739860853,5641.2352439165115,351.9186707797154,49,2026-06-02 23:27:09+00:00,39.823830819129945,2389.4298491477966,Tuesday,2026,2026-06-01,17.00514042040562,202.9948595795944,196.09640170571606,0.6790101058968984,0.6957521107630654,0.720227912384167,0.545859617459346,0.9239842086306552,z2_60_70,z2_60_70,z3_70_80,z1_under_60,lthr_z3_90_95,7687.0,3.2286978014830234,4.162052417866371,1.0,90.3,37.81666666666667,0.7048263301678158,0.2951736698321842,z1,37.81666666666667,0.2951736698321842,19.15,0.14947313646416027,16.416666666666668,0.12813841550669963,13.2,0.10303109145310264,13.716666666666667,0.10706387407311045,27.816666666666666,0.21711981267074282,0.5264829930961338,z3,3.0,3.2286978014830234,20.1,0.504722915565036,70.46680991248564,432.14317884038655,100.5,532.6431788403866,213.76354058571815,0.33948608692084253,86,81.0,2.2425456778219726,2.5555555555555713,1.1212728389109863,82.0,-5.418718349718509,-5.135265700483103,-7.224957799624677
136.76331759946055,2026-06-03,0.5825969316435371,3.5,3500.0,143.7086348493894,8622.518090963364,2026-06-03T16:25:26+00:00,1483,4.633333333333334,0.055340424820541,278.0,2F6D74A6-9332-4C8D-8EF5-03620AC5C91C,23,197.0,81.0,71.76360832623074,50.0,0.417403068356462,59.98442513545354,3599.0655081272125,478.6716115981119,70,2026-06-03 14:01:43+00:00,83.72420971393585,5023.452582836151,Wednesday,2026,2026-06-01,17.00787832741261,202.9921216725874,196.09448517081117,0.6575159499974065,0.6737370715305423,0.6974358176382712,0.5129952878257292,0.8947353646789991,z2_60_70,z2_60_70,z2_60_70,z1_under_60,lthr_z2_85_90,8098.0,2.964188688565078,4.624886052871467,1.0,73.13333333333334,61.833333333333336,0.541862188194616,0.45813781180538404,z1,61.833333333333336,0.45813781180538404,9.833333333333334,0.07285749567794517,9.9,0.07335144480118548,10.15,0.07520375401333662,11.233333333333333,0.0832304272659916,32.016666666666666,0.2372190664361571,0.4947753021238337,z2,2.0,2.964188688565078,4.633333333333334,0.055340424820541696,71.10348322541033,425.9795098696892,23.166666666666668,449.1461765363559,128.3274790103874,0.5247284841130075,103,101.0,7.3402579313314975,3.9022222222222354,3.6701289656657488,96.0,-6.355874257939516,-3.026718379659563,-8.474499010586023
141.61365853658538,2026-06-04,0.465519984780814,3.65760009765625,3657.60009765625,104.05961435039838,6243.576861023903,2026-06-04T15:46:10+00:00,1025,11.283267283439637,0.23292405061453003,676.9960370063782,1BFF6F09-86E5-4B71-B6B2-5B0B3442EC1C,23,190.0,87.0,39.73247112477049,22.86,0.5344800152191851,55.61778426170349,3337.0670557022095,517.9661312928736,73,2026-06-04 14:02:07+00:00,48.44183008869489,2906.5098053216934,Thursday,2026,2026-06-01,17.010616234419597,202.9893837655804,196.09256863590628,0.6808348968105066,0.697640713566213,0.7221775895012407,0.5486726718697762,0.9264673498587223,z2_60_70,z2_60_70,z3_70_80,z1_under_60,lthr_z3_90_95,5618.0,3.2652189391242437,4.444113667117727,1.0,61.583333333333336,32.05,0.6577073691705233,0.3422926308294767,z1,32.05,0.3422926308294767,8.583333333333334,0.09166963332146671,10.116666666666667,0.10804556781772873,7.466666666666667,0.0797436810252759,16.2,0.17301530793876824,19.216666666666665,0.20523317906728372,0.5291748832381942,z3,3.0,3.2652189391242437,11.283267283439637,0.23292405061453011,55.065734273683574,339.7774235748857,56.41633641719818,396.19375999208387,108.32068826932733,0.28056948415400024,71,66.0,0.8212969695919025,1.0908333333333218,0.41064848479595123,66.0,1.8539231114000458,-0.16785714285714448,2.471897481866727
137.60689655172413,2026-06-04,0.282882881991808,2.19456005859375,2194.56005859375,137.07187598347664,8224.312559008598,2026-06-05T01:47:36+00:00,1450,11.316666666666666,0.29185255479322403,679.0,1090A8AB-7FBC-42D6-A58C-9E513DCDF919,23,186.0,85.0,53.0064609073535,22.86,0.717117118008191,98.29658866524696,5897.795319914818,301.9865989594558,43,2026-06-04 23:30:32+00:00,38.77528731822967,2326.5172390937805,Thursday,2026,2026-06-01,17.010616234419597,202.9893837655804,196.09256863590628,0.6615716180371353,0.6779019375251546,0.7017445765995596,0.5192088867277821,0.900254241631806,z2_60_70,z2_60_70,z3_70_80,z1_under_60,lthr_z3_90_95,7782.0,2.9712156258031355,3.8276497695852534,1.0,90.41666666666667,39.28333333333333,0.6971215625803135,0.30287843741968645,z1,39.28333333333333,0.30287843741968645,20.0,0.15420200462606015,24.133333333333333,0.1860704189154459,14.533333333333333,0.11205345669493703,14.95,0.11526599845797995,16.8,0.1295296838858905,0.5007581315725116,z3,3.0,2.9712156258031355,11.316666666666666,0.29185255479322497,68.63985650862479,407.27009978025535,56.58333333333333,463.85343311358866,211.3651122452401,0.3852020664344338,94,88.0,2.8740113025482015,0.9166666666666856,1.4370056512741007,88.0,-4.319797188428611,-3.1446428571428484,-5.759729584571482
139.22680412371133,2026-06-05,0.5871135391041791,3.75,3750.0,128.87968498269717,7732.78109896183,2026-06-05T16:09:31+00:00,1455,8.233324964841207,0.108809971292026,493.9994978904724,4E70BF8E-058B-4EDE-9BF9-221BA58486EF,23,188.0,87.0,60.53360637505849,50.0,0.41288646089582004,53.21267701387406,3192.7606208324432,522.1005154639175,75,2026-06-05 14:00:38+00:00,75.66700796882311,4540.020478129387,Friday,2026,2026-06-01,17.013354141426586,202.9866458585734,196.09065210100138,0.6693596352101506,0.6858914463797516,0.7100124489973091,0.5311315950746183,0.9108520292374933,z2_60_70,z2_60_70,z3_70_80,z1_under_60,lthr_z3_90_95,7714.0,3.0246305418719213,3.9181614349775784,1.0,89.2,39.36666666666667,0.6938034742027482,0.30619652579725176,z1,39.36666666666667,0.30619652579725176,19.15,0.14894996110967074,21.1,0.16411718952553797,14.783333333333333,0.11498574021260047,16.233333333333334,0.12626393570132227,17.933333333333334,0.1394866476536168,0.512246837756818,z3,3.0,3.0246305418719213,8.233324964841207,0.10880997129202681,66.01821108348149,389.81343142549787,41.16662482420604,430.9800562497039,114.92801499992105,0.43478414056872816,137,136.0,1.1126358380694985,-0.02255639097742801,0.5563179190347493,137.0,-5.6491025656736,-4.202614379084963,-7.532136754231466
139.32085283411337,2026-06-06,0.536634455795024,3.4,3400.0,180.71098430156707,10842.659058094025,2026-06-06T17:59:40+00:00,1923,21.000061901410422,0.216549641654456,1260.0037140846252,D3649D92-F875-42FF-AD02-C724A940096C,23,189.0,81.0,85.56683004428358,50.0,0.46336554420497506,83.73524358471235,5024.114615082741,473.69089963598543,68,2026-06-06 14:58:57+00:00,96.97574071685473,5818.544443011284,Saturday,2026,2026-06-01,17.016092048433574,202.98390795156644,196.0887355660965,0.6698117924716989,0.6863640287552076,0.7104990117453834,0.5318339053755683,0.9114673163530458,z2_60_70,z2_60_70,z3_70_80,z1_under_60,lthr_z3_90_95,10232.0,3.0289288506645815,4.121335137573297,1.0,110.85,59.68333333333333,0.6500195465207194,0.3499804534792807,z1,59.68333333333333,0.3499804534792807,19.383333333333333,0.11366301798279906,25.45,0.14923768569194684,16.466666666666665,0.0965598123534011,21.433333333333334,0.1256841282251759,28.116666666666667,0.1648749022673964,0.5129138498873288,z3,3.0,3.0289288506645815,21.000061901410422,0.21654964165445695,92.6891666750454,547.3607139830108,105.00030950705211,652.3610234900628,191.8708892617832,0.61417101821912,95,90.0,6.205805497802245,2.1597222222222285,3.1029027489011227,90.0,-5.9153237458047885,-2.509803921568647,-7.887098327739717
110.07395323545406,2026-06-08,0.531149179116536,4.15,4150.0,321.92599080006283,19315.55944800377,2026-06-08T19:21:29+00:00,3678,17.19996231396993,0.100590030474193,1031.9977388381958,8B5C8532-FE81-4BFE-A14B-C21BDC771E7B,24,185.0,59.0,123.60775355402245,50.0,0.468850820883463,150.93526505033176,9056.115903019905,456.8069059271343,83,2026-06-08 13:59:33+00:00,170.99072574973107,10259.443544983864,Monday,2026,2026-06-08,17.02156786244755,202.97843213755246,196.0849024962867,0.5292016982473753,0.5422938391841563,0.561358635132751,0.3167704801293892,0.7201277390639399,z1_under_60,z1_under_60,z1_under_60,z1_under_60,lthr_z1_under_85,18878.0,2.0899459688526325,4.319780574378832,1.0,103.3,211.33333333333334,0.3283186778260409,0.6716813221739591,z1,211.33333333333334,0.6716813221739591,15.866666666666667,0.050429070876152136,18.766666666666666,0.05964614895645725,12.183333333333334,0.038722322279902535,29.433333333333334,0.09354804534378641,27.05,0.08597309036974256,0.3054890300386812,z1,1.0,2.0899459688526325,17.19996231396993,0.10059003047419361,98.34485867375261,672.807926741481,85.99981156984965,758.8077383113306,182.84523814730855,1.1229518875334557,126,114.0,1.5746025994257493,0.09166666666666856,0.7873012997128747,118.0,-1.7739117076490056,-1.3611111111111143,-2.3652156101986734
138.89732770745428,2026-06-09,0.511409491819062,4.2,4200.0,139.64501188198724,8378.700712919235,2026-06-09T16:22:35+00:00,1422,8.266666666666667,0.11575405517714701,496.0,D1B1FAD8-59A4-4671-8480-305CDF4FC8FF,24,190.0,92.0,51.01127468688147,50.0,0.488590508180937,68.22922732035319,4093.7536392211914,583.3687763713081,84,2026-06-09 14:02:56+00:00,71.41578456163407,4284.947073698044,Tuesday,2026,2026-06-08,17.02430576945454,202.97569423054546,196.08298596138184,0.6677756139781456,0.6843052230169531,0.7083599172383567,0.5287513192288106,0.9086965228734531,z2_60_70,z2_60_70,z3_70_80,z1_under_60,lthr_z3_90_95,7895.0,3.0672577580747307,4.0455308826273555,1.0,89.31666666666666,42.266666666666666,0.6787840405319823,0.32121595946801773,z1,42.266666666666666,0.32121595946801773,18.066666666666666,0.13730208993033566,17.333333333333332,0.1317289423685877,17.133333333333333,0.13020899303356553,16.033333333333335,0.12184927169094363,20.75,0.15769474350854973,0.5099101255847821,z3,3.0,3.0672577580747307,8.266666666666667,0.11575405517714749,71.2064055460325,428.3272460714633,41.333333333333336,469.66057940479664,111.82394747733252,0.3672588632829674,145,142.0,1.7455121831237912,0.7944444444444514,0.8727560915618956,140.0,-5.4745392040484795,-3.239473684210523,-7.299385605397973
130.22504892367905,2026-06-10,0.359425710354056,2.834640075683594,2834.6400756835938,142.38927056590717,8543.35623395443,2026-06-10T02:24:13+00:00,1533,16.733333333333334,0.326961078668685,1004.0,F3D4F5CF-11E2-4138-9E12-0F6EC42B5ACB,24,182.0,79.0,54.163876210215314,22.86,0.6405742896459431,91.21090584595999,5472.654350757599,369.1411425369173,56,2026-06-10 00:01:49+00:00,51.178364719947176,3070.7018831968307,Wednesday,2026,2026-06-08,17.027043676461528,202.97295632353848,196.08106942647694,0.6260819659792263,0.641588176486431,0.6641388141373258,0.46498252765233195,0.8519605891713763,z2_60_70,z2_60_70,z2_60_70,z1_under_60,lthr_z2_85_90,8309.0,2.5172704296545914,4.350252458145097,1.0,62.71666666666667,75.76666666666667,0.45288241665663737,0.5471175833433626,z1,75.76666666666667,0.5471175833433626,10.833333333333334,0.07822842700686003,9.316666666666666,0.06727644722589962,7.233333333333333,0.05223251895534962,17.716666666666665,0.12793356601275724,17.616666666666667,0.12721145745577084,0.44840460229559614,z2,2.0,2.5172704296545914,16.733333333333334,0.3269610786686856,63.848004239265634,358.432300295645,83.66666666666667,442.0989669623117,155.96299888468076,0.41592517459493616,101,100.0,-0.8869091947283357,-2.8313492063492163,-0.44345459736416787,100.0,-1.5901580560530666,-0.75,-2.120210741404089
134.6003573555688,2026-06-10,0.522992284299991,4.1,4100.0,164.33271723190944,9859.963033914566,2026-06-10T16:46:56+00:00,1679,22.48324515024821,0.261601167458105,1348.9947090148926,4DC6E959-F624-4768-A0F3-6BE9DDE6541D,24,181.0,77.0,62.88639744171283,50.0,0.47700771570000805,78.38797406156858,4703.278443694115,551.8614651578322,82,2026-06-10 14:02:36+00:00,85.94474317034086,5156.684590220451,Wednesday,2026,2026-06-08,17.027043676461528,202.97295632353848,196.08106942647694,0.6471171026710039,0.6631442917006939,0.6864525869287902,0.497160311751392,0.8805848083999205,z2_60_70,z2_60_70,z2_60_70,z1_under_60,lthr_z2_85_90,9327.0,2.7063364425860406,4.048266615590883,1.0,87.01666666666667,68.43333333333334,0.559772702905543,0.44022729709445696,z1,68.43333333333334,0.44022729709445696,19.366666666666667,0.1245845395089525,16.7,0.10743004181408813,13.25,0.08523641042135735,15.766666666666667,0.1014259676208856,21.933333333333334,0.14109574354025947,0.47943515855013336,z2,2.0,2.7063364425860406,22.48324515024821,0.2616011674581055,78.78688234105473,444.73962135390354,112.41622575124104,557.1558471051446,135.89167002564506,0.46720825023954543,118,114.0,2.0018134289644567,-0.7083333333333286,1.0009067144822283,113.0,-3.3276148380182122,-1.0238095238095468,-4.436819784024283
144.5275974025974,2026-06-11,0.619772878595093,3.8,3800.0,133.75130006670952,8025.078004002571,2026-06-11T16:20:21+00:00,1232,16.333333333333332,0.197035393586032,980.0,4ABB7AF2-FB62-4109-8C97-50B01EE32488,24,190.0,97.0,65.44375915119522,50.0,0.38022712140490605,50.8558718085289,3051.352308511734,549.2048701298702,76,2026-06-11 14:06:36+00:00,82.89542825818062,4973.725695490837,Thursday,2026,2026-06-08,17.029781583468516,202.97021841653148,196.07915289157205,0.6948442182817183,0.7120630727509033,0.7370880344557503,0.5701807227013431,0.9455309715936768,z2_60_70,z3_70_80,z3_70_80,z1_under_60,lthr_z3_90_95,6991.0,3.290087255042197,4.346571906354515,1.0,79.73333333333333,36.78333333333333,0.6843083965097984,0.3156916034902017,z1,36.78333333333333,0.3156916034902017,15.766666666666667,0.13531683593191246,12.533333333333333,0.10756687169217566,8.233333333333333,0.07066228007438134,14.7,0.12616220855385496,28.5,0.2446002002574739,0.5498411163304779,z3,3.0,3.290087255042197,16.333333333333332,0.19703539358603242,73.5419641393323,440.0534476948055,81.66666666666666,521.7201143614722,137.29476693722953,0.4528115067802206,123,104.0,0.6763123449778197,0.6805555555555571,0.33815617248890983,100.0,-4.592756737667887,-3.1458333333333286,-6.123675650223852
145.76386036960986,2026-06-15,0.596265583800704,3.4,3400.0,135.06631243427594,8103.978746056557,2026-06-15T16:50:53+00:00,1461,22.816666698455812,0.28331228877755804,1369.0000019073486,2C3444E8-5EC6-4312-812C-ED6C3995FF10,25,188.0,91.0,71.06064144302817,50.0,0.403734416199295,54.53091879884402,3271.855127930641,495.5971252566735,68,2026-06-15 14:35:49+00:00,80.53539363543193,4832.1236181259155,Monday,2026,2026-06-15,17.04073321149647,202.95926678850353,196.07148675195248,0.7007877902385089,0.7181926830742106,0.7434220180826896,0.5793195434933751,0.9536188727651632,z3_70_80,z3_70_80,z3_70_80,z1_under_60,lthr_z4_95_100,7769.0,3.559917621315485,4.483012259194396,1.0,95.16666666666667,34.31666666666667,0.7349723259106706,0.26502767408932937,z6,34.31666666666667,0.26502767408932937,15.45,0.1193203758527481,14.516666666666667,0.11211224095765221,11.75,0.09074526966147509,15.516666666666667,0.11983524263096923,37.93333333333333,0.29295919680782595,0.5586089387915593,z4,4.0,3.559917621315485,22.816666698455812,0.28331228877755815,75.44924945540006,480.8249456808817,114.08333349227905,594.9082791731607,174.97302328622376,0.48750521057031176,95,89.0,4.10695795315624,2.706349206349188,2.05347897657812,87.0,-2.1011282233873554,-1.9583333333333428,-2.801504297849808
141.63560606060605,2026-06-16,0.357692221565351,2.78892007446289,2788.9200744628906,125.81154346664746,7548.692607998848,2026-06-17T02:04:40+00:00,1320,8.283333333333333,0.18406666853554202,497.0,BD3DB5FA-70B0-47E1-A2A6-2BD8444D80B3,25,188.0,85.0,48.40778073192116,22.86,0.642307778434648,80.80973298549652,4848.583979129791,395.010385001142,55,2026-06-16 23:58:51+00:00,45.00181048115095,2700.1086288690567,Tuesday,2026,2026-06-15,17.043471118503458,202.95652888149655,196.06957021704758,0.6809404137529137,0.6978617876506209,0.7223742363683282,0.5489666930645198,0.926610935333637,z2_60_70,z2_60_70,z3_70_80,z1_under_60,lthr_z3_90_95,7194.0,3.259243814289686,4.224801587301587,1.0,84.0,35.9,0.700583819849875,0.2994161801501251,z1,35.9,0.2994161801501251,15.733333333333333,0.13122046149569086,14.916666666666666,0.12440922991381707,11.0,0.09174311926605505,19.433333333333334,0.1620795107033639,22.916666666666668,0.191131498470948,0.5293305394369223,z3,3.0,3.259243814289686,8.283333333333333,0.18406666853554293,66.59589217059231,410.0504948099087,41.416666666666664,451.46716147657537,161.8788453676006,0.3417769166829943,97,93.0,0.918578588629413,0.46190476190474783,0.4592892943147065,94.0,-4.903436929277034,-2.8989898989899245,-6.537915905702712
144.90058479532163,2026-06-16,0.647194061964092,4.4,4400.0,156.0980332672596,9365.881996035576,2026-06-16T16:40:36+00:00,1710,34.13332080046336,0.33786763140984905,2047.9992480278015,D2A76A13-D33B-4528-BA1B-B88B4AB168DB,25,183.0,83.0,68.8811728737571,50.0,0.35280593803590704,55.07231305241585,3304.338783144951,637.5625730994152,88,2026-06-16 14:04:31+00:00,101.02572021484374,6061.543212890625,Tuesday,2026,2026-06-15,17.043471118503458,202.95652888149655,196.06957021704758,0.6966374269005848,0.7139488716814182,0.7390263804572925,0.572981565771085,0.9479711362277871,z2_60_70,z3_70_80,z3_70_80,z1_under_60,lthr_z3_90_95,9102.0,3.5113161942430233,4.372381233402184,1.0,112.96666666666667,38.733333333333334,0.7446715007690617,0.25532849923093826,z6,38.733333333333334,0.25532849923093826,18.483333333333334,0.12184135354867062,18.433333333333334,0.12151175565809712,17.466666666666665,0.11513952977367611,19.7,0.12986156888595912,38.88333333333333,0.25631729290265876,0.5524864169880968,z3,3.0,3.5113161942430233,34.13332080046336,0.337867631409849,86.24204309871699,548.1095521008149,170.6666040023168,718.7761561031317,163.3582172961663,0.4753684946893399,131,129.0,4.811446199708399,2.8888888888888857,2.4057230998541996,129.0,-2.4154173434295565,-1.9516908212560224,-3.220556457906075
131.66135155656795,2026-06-17,0.586996932339922,5.3,5300.0,144.40262491703032,8664.15749502182,2026-06-17T16:32:38+00:00,1317,15.166666666666666,0.17892837695879202,910.0,9D87641F-2BB8-40A6-8F40-DAAAC2C6EB15,25,173.0,74.0,47.97956481969582,50.0,0.41300306766007705,59.63872706890106,3578.3236241340637,697.8051632498101,106,2026-06-17 14:08:13+00:00,84.76389784812928,5085.833870887756,Wednesday,2026,2026-06-15,17.04620902551045,202.95379097448955,196.0676536821427,0.6329872670988844,0.648725756362527,0.6715098032947967,0.4756127143869129,0.8613571933382258,z2_60_70,z2_60_70,z2_60_70,z1_under_60,lthr_z2_85_90,7576.0,2.4503695881731784,3.6793465008534505,1.0,68.35,57.916666666666664,0.5413146779303062,0.45868532206969376,z1,57.916666666666664,0.45868532206969376,14.766666666666667,0.11694825765575502,18.7,0.14809926082365366,15.033333333333333,0.11906019007391763,13.383333333333333,0.10599260823653643,6.466666666666667,0.051214361140443504,0.45859114579126203,z2,2.0,2.4503695881731784,15.166666666666666,0.17892837695879263,66.22176521596678,353.83980054906954,75.83333333333333,429.67313388240285,81.0704026193213,0.364416468860883,155,140.0,3.346105968383631,2.7777777777777857,1.6730529841918156,136.0,-0.7034491707238102,0.11111111111111427,-0.9379322276317471
