swimmer,event,course,time,time_seconds,date,meet,age,points,team,lsc,standard,rank,person_key,swim_event_key,meet_key,sort_key,usas_swim_time_key,source_file,raw_json
gmo,50 FR SCY,SCY,27.65,27.65,2024-10-26,2024 SN Golden Buoy Tri-Meet,15,456,California Capital Aquatics,SN,BB,,1731452,1,263513,1010002765.00,170469196,gmo-result,"{""Age"": ""15"", ""Event"": ""50 FR SCY"", ""LSC"": ""SN"", ""Meet"": ""2024 SN Golden Buoy Tri-Meet"", ""MeetKey"": ""263513"", ""PersonKey"": ""1731452"", ""Points"": ""456"", ""SortKey"": ""1010002765.00"", ""Swim Date"": ""10/26/2024"", ""Swim Time"": ""27.65"", ""SwimEventKey"": ""1"", ""Team"": ""California Capital Aquatics"", ""Time Standard"": ""BB"", ""UsasSwimTimeKey"": ""170469196""}"
gmo,50 FR SCY,SCY,27.67,27.67,2026-05-09,2026 SN Post High School Meet,16,452,California Capital Aquatics,SN,BB,,1731452,1,282465,1010002767.00,187739302,gmo-result,"{""Age"": ""16"", ""Event"": ""50 FR SCY"", ""LSC"": ""SN"", ""Meet"": ""2026 SN Post High School Meet"", ""MeetKey"": ""282465"", ""PersonKey"": ""1731452"", ""Points"": ""452"", ""SortKey"": ""1010002767.00"", ""Swim Date"": ""05/09/2026"", ""Swim Time"": ""27.67"", ""SwimEventKey"": ""1"", ""Team"": ""California Capital Aquatics"", ""Time Standard"": ""BB"", ""UsasSwimTimeKey"": ""187739302""}"
gmo,50 FR SCY,SCY,27.92,27.92,2024-12-07,2024 GU Southern Senior Championship - TWST,15,434,California Capital Aquatics,SN,BB,,1731452,1,264566,1010002792.00,172126872,gmo-result,"{""Age"": ""15"", ""Event"": ""50 FR SCY"", ""LSC"": ""SN"", ""Meet"": ""2024 GU Southern Senior Championship - TWST"", ""MeetKey"": ""264566"", ""PersonKey"": ""1731452"", ""Points"": ""434"", ""SortKey"": ""1010002792.00"", ""Swim Date"": ""12/07/2024"", ""Swim Time"": ""27.92"", ""SwimEventKey"": ""1"", ""Team"": ""California Capital Aquatics"", ""Time Standard"": ""BB"", ""UsasSwimTimeKey"": ""172126872""}"
gmo,50 FR SCY,SCY,27.99,27.99,2024-11-23,2024 SN NSS at CCA Dual Meet,15,429,California Capital Aquatics,SN,BB,,1731452,1,265170,1010002799.00,171646642,gmo-result,"{""Age"": ""15"", ""Event"": ""50 FR SCY"", ""LSC"": ""SN"", ""Meet"": ""2024 SN NSS at CCA Dual Meet"", ""MeetKey"": ""265170"", ""PersonKey"": ""1731452"", ""Points"": ""429"", ""SortKey"": ""1010002799.00"", ""Swim Date"": ""11/23/2024"", ""Swim Time"": ""27.99"", ""SwimEventKey"": ""1"", ""Team"": ""California Capital Aquatics"", ""Time Standard"": ""BB"", ""UsasSwimTimeKey"": ""171646642""}"
gmo,50 FR SCY,SCY,28.18,28.18,2024-11-10,2024 SN Folsom Classic,15,414,California Capital Aquatics,SN,BB,,1731452,1,262124,1010002818.00,171096024,gmo-result,"{""Age"": ""15"", ""Event"": ""50 FR SCY"", ""LSC"": ""SN"", ""Meet"": ""2024 SN Folsom Classic"", ""MeetKey"": ""262124"", ""PersonKey"": ""1731452"", ""Points"": ""414"", ""SortKey"": ""1010002818.00"", ""Swim Date"": ""11/10/2024"", ""Swim Time"": ""28.18"", ""SwimEventKey"": ""1"", ""Team"": ""California Capital Aquatics"", ""Time Standard"": ""BB"", ""UsasSwimTimeKey"": ""171096024""}"
gmo,50 FR SCY,SCY,28.45,28.45,2024-07-19,2024 SN Prospectors Plunge,15,392,California Capital Aquatics,SN,2020-2024 BB,,1731452,1,259719,1010002845.00,168602366,gmo-result,"{""Age"": ""15"", ""Event"": ""50 FR SCY"", ""LSC"": ""SN"", ""Meet"": ""2024 SN Prospectors Plunge"", ""MeetKey"": ""259719"", ""PersonKey"": ""1731452"", ""Points"": ""392"", ""SortKey"": ""1010002845.00"", ""Swim Date"": ""07/19/2024"", ""Swim Time"": ""28.45"", ""SwimEventKey"": ""1"", ""Team"": ""California Capital Aquatics"", ""Time Standard"": ""2020-2024 BB"", ""UsasSwimTimeKey"": ""168602366""}"
gmo,50 FR SCY,SCY,28.48,28.48,2024-03-10,2024 SN Sierra Nevada Swimming 14 & Under Short Course Championships,14,420,Unattached,SN,2020-2024 BB,,1731452,1,256761,1010002848.00,165241553,gmo-result,"{""Age"": ""14"", ""Event"": ""50 FR SCY"", ""LSC"": ""SN"", ""Meet"": ""2024 SN Sierra Nevada Swimming 14 & Under Short Course Championships"", ""MeetKey"": ""256761"", ""PersonKey"": ""1731452"", ""Points"": ""420"", ""SortKey"": ""1010002848.00"", ""Swim Date"": ""03/10/2024"", ""Swim Time"": ""28.48"", ""SwimEventKey"": ""1"", ""Team"": ""Unattached"", ""Time Standard"": ""2020-2024 BB"", ""UsasSwimTimeKey"": ""165241553""}"
gmo,50 FR SCY,SCY,28.54,28.54,2023-12-02,2023 GU Southern Senior Championship Invitational,14,415,California Capital Aquatics,SN,2020-2024 BB,,1731452,1,253317,1010002854.00,161226610,gmo-result,"{""Age"": ""14"", ""Event"": ""50 FR SCY"", ""LSC"": ""SN"", ""Meet"": ""2023 GU Southern Senior Championship Invitational"", ""MeetKey"": ""253317"", ""PersonKey"": ""1731452"", ""Points"": ""415"", ""SortKey"": ""1010002854.00"", ""Swim Date"": ""12/02/2023"", ""Swim Time"": ""28.54"", ""SwimEventKey"": ""1"", ""Team"": ""California Capital Aquatics"", ""Time Standard"": ""2020-2024 BB"", ""UsasSwimTimeKey"": ""161226610""}"
gmo,50 FR SCY,SCY,28.70,28.70,2023-02-04,2023 SN Senior Swimming Winter Championships,13,456,California Capital Aquatics,SN,2020-2024 BB,,1731452,1,164465,1010002870.00,8934427,gmo-result,"{""Age"": ""13"", ""Event"": ""50 FR SCY"", ""LSC"": ""SN"", ""Meet"": ""2023 SN Senior Swimming Winter Championships"", ""MeetKey"": ""164465"", ""PersonKey"": ""1731452"", ""Points"": ""456"", ""SortKey"": ""1010002870.00"", ""Swim Date"": ""02/04/2023"", ""Swim Time"": ""28.70"", ""SwimEventKey"": ""1"", ""Team"": ""California Capital Aquatics"", ""Time Standard"": ""2020-2024 BB"", ""UsasSwimTimeKey"": ""8934427""}"
gmo,50 FR SCY,SCY,28.76,28.76,2024-02-03,2024 SN Senior Winter Championships,14,398,California Capital Aquatics,SN,2020-2024 BB,,1731452,1,255612,1010002876.00,163481760,gmo-result,"{""Age"": ""14"", ""Event"": ""50 FR SCY"", ""LSC"": ""SN"", ""Meet"": ""2024 SN Senior Winter Championships"", ""MeetKey"": ""255612"", ""PersonKey"": ""1731452"", ""Points"": ""398"", ""SortKey"": ""1010002876.00"", ""Swim Date"": ""02/03/2024"", ""Swim Time"": ""28.76"", ""SwimEventKey"": ""1"", ""Team"": ""California Capital Aquatics"", ""Time Standard"": ""2020-2024 BB"", ""UsasSwimTimeKey"": ""163481760""}"
gmo,50 FR SCY,SCY,28.97,28.97,2024-10-06,2024 SN CCA SPOOK-TACULAR,15,352,California Capital Aquatics,SN,BB,,1731452,1,262110,1010002897.00,169722680,gmo-result,"{""Age"": ""15"", ""Event"": ""50 FR SCY"", ""LSC"": ""SN"", ""Meet"": ""2024 SN CCA SPOOK-TACULAR"", ""MeetKey"": ""262110"", ""PersonKey"": ""1731452"", ""Points"": ""352"", ""SortKey"": ""1010002897.00"", ""Swim Date"": ""10/06/2024"", ""Swim Time"": ""28.97"", ""SwimEventKey"": ""1"", ""Team"": ""California Capital Aquatics"", ""Time Standard"": ""BB"", ""UsasSwimTimeKey"": ""169722680""}"
gmo,50 FR SCY,SCY,28.99,28.99,2023-11-11,2023 SN Folsom Senior Classic,14,380,California Capital Aquatics,SN,2020-2024 BB,,1731452,1,253160,1010002899.00,160108537,gmo-result,"{""Age"": ""14"", ""Event"": ""50 FR SCY"", ""LSC"": ""SN"", ""Meet"": ""2023 SN Folsom Senior Classic"", ""MeetKey"": ""253160"", ""PersonKey"": ""1731452"", ""Points"": ""380"", ""SortKey"": ""1010002899.00"", ""Swim Date"": ""11/11/2023"", ""Swim Time"": ""28.99"", ""SwimEventKey"": ""1"", ""Team"": ""California Capital Aquatics"", ""Time Standard"": ""2020-2024 BB"", ""UsasSwimTimeKey"": ""160108537""}"
gmo,50 FR SCY,SCY,29.01,29.01,2023-01-15,2023 SN DART SACRAMENTO JUNIOR+ TRIALS/FINALS MEET,13,432,California Capital Aquatics,SN,2020-2024 BB,,1731452,1,163498,1010002901.00,8501310,gmo-result,"{""Age"": ""13"", ""Event"": ""50 FR SCY"", ""LSC"": ""SN"", ""Meet"": ""2023 SN DART SACRAMENTO JUNIOR+ TRIALS/FINALS MEET"", ""MeetKey"": ""163498"", ""PersonKey"": ""1731452"", ""Points"": ""432"", ""SortKey"": ""1010002901.00"", ""Swim Date"": ""01/15/2023"", ""Swim Time"": ""29.01"", ""SwimEventKey"": ""1"", ""Team"": ""California Capital Aquatics"", ""Time Standard"": ""2020-2024 BB"", ""UsasSwimTimeKey"": ""8501310""}"
gmo,50 FR SCY,SCY,29.05,29.05,2022-11-19,SN Cranberry Classic,13,429,California Capital Aquatics,SN,2020-2024 BB,,1731452,1,160491,1010002905.00,38633005,gmo-result,"{""Age"": ""13"", ""Event"": ""50 FR SCY"", ""LSC"": ""SN"", ""Meet"": ""SN Cranberry Classic"", ""MeetKey"": ""160491"", ""PersonKey"": ""1731452"", ""Points"": ""429"", ""SortKey"": ""1010002905.00"", ""Swim Date"": ""11/19/2022"", ""Swim Time"": ""29.05"", ""SwimEventKey"": ""1"", ""Team"": ""California Capital Aquatics"", ""Time Standard"": ""2020-2024 BB"", ""UsasSwimTimeKey"": ""38633005""}"
gmo,50 FR SCY,SCY,29.28,29.28,2022-10-09,SN CCA SPOOK-TACULAR,13,411,California Capital Aquatics,SN,2020-2024 BB,,1731452,1,159698,1010002928.00,78517049,gmo-result,"{""Age"": ""13"", ""Event"": ""50 FR SCY"", ""LSC"": ""SN"", ""Meet"": ""SN CCA SPOOK-TACULAR"", ""MeetKey"": ""159698"", ""PersonKey"": ""1731452"", ""Points"": ""411"", ""SortKey"": ""1010002928.00"", ""Swim Date"": ""10/09/2022"", ""Swim Time"": ""29.28"", ""SwimEventKey"": ""1"", ""Team"": ""California Capital Aquatics"", ""Time Standard"": ""2020-2024 BB"", ""UsasSwimTimeKey"": ""78517049""}"
gmo,50 FR SCY,SCY,29.35,29.35,2022-11-05,PC TERA Short Course Senior 2 T/F,13,406,California Capital Aquatics,SN,2020-2024 BB,,1731452,1,158739,1010002935.00,10246660,gmo-result,"{""Age"": ""13"", ""Event"": ""50 FR SCY"", ""LSC"": ""SN"", ""Meet"": ""PC TERA Short Course Senior 2 T/F"", ""MeetKey"": ""158739"", ""PersonKey"": ""1731452"", ""Points"": ""406"", ""SortKey"": ""1010002935.00"", ""Swim Date"": ""11/05/2022"", ""Swim Time"": ""29.35"", ""SwimEventKey"": ""1"", ""Team"": ""California Capital Aquatics"", ""Time Standard"": ""2020-2024 BB"", ""UsasSwimTimeKey"": ""10246660""}"
gmo,50 FR SCY,SCY,29.37,29.37,2024-04-05,2024 SN NorCal Championships,14,351,Unattached,SN,2020-2024 BB,,1731452,1,257773,1010002937.00,166157988,gmo-result,"{""Age"": ""14"", ""Event"": ""50 FR SCY"", ""LSC"": ""SN"", ""Meet"": ""2024 SN NorCal Championships"", ""MeetKey"": ""257773"", ""PersonKey"": ""1731452"", ""Points"": ""351"", ""SortKey"": ""1010002937.00"", ""Swim Date"": ""04/05/2024"", ""Swim Time"": ""29.37r"", ""SwimEventKey"": ""1"", ""Team"": ""Unattached"", ""Time Standard"": ""2020-2024 BB"", ""UsasSwimTimeKey"": ""166157988""}"
gmo,50 FR SCY,SCY,29.37,29.37,2025-02-01,2025 SN Senior Short Course Championships,15,322,California Capital Aquatics,SN,BB,,1731452,1,267141,1010002937.00,174037009,gmo-result,"{""Age"": ""15"", ""Event"": ""50 FR SCY"", ""LSC"": ""SN"", ""Meet"": ""2025 SN Senior Short Course Championships"", ""MeetKey"": ""267141"", ""PersonKey"": ""1731452"", ""Points"": ""322"", ""SortKey"": ""1010002937.00"", ""Swim Date"": ""02/01/2025"", ""Swim Time"": ""29.37"", ""SwimEventKey"": ""1"", ""Team"": ""California Capital Aquatics"", ""Time Standard"": ""BB"", ""UsasSwimTimeKey"": ""174037009""}"
gmo,50 FR SCY,SCY,29.38,29.38,2022-10-23,SN Sac Regional Open,13,404,California Capital Aquatics,SN,2020-2024 BB,,1731452,1,160496,1010002938.00,127677563,gmo-result,"{""Age"": ""13"", ""Event"": ""50 FR SCY"", ""LSC"": ""SN"", ""Meet"": ""SN Sac Regional Open"", ""MeetKey"": ""160496"", ""PersonKey"": ""1731452"", ""Points"": ""404"", ""SortKey"": ""1010002938.00"", ""Swim Date"": ""10/23/2022"", ""Swim Time"": ""29.38"", ""SwimEventKey"": ""1"", ""Team"": ""California Capital Aquatics"", ""Time Standard"": ""2020-2024 BB"", ""UsasSwimTimeKey"": ""127677563""}"
gmo,50 FR SCY,SCY,29.40,29.40,2023-10-08,2023 SN CCA SPOOK-TACULAR AGO Swim Meet,14,349,California Capital Aquatics,SN,2020-2024 BB,,1731452,1,251804,1010002940.00,158902035,gmo-result,"{""Age"": ""14"", ""Event"": ""50 FR SCY"", ""LSC"": ""SN"", ""Meet"": ""2023 SN CCA SPOOK-TACULAR AGO Swim Meet"", ""MeetKey"": ""251804"", ""PersonKey"": ""1731452"", ""Points"": ""349"", ""SortKey"": ""1010002940.00"", ""Swim Date"": ""10/08/2023"", ""Swim Time"": ""29.40"", ""SwimEventKey"": ""1"", ""Team"": ""California Capital Aquatics"", ""Time Standard"": ""2020-2024 BB"", ""UsasSwimTimeKey"": ""158902035""}"
gmo,50 FR SCY,SCY,29.72,29.72,2025-10-25,2025 SN Golden Buoy Dual Meet,16,295,California Capital Aquatics,SN,B,,1731452,1,276720,1010002972.00,181108323,gmo-result,"{""Age"": ""16"", ""Event"": ""50 FR SCY"", ""LSC"": ""SN"", ""Meet"": ""2025 SN Golden Buoy Dual Meet"", ""MeetKey"": ""276720"", ""PersonKey"": ""1731452"", ""Points"": ""295"", ""SortKey"": ""1010002972.00"", ""Swim Date"": ""10/25/2025"", ""Swim Time"": ""29.72"", ""SwimEventKey"": ""1"", ""Team"": ""California Capital Aquatics"", ""Time Standard"": ""B"", ""UsasSwimTimeKey"": ""181108323""}"
gmo,50 FR SCY,SCY,29.78,29.78,2024-04-05,2024 SN NorCal Championships,14,321,Unattached,SN,2020-2024 BB,,1731452,1,257773,1010002978.00,166157730,gmo-result,"{""Age"": ""14"", ""Event"": ""50 FR SCY"", ""LSC"": ""SN"", ""Meet"": ""2024 SN NorCal Championships"", ""MeetKey"": ""257773"", ""PersonKey"": ""1731452"", ""Points"": ""321"", ""SortKey"": ""1010002978.00"", ""Swim Date"": ""04/05/2024"", ""Swim Time"": ""29.78r"", ""SwimEventKey"": ""1"", ""Team"": ""Unattached"", ""Time Standard"": ""2020-2024 BB"", ""UsasSwimTimeKey"": ""166157730""}"
gmo,50 FR SCY,SCY,29.95,29.95,2022-03-13,2022 SN 14&U Short Course Championships,12,429,California Capital Aquatics,SN,2020-2024 BB,,1731452,1,118077,1010002995.00,91590017,gmo-result,"{""Age"": ""12"", ""Event"": ""50 FR SCY"", ""LSC"": ""SN"", ""Meet"": ""2022 SN 14&U Short Course Championships"", ""MeetKey"": ""118077"", ""PersonKey"": ""1731452"", ""Points"": ""429"", ""SortKey"": ""1010002995.00"", ""Swim Date"": ""03/13/2022"", ""Swim Time"": ""29.95"", ""SwimEventKey"": ""1"", ""Team"": ""California Capital Aquatics"", ""Time Standard"": ""2020-2024 BB"", ""UsasSwimTimeKey"": ""91590017""}"
gmo,50 FR SCY,SCY,30.01,30.01,2021-12-18,2021 SN Dart Winter Invite SCY,12,424,California Capital Aquatics,SN,2020-2024 BB,,1731452,1,144592,1010003001.00,49363991,gmo-result,"{""Age"": ""12"", ""Event"": ""50 FR SCY"", ""LSC"": ""SN"", ""Meet"": ""2021 SN Dart Winter Invite SCY"", ""MeetKey"": ""144592"", ""PersonKey"": ""1731452"", ""Points"": ""424"", ""SortKey"": ""1010003001.00"", ""Swim Date"": ""12/18/2021"", ""Swim Time"": ""30.01"", ""SwimEventKey"": ""1"", ""Team"": ""California Capital Aquatics"", ""Time Standard"": ""2020-2024 BB"", ""UsasSwimTimeKey"": ""49363991""}"
gmo,50 FR SCY,SCY,30.05,30.05,2023-11-18,2023 SN NSS at CCA dual meet,14,302,California Capital Aquatics,SN,2020-2024 BB,,1731452,1,253360,1010003005.00,160652074,gmo-result,"{""Age"": ""14"", ""Event"": ""50 FR SCY"", ""LSC"": ""SN"", ""Meet"": ""2023 SN NSS at CCA dual meet"", ""MeetKey"": ""253360"", ""PersonKey"": ""1731452"", ""Points"": ""302"", ""SortKey"": ""1010003005.00"", ""Swim Date"": ""11/18/2023"", ""Swim Time"": ""30.05"", ""SwimEventKey"": ""1"", ""Team"": ""California Capital Aquatics"", ""Time Standard"": ""2020-2024 BB"", ""UsasSwimTimeKey"": ""160652074""}"
gmo,50 FR SCY,SCY,30.43,30.43,2021-10-10,2021 SN CCA Spook-Tacular,12,396,California Capital Aquatics,SN,2020-2024 BB,,1731452,1,85114,1010003043.00,102691026,gmo-result,"{""Age"": ""12"", ""Event"": ""50 FR SCY"", ""LSC"": ""SN"", ""Meet"": ""2021 SN CCA Spook-Tacular"", ""MeetKey"": ""85114"", ""PersonKey"": ""1731452"", ""Points"": ""396"", ""SortKey"": ""1010003043.00"", ""Swim Date"": ""10/10/2021"", ""Swim Time"": ""30.43"", ""SwimEventKey"": ""1"", ""Team"": ""California Capital Aquatics"", ""Time Standard"": ""2020-2024 BB"", ""UsasSwimTimeKey"": ""102691026""}"
gmo,50 FR SCY,SCY,30.97,30.97,2021-11-20,2021 SN Gobbler Classic,12,360,California Capital Aquatics,SN,2020-2024 BB,,1731452,1,38500,1010003097.00,23743948,gmo-result,"{""Age"": ""12"", ""Event"": ""50 FR SCY"", ""LSC"": ""SN"", ""Meet"": ""2021 SN Gobbler Classic"", ""MeetKey"": ""38500"", ""PersonKey"": ""1731452"", ""Points"": ""360"", ""SortKey"": ""1010003097.00"", ""Swim Date"": ""11/20/2021"", ""Swim Time"": ""30.97"", ""SwimEventKey"": ""1"", ""Team"": ""California Capital Aquatics"", ""Time Standard"": ""2020-2024 BB"", ""UsasSwimTimeKey"": ""23743948""}"
gmo,50 FR SCY,SCY,31.04,31.04,2021-06-27,2021 SN JOs or Bust Last Chance Qualifying Meet,12,355,California Capital Aquatics,SN,2020-2024 BB,,1731452,1,13715,1010003104.00,131383557,gmo-result,"{""Age"": ""12"", ""Event"": ""50 FR SCY"", ""LSC"": ""SN"", ""Meet"": ""2021 SN JOs or Bust Last Chance Qualifying Meet"", ""MeetKey"": ""13715"", ""PersonKey"": ""1731452"", ""Points"": ""355"", ""SortKey"": ""1010003104.00"", ""Swim Date"": ""06/27/2021"", ""Swim Time"": ""31.04"", ""SwimEventKey"": ""1"", ""Team"": ""California Capital Aquatics"", ""Time Standard"": ""2020-2024 BB"", ""UsasSwimTimeKey"": ""131383557""}"
gmo,50 FR SCY,SCY,31.10,31.10,2022-01-15,2022 PC TIGR C/B/BB+,12,351,California Capital Aquatics,SN,2020-2024 BB,,1731452,1,135536,1010003110.00,109413740,gmo-result,"{""Age"": ""12"", ""Event"": ""50 FR SCY"", ""LSC"": ""SN"", ""Meet"": ""2022 PC TIGR C/B/BB+"", ""MeetKey"": ""135536"", ""PersonKey"": ""1731452"", ""Points"": ""351"", ""SortKey"": ""1010003110.00"", ""Swim Date"": ""01/15/2022"", ""Swim Time"": ""31.10"", ""SwimEventKey"": ""1"", ""Team"": ""California Capital Aquatics"", ""Time Standard"": ""2020-2024 BB"", ""UsasSwimTimeKey"": ""109413740""}"
gmo,50 FR SCY,SCY,31.11,31.11,2021-07-24,2021 SN End of Summer (CCA @ NSS Age Gp),12,351,California Capital Aquatics,SN,2020-2024 BB,,1731452,1,150914,1010003111.00,95104154,gmo-result,"{""Age"": ""12"", ""Event"": ""50 FR SCY"", ""LSC"": ""SN"", ""Meet"": ""2021 SN End of Summer (CCA @ NSS Age Gp)"", ""MeetKey"": ""150914"", ""PersonKey"": ""1731452"", ""Points"": ""351"", ""SortKey"": ""1010003111.00"", ""Swim Date"": ""07/24/2021"", ""Swim Time"": ""31.11"", ""SwimEventKey"": ""1"", ""Team"": ""California Capital Aquatics"", ""Time Standard"": ""2020-2024 BB"", ""UsasSwimTimeKey"": ""95104154""}"
gmo,50 FR SCY,SCY,31.55,31.55,2021-04-17,2021 SN CCA Spring Splash and Dash,11,404,California Capital Aquatics,SN,2020-2024 B,,1731452,1,67769,1010003155.00,85116140,gmo-result,"{""Age"": ""11"", ""Event"": ""50 FR SCY"", ""LSC"": ""SN"", ""Meet"": ""2021 SN CCA Spring Splash and Dash"", ""MeetKey"": ""67769"", ""PersonKey"": ""1731452"", ""Points"": ""404"", ""SortKey"": ""1010003155.00"", ""Swim Date"": ""04/17/2021"", ""Swim Time"": ""31.55"", ""SwimEventKey"": ""1"", ""Team"": ""California Capital Aquatics"", ""Time Standard"": ""2020-2024 B"", ""UsasSwimTimeKey"": ""85116140""}"
gmo,50 FR SCY,SCY,32.53,32.53,2021-03-21,2021 SN MARCH NSS and CCA,11,341,California Capital Aquatics,SN,2020-2024 B,,1731452,1,91624,1010003253.00,99284156,gmo-result,"{""Age"": ""11"", ""Event"": ""50 FR SCY"", ""LSC"": ""SN"", ""Meet"": ""2021 SN MARCH NSS and CCA"", ""MeetKey"": ""91624"", ""PersonKey"": ""1731452"", ""Points"": ""341"", ""SortKey"": ""1010003253.00"", ""Swim Date"": ""03/21/2021"", ""Swim Time"": ""32.53"", ""SwimEventKey"": ""1"", ""Team"": ""California Capital Aquatics"", ""Time Standard"": ""2020-2024 B"", ""UsasSwimTimeKey"": ""99284156""}"
gmo,50 FR SCY,SCY,32.54,32.54,2021-06-12,2021 SN CCA June Time Trial,12,262,California Capital Aquatics,SN,2020-2024 B,,1731452,1,38499,1010003254.00,69132201,gmo-result,"{""Age"": ""12"", ""Event"": ""50 FR SCY"", ""LSC"": ""SN"", ""Meet"": ""2021 SN CCA June Time Trial"", ""MeetKey"": ""38499"", ""PersonKey"": ""1731452"", ""Points"": ""262"", ""SortKey"": ""1010003254.00"", ""Swim Date"": ""06/12/2021"", ""Swim Time"": ""32.54"", ""SwimEventKey"": ""1"", ""Team"": ""California Capital Aquatics"", ""Time Standard"": ""2020-2024 B"", ""UsasSwimTimeKey"": ""69132201""}"
gmo,50 FR SCY,SCY,32.65,32.65,2019-12-15,2019 PC SOLO C/B/A+,10,456,San Francisco Serpents,PC,2016-2020 BB,,1731452,1,6348,1010003265.00,6585762,gmo-result,"{""Age"": ""10"", ""Event"": ""50 FR SCY"", ""LSC"": ""PC"", ""Meet"": ""2019 PC SOLO C/B/A+"", ""MeetKey"": ""6348"", ""PersonKey"": ""1731452"", ""Points"": ""456"", ""SortKey"": ""1010003265.00"", ""Swim Date"": ""12/15/2019"", ""Swim Time"": ""32.65"", ""SwimEventKey"": ""1"", ""Team"": ""San Francisco Serpents"", ""Time Standard"": ""2016-2020 BB"", ""UsasSwimTimeKey"": ""6585762""}"
gmo,50 FR SCY,SCY,32.76,32.76,2021-02-06,2021 SN CCA Feb Time Trial,11,327,California Capital Aquatics,SN,2020-2024 B,,1731452,1,138609,1010003276.00,72298139,gmo-result,"{""Age"": ""11"", ""Event"": ""50 FR SCY"", ""LSC"": ""SN"", ""Meet"": ""2021 SN CCA Feb Time Trial"", ""MeetKey"": ""138609"", ""PersonKey"": ""1731452"", ""Points"": ""327"", ""SortKey"": ""1010003276.00"", ""Swim Date"": ""02/06/2021"", ""Swim Time"": ""32.76"", ""SwimEventKey"": ""1"", ""Team"": ""California Capital Aquatics"", ""Time Standard"": ""2020-2024 B"", ""UsasSwimTimeKey"": ""72298139""}"
gmo,50 FR SCY,SCY,33.49,33.49,2019-10-05,2019 PC ONDA C/B/BB+,10,407,San Francisco Serpents,PC,2016-2020 BB,,1731452,1,149681,1010003349.00,23611491,gmo-result,"{""Age"": ""10"", ""Event"": ""50 FR SCY"", ""LSC"": ""PC"", ""Meet"": ""2019 PC ONDA C/B/BB+"", ""MeetKey"": ""149681"", ""PersonKey"": ""1731452"", ""Points"": ""407"", ""SortKey"": ""1010003349.00"", ""Swim Date"": ""10/05/2019"", ""Swim Time"": ""33.49"", ""SwimEventKey"": ""1"", ""Team"": ""San Francisco Serpents"", ""Time Standard"": ""2016-2020 BB"", ""UsasSwimTimeKey"": ""23611491""}"
gmo,50 FR SCY,SCY,33.71,33.71,2021-02-20,2021 SN CCA Feb 2021 NSS and CCA,11,271,California Capital Aquatics,SN,Slower than B,,1731452,1,98333,1010003371.00,59912086,gmo-result,"{""Age"": ""11"", ""Event"": ""50 FR SCY"", ""LSC"": ""SN"", ""Meet"": ""2021 SN CCA Feb 2021 NSS and CCA"", ""MeetKey"": ""98333"", ""PersonKey"": ""1731452"", ""Points"": ""271"", ""SortKey"": ""1010003371.00"", ""Swim Date"": ""02/20/2021"", ""Swim Time"": ""33.71"", ""SwimEventKey"": ""1"", ""Team"": ""California Capital Aquatics"", ""Time Standard"": ""Slower than B"", ""UsasSwimTimeKey"": ""59912086""}"
gmo,50 FR SCY,SCY,33.79,33.79,2020-01-19,2020 PC Zone 3 Peggy Ramirez Memorial,10,390,San Francisco Serpents,PC,2016-2020 BB,,1731452,1,37659,1010003379.00,18893575,gmo-result,"{""Age"": ""10"", ""Event"": ""50 FR SCY"", ""LSC"": ""PC"", ""Meet"": ""2020 PC Zone 3 Peggy Ramirez Memorial"", ""MeetKey"": ""37659"", ""PersonKey"": ""1731452"", ""Points"": ""390"", ""SortKey"": ""1010003379.00"", ""Swim Date"": ""01/19/2020"", ""Swim Time"": ""33.79"", ""SwimEventKey"": ""1"", ""Team"": ""San Francisco Serpents"", ""Time Standard"": ""2016-2020 BB"", ""UsasSwimTimeKey"": ""18893575""}"
gmo,50 FR SCY,SCY,33.87,33.87,2019-09-14,2019 PC SSF C/B/A+,10,385,San Francisco Serpents,PC,2016-2020 BB,,1731452,1,153795,1010003387.00,106818126,gmo-result,"{""Age"": ""10"", ""Event"": ""50 FR SCY"", ""LSC"": ""PC"", ""Meet"": ""2019 PC SSF C/B/A+"", ""MeetKey"": ""153795"", ""PersonKey"": ""1731452"", ""Points"": ""385"", ""SortKey"": ""1010003387.00"", ""Swim Date"": ""09/14/2019"", ""Swim Time"": ""33.87"", ""SwimEventKey"": ""1"", ""Team"": ""San Francisco Serpents"", ""Time Standard"": ""2016-2020 BB"", ""UsasSwimTimeKey"": ""106818126""}"
gmo,50 FR SCY,SCY,34.16,34.16,2019-07-13,2019 PC TAHO Swimming At Altitude,10,369,San Francisco Serpents,PC,2016-2020 BB,,1731452,1,82537,1010003416.00,15653055,gmo-result,"{""Age"": ""10"", ""Event"": ""50 FR SCY"", ""LSC"": ""PC"", ""Meet"": ""2019 PC TAHO Swimming At Altitude"", ""MeetKey"": ""82537"", ""PersonKey"": ""1731452"", ""Points"": ""369"", ""SortKey"": ""1010003416.00"", ""Swim Date"": ""07/13/2019"", ""Swim Time"": ""34.16"", ""SwimEventKey"": ""1"", ""Team"": ""San Francisco Serpents"", ""Time Standard"": ""2016-2020 BB"", ""UsasSwimTimeKey"": ""15653055""}"
gmo,50 FR SCY,SCY,34.21,34.21,2019-06-02,2019 PC MONT SCY PENTATHLON,10,366,San Francisco Serpents,PC,2016-2020 BB,,1731452,1,114788,1010003421.00,27417759,gmo-result,"{""Age"": ""10"", ""Event"": ""50 FR SCY"", ""LSC"": ""PC"", ""Meet"": ""2019 PC MONT SCY PENTATHLON"", ""MeetKey"": ""114788"", ""PersonKey"": ""1731452"", ""Points"": ""366"", ""SortKey"": ""1010003421.00"", ""Swim Date"": ""06/02/2019"", ""Swim Time"": ""34.21"", ""SwimEventKey"": ""1"", ""Team"": ""San Francisco Serpents"", ""Time Standard"": ""2016-2020 BB"", ""UsasSwimTimeKey"": ""27417759""}"
gmo,50 FR SCY,SCY,37.22,37.22,2019-02-23,2019 PC VJO C/B/A+,9,336,San Francisco Serpents,PC,2016-2020 B,,1731452,1,71899,1010003722.00,51302497,gmo-result,"{""Age"": ""9"", ""Event"": ""50 FR SCY"", ""LSC"": ""PC"", ""Meet"": ""2019 PC VJO C/B/A+"", ""MeetKey"": ""71899"", ""PersonKey"": ""1731452"", ""Points"": ""336"", ""SortKey"": ""1010003722.00"", ""Swim Date"": ""02/23/2019"", ""Swim Time"": ""37.22"", ""SwimEventKey"": ""1"", ""Team"": ""San Francisco Serpents"", ""Time Standard"": ""2016-2020 B"", ""UsasSwimTimeKey"": ""51302497""}"
gmo,50 FR SCY,SCY,37.48,37.48,2019-03-31,2019 PC MAV C/B/A+,9,323,San Francisco Serpents,PC,2016-2020 B,,1731452,1,148432,1010003748.00,121922161,gmo-result,"{""Age"": ""9"", ""Event"": ""50 FR SCY"", ""LSC"": ""PC"", ""Meet"": ""2019 PC MAV C/B/A+"", ""MeetKey"": ""148432"", ""PersonKey"": ""1731452"", ""Points"": ""323"", ""SortKey"": ""1010003748.00"", ""Swim Date"": ""03/31/2019"", ""Swim Time"": ""37.48"", ""SwimEventKey"": ""1"", ""Team"": ""San Francisco Serpents"", ""Time Standard"": ""2016-2020 B"", ""UsasSwimTimeKey"": ""121922161""}"
gmo,50 FR SCY,SCY,37.56,37.56,2019-04-07,"2019 SN Hot Dog Meet, Ap",9,319,San Francisco Serpents,PC,2016-2020 B,,1731452,1,71008,1010003756.00,753570,gmo-result,"{""Age"": ""9"", ""Event"": ""50 FR SCY"", ""LSC"": ""PC"", ""Meet"": ""2019 SN Hot Dog Meet, Ap"", ""MeetKey"": ""71008"", ""PersonKey"": ""1731452"", ""Points"": ""319"", ""SortKey"": ""1010003756.00"", ""Swim Date"": ""04/07/2019"", ""Swim Time"": ""37.56"", ""SwimEventKey"": ""1"", ""Team"": ""San Francisco Serpents"", ""Time Standard"": ""2016-2020 B"", ""UsasSwimTimeKey"": ""753570""}"
gmo,50 FR SCY,SCY,38.37,38.37,2018-09-16,2018 PC SSF C/B/A+,9,280,San Francisco Serpents,PC,2016-2020 B,,1731452,1,15232,1010003837.00,69323752,gmo-result,"{""Age"": ""9"", ""Event"": ""50 FR SCY"", ""LSC"": ""PC"", ""Meet"": ""2018 PC SSF C/B/A+"", ""MeetKey"": ""15232"", ""PersonKey"": ""1731452"", ""Points"": ""280"", ""SortKey"": ""1010003837.00"", ""Swim Date"": ""09/16/2018"", ""Swim Time"": ""38.37"", ""SwimEventKey"": ""1"", ""Team"": ""San Francisco Serpents"", ""Time Standard"": ""2016-2020 B"", ""UsasSwimTimeKey"": ""69323752""}"
gmo,100 FR SCY,SCY,58.26,58.26,2025-05-07,2025 SN CIF SAC-JOAQUIN SECTION,15,491,Unattached,SN,A,,1731452,2,270627,1020005826.00,177232718,gmo-result,"{""Age"": ""15"", ""Event"": ""100 FR SCY"", ""LSC"": ""SN"", ""Meet"": ""2025 SN CIF SAC-JOAQUIN SECTION"", ""MeetKey"": ""270627"", ""PersonKey"": ""1731452"", ""Points"": ""491"", ""SortKey"": ""1020005826.00"", ""Swim Date"": ""05/07/2025"", ""Swim Time"": ""58.26r"", ""SwimEventKey"": ""2"", ""Team"": ""Unattached"", ""Time Standard"": ""A"", ""UsasSwimTimeKey"": ""177232718""}"
gmo,100 FR SCY,SCY,59.19,59.19,2024-12-08,2024 GU Southern Senior Championship - TWST,15,452,California Capital Aquatics,SN,BB,,1731452,2,264566,1020005919.00,172126557,gmo-result,"{""Age"": ""15"", ""Event"": ""100 FR SCY"", ""LSC"": ""SN"", ""Meet"": ""2024 GU Southern Senior Championship - TWST"", ""MeetKey"": ""264566"", ""PersonKey"": ""1731452"", ""Points"": ""452"", ""SortKey"": ""1020005919.00"", ""Swim Date"": ""12/08/2024"", ""Swim Time"": ""59.19"", ""SwimEventKey"": ""2"", ""Team"": ""California Capital Aquatics"", ""Time Standard"": ""BB"", ""UsasSwimTimeKey"": ""172126557""}"
gmo,100 FR SCY,SCY,59.45,59.45,2025-05-10,2025 SN Post High School Shave Meet,15,442,California Capital Aquatics,SN,BB,,1731452,2,269662,1020005945.00,177381048,gmo-result,"{""Age"": ""15"", ""Event"": ""100 FR SCY"", ""LSC"": ""SN"", ""Meet"": ""2025 SN Post High School Shave Meet"", ""MeetKey"": ""269662"", ""PersonKey"": ""1731452"", ""Points"": ""442"", ""SortKey"": ""1020005945.00"", ""Swim Date"": ""05/10/2025"", ""Swim Time"": ""59.45"", ""SwimEventKey"": ""2"", ""Team"": ""California Capital Aquatics"", ""Time Standard"": ""BB"", ""UsasSwimTimeKey"": ""177381048""}"
gmo,100 FR SCY,SCY,59.98,59.98,2025-04-04,2025 SN Nor Cal Swim Championships,15,421,Unattached,SN,BB,,1731452,2,269928,1020005998.00,176973636,gmo-result,"{""Age"": ""15"", ""Event"": ""100 FR SCY"", ""LSC"": ""SN"", ""Meet"": ""2025 SN Nor Cal Swim Championships"", ""MeetKey"": ""269928"", ""PersonKey"": ""1731452"", ""Points"": ""421"", ""SortKey"": ""1020005998.00"", ""Swim Date"": ""04/04/2025"", ""Swim Time"": ""59.98"", ""SwimEventKey"": ""2"", ""Team"": ""Unattached"", ""Time Standard"": ""BB"", ""UsasSwimTimeKey"": ""176973636""}"
gmo,100 FR SCY,SCY,1:00.14,60.14,2024-07-20,2024 SN Prospectors Plunge,15,414,California Capital Aquatics,SN,2020-2024 BB,,1731452,2,259719,1020006014.00,168602364,gmo-result,"{""Age"": ""15"", ""Event"": ""100 FR SCY"", ""LSC"": ""SN"", ""Meet"": ""2024 SN Prospectors Plunge"", ""MeetKey"": ""259719"", ""PersonKey"": ""1731452"", ""Points"": ""414"", ""SortKey"": ""1020006014.00"", ""Swim Date"": ""07/20/2024"", ""Swim Time"": ""1:00.14"", ""SwimEventKey"": ""2"", ""Team"": ""California Capital Aquatics"", ""Time Standard"": ""2020-2024 BB"", ""UsasSwimTimeKey"": ""168602364""}"
gmo,100 FR SCY,SCY,1:00.86,60.86,2025-02-02,2025 SN Senior Short Course Championships,15,386,California Capital Aquatics,SN,BB,,1731452,2,267141,1020006086.00,174012824,gmo-result,"{""Age"": ""15"", ""Event"": ""100 FR SCY"", ""LSC"": ""SN"", ""Meet"": ""2025 SN Senior Short Course Championships"", ""MeetKey"": ""267141"", ""PersonKey"": ""1731452"", ""Points"": ""386"", ""SortKey"": ""1020006086.00"", ""Swim Date"": ""02/02/2025"", ""Swim Time"": ""1:00.86"", ""SwimEventKey"": ""2"", ""Team"": ""California Capital Aquatics"", ""Time Standard"": ""BB"", ""UsasSwimTimeKey"": ""174012824""}"
gmo,100 FR SCY,SCY,1:01.38,61.38,2024-10-26,2024 SN Golden Buoy Tri-Meet,15,367,California Capital Aquatics,SN,BB,,1731452,2,263513,1020006138.00,170469195,gmo-result,"{""Age"": ""15"", ""Event"": ""100 FR SCY"", ""LSC"": ""SN"", ""Meet"": ""2024 SN Golden Buoy Tri-Meet"", ""MeetKey"": ""263513"", ""PersonKey"": ""1731452"", ""Points"": ""367"", ""SortKey"": ""1020006138.00"", ""Swim Date"": ""10/26/2024"", ""Swim Time"": ""1:01.38"", ""SwimEventKey"": ""2"", ""Team"": ""California Capital Aquatics"", ""Time Standard"": ""BB"", ""UsasSwimTimeKey"": ""170469195""}"
gmo,100 FR SCY,SCY,1:01.39,61.39,2022-11-06,PC TERA Short Course Senior 2 T/F,13,438,California Capital Aquatics,SN,2020-2024 BB,,1731452,2,158739,1020006139.00,108412381,gmo-result,"{""Age"": ""13"", ""Event"": ""100 FR SCY"", ""LSC"": ""SN"", ""Meet"": ""PC TERA Short Course Senior 2 T/F"", ""MeetKey"": ""158739"", ""PersonKey"": ""1731452"", ""Points"": ""438"", ""SortKey"": ""1020006139.00"", ""Swim Date"": ""11/06/2022"", ""Swim Time"": ""1:01.39"", ""SwimEventKey"": ""2"", ""Team"": ""California Capital Aquatics"", ""Time Standard"": ""2020-2024 BB"", ""UsasSwimTimeKey"": ""108412381""}"
gmo,100 FR SCY,SCY,1:01.41,61.41,2023-12-03,2023 GU Southern Senior Championship Invitational,14,402,California Capital Aquatics,SN,2020-2024 BB,,1731452,2,253317,1020006141.00,161253454,gmo-result,"{""Age"": ""14"", ""Event"": ""100 FR SCY"", ""LSC"": ""SN"", ""Meet"": ""2023 GU Southern Senior Championship Invitational"", ""MeetKey"": ""253317"", ""PersonKey"": ""1731452"", ""Points"": ""402"", ""SortKey"": ""1020006141.00"", ""Swim Date"": ""12/03/2023"", ""Swim Time"": ""1:01.41"", ""SwimEventKey"": ""2"", ""Team"": ""California Capital Aquatics"", ""Time Standard"": ""2020-2024 BB"", ""UsasSwimTimeKey"": ""161253454""}"
gmo,100 FR SCY,SCY,1:01.74,61.74,2026-01-18,2026 PN VAST 49th Annual Washington Open,16,348,California Capital Aquatics,SN,BB,,1731452,2,277865,1020006174.00,184307342,gmo-result,"{""Age"": ""16"", ""Event"": ""100 FR SCY"", ""LSC"": ""SN"", ""Meet"": ""2026 PN VAST 49th Annual Washington Open"", ""MeetKey"": ""277865"", ""PersonKey"": ""1731452"", ""Points"": ""348"", ""SortKey"": ""1020006174.00"", ""Swim Date"": ""01/18/2026"", ""Swim Time"": ""1:01.74"", ""SwimEventKey"": ""2"", ""Team"": ""California Capital Aquatics"", ""Time Standard"": ""BB"", ""UsasSwimTimeKey"": ""184307342""}"
gmo,100 FR SCY,SCY,1:01.82,61.82,2022-10-08,SN CCA SPOOK-TACULAR,13,421,California Capital Aquatics,SN,2020-2024 BB,,1731452,2,159698,1020006182.00,134572781,gmo-result,"{""Age"": ""13"", ""Event"": ""100 FR SCY"", ""LSC"": ""SN"", ""Meet"": ""SN CCA SPOOK-TACULAR"", ""MeetKey"": ""159698"", ""PersonKey"": ""1731452"", ""Points"": ""421"", ""SortKey"": ""1020006182.00"", ""Swim Date"": ""10/08/2022"", ""Swim Time"": ""1:01.82"", ""SwimEventKey"": ""2"", ""Team"": ""California Capital Aquatics"", ""Time Standard"": ""2020-2024 BB"", ""UsasSwimTimeKey"": ""134572781""}"
gmo,100 FR SCY,SCY,1:01.90,61.90,2023-02-05,2023 SN Senior Swimming Winter Championships,13,418,California Capital Aquatics,SN,2020-2024 BB,,1731452,2,164465,1020006190.00,8934075,gmo-result,"{""Age"": ""13"", ""Event"": ""100 FR SCY"", ""LSC"": ""SN"", ""Meet"": ""2023 SN Senior Swimming Winter Championships"", ""MeetKey"": ""164465"", ""PersonKey"": ""1731452"", ""Points"": ""418"", ""SortKey"": ""1020006190.00"", ""Swim Date"": ""02/05/2023"", ""Swim Time"": ""1:01.90"", ""SwimEventKey"": ""2"", ""Team"": ""California Capital Aquatics"", ""Time Standard"": ""2020-2024 BB"", ""UsasSwimTimeKey"": ""8934075""}"
gmo,100 FR SCY,SCY,1:01.95,61.95,2022-11-20,SN Cranberry Classic,13,416,California Capital Aquatics,SN,2020-2024 BB,,1731452,2,160491,1020006195.00,110121390,gmo-result,"{""Age"": ""13"", ""Event"": ""100 FR SCY"", ""LSC"": ""SN"", ""Meet"": ""SN Cranberry Classic"", ""MeetKey"": ""160491"", ""PersonKey"": ""1731452"", ""Points"": ""416"", ""SortKey"": ""1020006195.00"", ""Swim Date"": ""11/20/2022"", ""Swim Time"": ""1:01.95"", ""SwimEventKey"": ""2"", ""Team"": ""California Capital Aquatics"", ""Time Standard"": ""2020-2024 BB"", ""UsasSwimTimeKey"": ""110121390""}"
gmo,100 FR SCY,SCY,1:02.22,62.22,2024-11-11,2024 SN Folsom Classic,15,336,California Capital Aquatics,SN,BB,,1731452,2,262124,1020006222.00,171096027,gmo-result,"{""Age"": ""15"", ""Event"": ""100 FR SCY"", ""LSC"": ""SN"", ""Meet"": ""2024 SN Folsom Classic"", ""MeetKey"": ""262124"", ""PersonKey"": ""1731452"", ""Points"": ""336"", ""SortKey"": ""1020006222.00"", ""Swim Date"": ""11/11/2024"", ""Swim Time"": ""1:02.22"", ""SwimEventKey"": ""2"", ""Team"": ""California Capital Aquatics"", ""Time Standard"": ""BB"", ""UsasSwimTimeKey"": ""171096027""}"
gmo,100 FR SCY,SCY,1:02.29,62.29,2023-11-12,2023 SN Folsom Senior Classic,14,370,California Capital Aquatics,SN,2020-2024 BB,,1731452,2,253160,1020006229.00,160110654,gmo-result,"{""Age"": ""14"", ""Event"": ""100 FR SCY"", ""LSC"": ""SN"", ""Meet"": ""2023 SN Folsom Senior Classic"", ""MeetKey"": ""253160"", ""PersonKey"": ""1731452"", ""Points"": ""370"", ""SortKey"": ""1020006229.00"", ""Swim Date"": ""11/12/2023"", ""Swim Time"": ""1:02.29"", ""SwimEventKey"": ""2"", ""Team"": ""California Capital Aquatics"", ""Time Standard"": ""2020-2024 BB"", ""UsasSwimTimeKey"": ""160110654""}"
gmo,100 FR SCY,SCY,1:02.82,62.82,2025-04-04,2025 SN Nor Cal Swim Championships,15,314,Unattached,SN,BB,,1731452,2,269928,1020006282.00,176973624,gmo-result,"{""Age"": ""15"", ""Event"": ""100 FR SCY"", ""LSC"": ""SN"", ""Meet"": ""2025 SN Nor Cal Swim Championships"", ""MeetKey"": ""269928"", ""PersonKey"": ""1731452"", ""Points"": ""314"", ""SortKey"": ""1020006282.00"", ""Swim Date"": ""04/04/2025"", ""Swim Time"": ""1:02.82"", ""SwimEventKey"": ""2"", ""Team"": ""Unattached"", ""Time Standard"": ""BB"", ""UsasSwimTimeKey"": ""176973624""}"
gmo,100 FR SCY,SCY,1:02.86,62.86,2024-11-23,2024 SN NSS at CCA Dual Meet,15,313,California Capital Aquatics,SN,BB,,1731452,2,265170,1020006286.00,171646600,gmo-result,"{""Age"": ""15"", ""Event"": ""100 FR SCY"", ""LSC"": ""SN"", ""Meet"": ""2024 SN NSS at CCA Dual Meet"", ""MeetKey"": ""265170"", ""PersonKey"": ""1731452"", ""Points"": ""313"", ""SortKey"": ""1020006286.00"", ""Swim Date"": ""11/23/2024"", ""Swim Time"": ""1:02.86"", ""SwimEventKey"": ""2"", ""Team"": ""California Capital Aquatics"", ""Time Standard"": ""BB"", ""UsasSwimTimeKey"": ""171646600""}"
gmo,100 FR SCY,SCY,1:02.95,62.95,2023-10-28,2023 SN The Golden Buoy,14,345,California Capital Aquatics,SN,2020-2024 BB,,1731452,2,252584,1020006295.00,159789028,gmo-result,"{""Age"": ""14"", ""Event"": ""100 FR SCY"", ""LSC"": ""SN"", ""Meet"": ""2023 SN The Golden Buoy"", ""MeetKey"": ""252584"", ""PersonKey"": ""1731452"", ""Points"": ""345"", ""SortKey"": ""1020006295.00"", ""Swim Date"": ""10/28/2023"", ""Swim Time"": ""1:02.95"", ""SwimEventKey"": ""2"", ""Team"": ""California Capital Aquatics"", ""Time Standard"": ""2020-2024 BB"", ""UsasSwimTimeKey"": ""159789028""}"
gmo,100 FR SCY,SCY,1:03.55,63.55,2023-10-07,2023 SN CCA SPOOK-TACULAR AGO Swim Meet,14,324,California Capital Aquatics,SN,2020-2024 BB,,1731452,2,251804,1020006355.00,158909061,gmo-result,"{""Age"": ""14"", ""Event"": ""100 FR SCY"", ""LSC"": ""SN"", ""Meet"": ""2023 SN CCA SPOOK-TACULAR AGO Swim Meet"", ""MeetKey"": ""251804"", ""PersonKey"": ""1731452"", ""Points"": ""324"", ""SortKey"": ""1020006355.00"", ""Swim Date"": ""10/07/2023"", ""Swim Time"": ""1:03.55"", ""SwimEventKey"": ""2"", ""Team"": ""California Capital Aquatics"", ""Time Standard"": ""2020-2024 BB"", ""UsasSwimTimeKey"": ""158909061""}"
gmo,100 FR SCY,SCY,1:03.67,63.67,2024-05-04,2024 SN DART POST HS Meet,14,320,California Capital Aquatics,SN,2020-2024 BB,,1731452,2,258128,1020006367.00,166280676,gmo-result,"{""Age"": ""14"", ""Event"": ""100 FR SCY"", ""LSC"": ""SN"", ""Meet"": ""2024 SN DART POST HS Meet"", ""MeetKey"": ""258128"", ""PersonKey"": ""1731452"", ""Points"": ""320"", ""SortKey"": ""1020006367.00"", ""Swim Date"": ""05/04/2024"", ""Swim Time"": ""1:03.67"", ""SwimEventKey"": ""2"", ""Team"": ""California Capital Aquatics"", ""Time Standard"": ""2020-2024 BB"", ""UsasSwimTimeKey"": ""166280676""}"
gmo,100 FR SCY,SCY,1:03.75,63.75,2022-10-23,SN Sac Regional Open,13,350,California Capital Aquatics,SN,2020-2024 BB,,1731452,2,160496,1020006375.00,6112357,gmo-result,"{""Age"": ""13"", ""Event"": ""100 FR SCY"", ""LSC"": ""SN"", ""Meet"": ""SN Sac Regional Open"", ""MeetKey"": ""160496"", ""PersonKey"": ""1731452"", ""Points"": ""350"", ""SortKey"": ""1020006375.00"", ""Swim Date"": ""10/23/2022"", ""Swim Time"": ""1:03.75"", ""SwimEventKey"": ""2"", ""Team"": ""California Capital Aquatics"", ""Time Standard"": ""2020-2024 BB"", ""UsasSwimTimeKey"": ""6112357""}"
gmo,100 FR SCY,SCY,1:04.11,64.11,2023-11-18,2023 SN NSS at CCA dual meet,14,305,California Capital Aquatics,SN,2020-2024 BB,,1731452,2,253360,1020006411.00,160652181,gmo-result,"{""Age"": ""14"", ""Event"": ""100 FR SCY"", ""LSC"": ""SN"", ""Meet"": ""2023 SN NSS at CCA dual meet"", ""MeetKey"": ""253360"", ""PersonKey"": ""1731452"", ""Points"": ""305"", ""SortKey"": ""1020006411.00"", ""Swim Date"": ""11/18/2023"", ""Swim Time"": ""1:04.11"", ""SwimEventKey"": ""2"", ""Team"": ""California Capital Aquatics"", ""Time Standard"": ""2020-2024 BB"", ""UsasSwimTimeKey"": ""160652181""}"
gmo,100 FR SCY,SCY,1:04.46,64.46,2025-10-25,2025 SN Golden Buoy Dual Meet,16,254,California Capital Aquatics,SN,B,,1731452,2,276720,1020006446.00,181108324,gmo-result,"{""Age"": ""16"", ""Event"": ""100 FR SCY"", ""LSC"": ""SN"", ""Meet"": ""2025 SN Golden Buoy Dual Meet"", ""MeetKey"": ""276720"", ""PersonKey"": ""1731452"", ""Points"": ""254"", ""SortKey"": ""1020006446.00"", ""Swim Date"": ""10/25/2025"", ""Swim Time"": ""1:04.46"", ""SwimEventKey"": ""2"", ""Team"": ""California Capital Aquatics"", ""Time Standard"": ""B"", ""UsasSwimTimeKey"": ""181108324""}"
gmo,100 FR SCY,SCY,1:04.70,64.70,2022-10-23,SN Sac Regional Open,13,317,California Capital Aquatics,SN,2020-2024 BB,,1731452,2,160496,1020006470.00,28775317,gmo-result,"{""Age"": ""13"", ""Event"": ""100 FR SCY"", ""LSC"": ""SN"", ""Meet"": ""SN Sac Regional Open"", ""MeetKey"": ""160496"", ""PersonKey"": ""1731452"", ""Points"": ""317"", ""SortKey"": ""1020006470.00"", ""Swim Date"": ""10/23/2022"", ""Swim Time"": ""1:04.70"", ""SwimEventKey"": ""2"", ""Team"": ""California Capital Aquatics"", ""Time Standard"": ""2020-2024 BB"", ""UsasSwimTimeKey"": ""28775317""}"
gmo,100 FR SCY,SCY,1:04.82,64.82,2025-11-22,2025 SN TURKEY TRI Meet,16,242,California Capital Aquatics,SN,B,,1731452,2,277560,1020006482.00,182654543,gmo-result,"{""Age"": ""16"", ""Event"": ""100 FR SCY"", ""LSC"": ""SN"", ""Meet"": ""2025 SN TURKEY TRI Meet"", ""MeetKey"": ""277560"", ""PersonKey"": ""1731452"", ""Points"": ""242"", ""SortKey"": ""1020006482.00"", ""Swim Date"": ""11/22/2025"", ""Swim Time"": ""1:04.82"", ""SwimEventKey"": ""2"", ""Team"": ""California Capital Aquatics"", ""Time Standard"": ""B"", ""UsasSwimTimeKey"": ""182654543""}"
gmo,100 FR SCY,SCY,1:06.12,66.12,2021-10-09,2021 SN CCA Spook-Tacular,12,359,California Capital Aquatics,SN,2020-2024 BB,,1731452,2,85114,1020006612.00,16194489,gmo-result,"{""Age"": ""12"", ""Event"": ""100 FR SCY"", ""LSC"": ""SN"", ""Meet"": ""2021 SN CCA Spook-Tacular"", ""MeetKey"": ""85114"", ""PersonKey"": ""1731452"", ""Points"": ""359"", ""SortKey"": ""1020006612.00"", ""Swim Date"": ""10/09/2021"", ""Swim Time"": ""1:06.12"", ""SwimEventKey"": ""2"", ""Team"": ""California Capital Aquatics"", ""Time Standard"": ""2020-2024 BB"", ""UsasSwimTimeKey"": ""16194489""}"
gmo,100 FR SCY,SCY,1:06.18,66.18,2021-06-26,2021 SN JOs or Bust Last Chance Qualifying Meet,12,357,California Capital Aquatics,SN,2020-2024 BB,,1731452,2,13715,1020006618.00,5607349,gmo-result,"{""Age"": ""12"", ""Event"": ""100 FR SCY"", ""LSC"": ""SN"", ""Meet"": ""2021 SN JOs or Bust Last Chance Qualifying Meet"", ""MeetKey"": ""13715"", ""PersonKey"": ""1731452"", ""Points"": ""357"", ""SortKey"": ""1020006618.00"", ""Swim Date"": ""06/26/2021"", ""Swim Time"": ""1:06.18"", ""SwimEventKey"": ""2"", ""Team"": ""California Capital Aquatics"", ""Time Standard"": ""2020-2024 BB"", ""UsasSwimTimeKey"": ""5607349""}"
gmo,100 FR SCY,SCY,1:06.40,66.40,2021-11-21,2021 SN Gobbler Classic,12,350,California Capital Aquatics,SN,2020-2024 BB,,1731452,2,38500,1020006640.00,138468106,gmo-result,"{""Age"": ""12"", ""Event"": ""100 FR SCY"", ""LSC"": ""SN"", ""Meet"": ""2021 SN Gobbler Classic"", ""MeetKey"": ""38500"", ""PersonKey"": ""1731452"", ""Points"": ""350"", ""SortKey"": ""1020006640.00"", ""Swim Date"": ""11/21/2021"", ""Swim Time"": ""1:06.40"", ""SwimEventKey"": ""2"", ""Team"": ""California Capital Aquatics"", ""Time Standard"": ""2020-2024 BB"", ""UsasSwimTimeKey"": ""138468106""}"
gmo,100 FR SCY,SCY,1:06.68,66.68,2021-07-16,2021 SN Bill Rose Cl Finals,12,341,California Capital Aquatics,SN,2020-2024 BB,,1731452,2,52907,1020006668.00,93702551,gmo-result,"{""Age"": ""12"", ""Event"": ""100 FR SCY"", ""LSC"": ""SN"", ""Meet"": ""2021 SN Bill Rose Cl Finals"", ""MeetKey"": ""52907"", ""PersonKey"": ""1731452"", ""Points"": ""341"", ""SortKey"": ""1020006668.00"", ""Swim Date"": ""07/16/2021"", ""Swim Time"": ""1:06.68r"", ""SwimEventKey"": ""2"", ""Team"": ""California Capital Aquatics"", ""Time Standard"": ""2020-2024 BB"", ""UsasSwimTimeKey"": ""93702551""}"
gmo,100 FR SCY,SCY,1:07.29,67.29,2021-12-19,2021 SN Dart Winter Invite SCY,12,322,California Capital Aquatics,SN,2020-2024 BB,,1731452,2,144592,1020006729.00,151829464,gmo-result,"{""Age"": ""12"", ""Event"": ""100 FR SCY"", ""LSC"": ""SN"", ""Meet"": ""2021 SN Dart Winter Invite SCY"", ""MeetKey"": ""144592"", ""PersonKey"": ""1731452"", ""Points"": ""322"", ""SortKey"": ""1020006729.00"", ""Swim Date"": ""12/19/2021"", ""Swim Time"": ""1:07.29"", ""SwimEventKey"": ""2"", ""Team"": ""California Capital Aquatics"", ""Time Standard"": ""2020-2024 BB"", ""UsasSwimTimeKey"": ""151829464""}"
gmo,100 FR SCY,SCY,1:07.46,67.46,2021-12-19,2021 SN Dart Winter Invite SCY,12,317,California Capital Aquatics,SN,2020-2024 BB,,1731452,2,144592,1020006746.00,135219712,gmo-result,"{""Age"": ""12"", ""Event"": ""100 FR SCY"", ""LSC"": ""SN"", ""Meet"": ""2021 SN Dart Winter Invite SCY"", ""MeetKey"": ""144592"", ""PersonKey"": ""1731452"", ""Points"": ""317"", ""SortKey"": ""1020006746.00"", ""Swim Date"": ""12/19/2021"", ""Swim Time"": ""1:07.46"", ""SwimEventKey"": ""2"", ""Team"": ""California Capital Aquatics"", ""Time Standard"": ""2020-2024 BB"", ""UsasSwimTimeKey"": ""135219712""}"
gmo,100 FR SCY,SCY,1:08.05,68.05,2021-04-18,2021 SN CCA Spring Splash and Dash,11,382,California Capital Aquatics,SN,2020-2024 BB,,1731452,2,67769,1020006805.00,16133155,gmo-result,"{""Age"": ""11"", ""Event"": ""100 FR SCY"", ""LSC"": ""SN"", ""Meet"": ""2021 SN CCA Spring Splash and Dash"", ""MeetKey"": ""67769"", ""PersonKey"": ""1731452"", ""Points"": ""382"", ""SortKey"": ""1020006805.00"", ""Swim Date"": ""04/18/2021"", ""Swim Time"": ""1:08.05"", ""SwimEventKey"": ""2"", ""Team"": ""California Capital Aquatics"", ""Time Standard"": ""2020-2024 BB"", ""UsasSwimTimeKey"": ""16133155""}"
gmo,100 FR SCY,SCY,1:09.53,69.53,2021-02-21,2021 SN CCA Feb 2021 NSS and CCA,11,336,California Capital Aquatics,SN,2020-2024 B,,1731452,2,98333,1020006953.00,99362544,gmo-result,"{""Age"": ""11"", ""Event"": ""100 FR SCY"", ""LSC"": ""SN"", ""Meet"": ""2021 SN CCA Feb 2021 NSS and CCA"", ""MeetKey"": ""98333"", ""PersonKey"": ""1731452"", ""Points"": ""336"", ""SortKey"": ""1020006953.00"", ""Swim Date"": ""02/21/2021"", ""Swim Time"": ""1:09.53"", ""SwimEventKey"": ""2"", ""Team"": ""California Capital Aquatics"", ""Time Standard"": ""2020-2024 B"", ""UsasSwimTimeKey"": ""99362544""}"
gmo,100 FR SCY,SCY,1:09.97,69.97,2019-12-14,2019 PC SOLO C/B/A+,10,469,San Francisco Serpents,PC,2016-2020 A,,1731452,2,6348,1020006997.00,15347178,gmo-result,"{""Age"": ""10"", ""Event"": ""100 FR SCY"", ""LSC"": ""PC"", ""Meet"": ""2019 PC SOLO C/B/A+"", ""MeetKey"": ""6348"", ""PersonKey"": ""1731452"", ""Points"": ""469"", ""SortKey"": ""1020006997.00"", ""Swim Date"": ""12/14/2019"", ""Swim Time"": ""1:09.97"", ""SwimEventKey"": ""2"", ""Team"": ""San Francisco Serpents"", ""Time Standard"": ""2016-2020 A"", ""UsasSwimTimeKey"": ""15347178""}"
gmo,100 FR SCY,SCY,1:10.36,70.36,2020-01-18,2020 PC Zone 3 Peggy Ramirez Memorial,10,457,San Francisco Serpents,PC,2016-2020 A,,1731452,2,37659,1020007036.00,145217521,gmo-result,"{""Age"": ""10"", ""Event"": ""100 FR SCY"", ""LSC"": ""PC"", ""Meet"": ""2020 PC Zone 3 Peggy Ramirez Memorial"", ""MeetKey"": ""37659"", ""PersonKey"": ""1731452"", ""Points"": ""457"", ""SortKey"": ""1020007036.00"", ""Swim Date"": ""01/18/2020"", ""Swim Time"": ""1:10.36"", ""SwimEventKey"": ""2"", ""Team"": ""San Francisco Serpents"", ""Time Standard"": ""2016-2020 A"", ""UsasSwimTimeKey"": ""145217521""}"
gmo,100 FR SCY,SCY,1:11.38,71.38,2021-02-06,2021 SN CCA Feb Time Trial,11,283,California Capital Aquatics,SN,2020-2024 B,,1731452,2,138609,1020007138.00,12839374,gmo-result,"{""Age"": ""11"", ""Event"": ""100 FR SCY"", ""LSC"": ""SN"", ""Meet"": ""2021 SN CCA Feb Time Trial"", ""MeetKey"": ""138609"", ""PersonKey"": ""1731452"", ""Points"": ""283"", ""SortKey"": ""1020007138.00"", ""Swim Date"": ""02/06/2021"", ""Swim Time"": ""1:11.38"", ""SwimEventKey"": ""2"", ""Team"": ""California Capital Aquatics"", ""Time Standard"": ""2020-2024 B"", ""UsasSwimTimeKey"": ""12839374""}"
gmo,100 FR SCY,SCY,1:12.19,72.19,2020-11-21,2020 SN CCA Nov Time Trial,11,260,California Capital Aquatics,SN,2020-2024 B,,1731452,2,25020,1020007219.00,81537027,gmo-result,"{""Age"": ""11"", ""Event"": ""100 FR SCY"", ""LSC"": ""SN"", ""Meet"": ""2020 SN CCA Nov Time Trial"", ""MeetKey"": ""25020"", ""PersonKey"": ""1731452"", ""Points"": ""260"", ""SortKey"": ""1020007219.00"", ""Swim Date"": ""11/21/2020"", ""Swim Time"": ""1:12.19"", ""SwimEventKey"": ""2"", ""Team"": ""California Capital Aquatics"", ""Time Standard"": ""2020-2024 B"", ""UsasSwimTimeKey"": ""81537027""}"
gmo,100 FR SCY,SCY,1:12.29,72.29,2019-10-19,2019 SN Pumpkin meet,10,402,San Francisco Serpents,PC,2016-2020 BB,,1731452,2,151645,1020007229.00,46666547,gmo-result,"{""Age"": ""10"", ""Event"": ""100 FR SCY"", ""LSC"": ""PC"", ""Meet"": ""2019 SN Pumpkin meet"", ""MeetKey"": ""151645"", ""PersonKey"": ""1731452"", ""Points"": ""402"", ""SortKey"": ""1020007229.00"", ""Swim Date"": ""10/19/2019"", ""Swim Time"": ""1:12.29"", ""SwimEventKey"": ""2"", ""Team"": ""San Francisco Serpents"", ""Time Standard"": ""2016-2020 BB"", ""UsasSwimTimeKey"": ""46666547""}"
gmo,100 FR SCY,SCY,1:12.46,72.46,2019-11-17,2019 PC PSL SCY C/B/A+,10,397,San Francisco Serpents,PC,2016-2020 BB,,1731452,2,28144,1020007246.00,37319790,gmo-result,"{""Age"": ""10"", ""Event"": ""100 FR SCY"", ""LSC"": ""PC"", ""Meet"": ""2019 PC PSL SCY C/B/A+"", ""MeetKey"": ""28144"", ""PersonKey"": ""1731452"", ""Points"": ""397"", ""SortKey"": ""1020007246.00"", ""Swim Date"": ""11/17/2019"", ""Swim Time"": ""1:12.46"", ""SwimEventKey"": ""2"", ""Team"": ""San Francisco Serpents"", ""Time Standard"": ""2016-2020 BB"", ""UsasSwimTimeKey"": ""37319790""}"
gmo,100 FR SCY,SCY,1:12.65,72.65,2019-09-15,2019 PC SSF C/B/A+,10,392,San Francisco Serpents,PC,2016-2020 BB,,1731452,2,153795,1020007265.00,8904234,gmo-result,"{""Age"": ""10"", ""Event"": ""100 FR SCY"", ""LSC"": ""PC"", ""Meet"": ""2019 PC SSF C/B/A+"", ""MeetKey"": ""153795"", ""PersonKey"": ""1731452"", ""Points"": ""392"", ""SortKey"": ""1020007265.00"", ""Swim Date"": ""09/15/2019"", ""Swim Time"": ""1:12.65"", ""SwimEventKey"": ""2"", ""Team"": ""San Francisco Serpents"", ""Time Standard"": ""2016-2020 BB"", ""UsasSwimTimeKey"": ""8904234""}"
gmo,100 FR SCY,SCY,1:17.57,77.57,2019-07-13,2019 PC TAHO Swimming At Altitude,10,266,San Francisco Serpents,PC,2016-2020 BB,,1731452,2,82537,1020007757.00,111105456,gmo-result,"{""Age"": ""10"", ""Event"": ""100 FR SCY"", ""LSC"": ""PC"", ""Meet"": ""2019 PC TAHO Swimming At Altitude"", ""MeetKey"": ""82537"", ""PersonKey"": ""1731452"", ""Points"": ""266"", ""SortKey"": ""1020007757.00"", ""Swim Date"": ""07/13/2019"", ""Swim Time"": ""1:17.57"", ""SwimEventKey"": ""2"", ""Team"": ""San Francisco Serpents"", ""Time Standard"": ""2016-2020 BB"", ""UsasSwimTimeKey"": ""111105456""}"
gmo,100 FR SCY,SCY,1:18.34,78.34,2019-04-20,2019 PC 10 & UN Championship,9,385,San Francisco Serpents,PC,2016-2020 BB,,1731452,2,4315,1020007834.00,45455615,gmo-result,"{""Age"": ""9"", ""Event"": ""100 FR SCY"", ""LSC"": ""PC"", ""Meet"": ""2019 PC 10 & UN Championship"", ""MeetKey"": ""4315"", ""PersonKey"": ""1731452"", ""Points"": ""385"", ""SortKey"": ""1020007834.00"", ""Swim Date"": ""04/20/2019"", ""Swim Time"": ""1:18.34"", ""SwimEventKey"": ""2"", ""Team"": ""San Francisco Serpents"", ""Time Standard"": ""2016-2020 BB"", ""UsasSwimTimeKey"": ""45455615""}"
gmo,100 FR SCY,SCY,1:19.22,79.22,2019-04-07,"2019 SN Hot Dog Meet, Ap",9,363,San Francisco Serpents,PC,2016-2020 BB,,1731452,2,71008,1020007922.00,12848189,gmo-result,"{""Age"": ""9"", ""Event"": ""100 FR SCY"", ""LSC"": ""PC"", ""Meet"": ""2019 SN Hot Dog Meet, Ap"", ""MeetKey"": ""71008"", ""PersonKey"": ""1731452"", ""Points"": ""363"", ""SortKey"": ""1020007922.00"", ""Swim Date"": ""04/07/2019"", ""Swim Time"": ""1:19.22"", ""SwimEventKey"": ""2"", ""Team"": ""San Francisco Serpents"", ""Time Standard"": ""2016-2020 BB"", ""UsasSwimTimeKey"": ""12848189""}"
gmo,200 FR SCY,SCY,2:04.66,124.66,2025-05-07,2025 SN CIF SAC-JOAQUIN SECTION,15,485,Unattached,SN,A,,1731452,3,270627,1030012466.00,177232639,gmo-result,"{""Age"": ""15"", ""Event"": ""200 FR SCY"", ""LSC"": ""SN"", ""Meet"": ""2025 SN CIF SAC-JOAQUIN SECTION"", ""MeetKey"": ""270627"", ""PersonKey"": ""1731452"", ""Points"": ""485"", ""SortKey"": ""1030012466.00"", ""Swim Date"": ""05/07/2025"", ""Swim Time"": ""2:04.66"", ""SwimEventKey"": ""3"", ""Team"": ""Unattached"", ""Time Standard"": ""A"", ""UsasSwimTimeKey"": ""177232639""}"
gmo,200 FR SCY,SCY,2:04.84,124.84,2025-05-07,2025 SN CIF SAC-JOAQUIN SECTION,15,481,Unattached,SN,A,,1731452,3,270627,1030012484.00,177232623,gmo-result,"{""Age"": ""15"", ""Event"": ""200 FR SCY"", ""LSC"": ""SN"", ""Meet"": ""2025 SN CIF SAC-JOAQUIN SECTION"", ""MeetKey"": ""270627"", ""PersonKey"": ""1731452"", ""Points"": ""481"", ""SortKey"": ""1030012484.00"", ""Swim Date"": ""05/07/2025"", ""Swim Time"": ""2:04.84"", ""SwimEventKey"": ""3"", ""Team"": ""Unattached"", ""Time Standard"": ""A"", ""UsasSwimTimeKey"": ""177232623""}"
gmo,200 FR SCY,SCY,2:07.66,127.66,2024-12-06,2024 GU Southern Senior Championship - TWST,15,424,California Capital Aquatics,SN,A,,1731452,3,264566,1030012766.00,172152142,gmo-result,"{""Age"": ""15"", ""Event"": ""200 FR SCY"", ""LSC"": ""SN"", ""Meet"": ""2024 GU Southern Senior Championship - TWST"", ""MeetKey"": ""264566"", ""PersonKey"": ""1731452"", ""Points"": ""424"", ""SortKey"": ""1030012766.00"", ""Swim Date"": ""12/06/2024"", ""Swim Time"": ""2:07.66"", ""SwimEventKey"": ""3"", ""Team"": ""California Capital Aquatics"", ""Time Standard"": ""A"", ""UsasSwimTimeKey"": ""172152142""}"
gmo,200 FR SCY,SCY,2:08.12,128.12,2026-05-09,2026 SN Post High School Meet,16,404,California Capital Aquatics,SN,BB,,1731452,3,282465,1030012812.00,187739304,gmo-result,"{""Age"": ""16"", ""Event"": ""200 FR SCY"", ""LSC"": ""SN"", ""Meet"": ""2026 SN Post High School Meet"", ""MeetKey"": ""282465"", ""PersonKey"": ""1731452"", ""Points"": ""404"", ""SortKey"": ""1030012812.00"", ""Swim Date"": ""05/09/2026"", ""Swim Time"": ""2:08.12"", ""SwimEventKey"": ""3"", ""Team"": ""California Capital Aquatics"", ""Time Standard"": ""BB"", ""UsasSwimTimeKey"": ""187739304""}"
gmo,200 FR SCY,SCY,2:08.30,128.30,2023-02-04,2023 SN Senior Swimming Winter Championships,13,482,California Capital Aquatics,SN,2020-2024 A,,1731452,3,164465,1030012830.00,1942994,gmo-result,"{""Age"": ""13"", ""Event"": ""200 FR SCY"", ""LSC"": ""SN"", ""Meet"": ""2023 SN Senior Swimming Winter Championships"", ""MeetKey"": ""164465"", ""PersonKey"": ""1731452"", ""Points"": ""482"", ""SortKey"": ""1030012830.00"", ""Swim Date"": ""02/04/2023"", ""Swim Time"": ""2:08.30"", ""SwimEventKey"": ""3"", ""Team"": ""California Capital Aquatics"", ""Time Standard"": ""2020-2024 A"", ""UsasSwimTimeKey"": ""1942994""}"
gmo,200 FR SCY,SCY,2:08.60,128.60,2023-03-12,2023 SN Sierra Nevada Swimming 14 & Under Short Course Championships,13,476,California Capital Aquatics,SN,2020-2024 A,,1731452,3,165596,1030012860.00,97592604,gmo-result,"{""Age"": ""13"", ""Event"": ""200 FR SCY"", ""LSC"": ""SN"", ""Meet"": ""2023 SN Sierra Nevada Swimming 14 & Under Short Course Championships"", ""MeetKey"": ""165596"", ""PersonKey"": ""1731452"", ""Points"": ""476"", ""SortKey"": ""1030012860.00"", ""Swim Date"": ""03/12/2023"", ""Swim Time"": ""2:08.60"", ""SwimEventKey"": ""3"", ""Team"": ""California Capital Aquatics"", ""Time Standard"": ""2020-2024 A"", ""UsasSwimTimeKey"": ""97592604""}"
gmo,200 FR SCY,SCY,2:09.45,129.45,2025-04-04,2025 SN Nor Cal Swim Championships,15,389,Unattached,SN,BB,,1731452,3,269928,1030012945.00,176973610,gmo-result,"{""Age"": ""15"", ""Event"": ""200 FR SCY"", ""LSC"": ""SN"", ""Meet"": ""2025 SN Nor Cal Swim Championships"", ""MeetKey"": ""269928"", ""PersonKey"": ""1731452"", ""Points"": ""389"", ""SortKey"": ""1030012945.00"", ""Swim Date"": ""04/04/2025"", ""Swim Time"": ""2:09.45"", ""SwimEventKey"": ""3"", ""Team"": ""Unattached"", ""Time Standard"": ""BB"", ""UsasSwimTimeKey"": ""176973610""}"
gmo,200 FR SCY,SCY,2:09.54,129.54,2024-10-06,2024 SN CCA SPOOK-TACULAR,15,388,California Capital Aquatics,SN,BB,,1731452,3,262110,1030012954.00,169722681,gmo-result,"{""Age"": ""15"", ""Event"": ""200 FR SCY"", ""LSC"": ""SN"", ""Meet"": ""2024 SN CCA SPOOK-TACULAR"", ""MeetKey"": ""262110"", ""PersonKey"": ""1731452"", ""Points"": ""388"", ""SortKey"": ""1030012954.00"", ""Swim Date"": ""10/06/2024"", ""Swim Time"": ""2:09.54"", ""SwimEventKey"": ""3"", ""Team"": ""California Capital Aquatics"", ""Time Standard"": ""BB"", ""UsasSwimTimeKey"": ""169722681""}"
gmo,200 FR SCY,SCY,2:09.57,129.57,2024-03-10,2024 SN Sierra Nevada Swimming 14 & Under Short Course Championships,14,422,Unattached,SN,2020-2024 A,,1731452,3,256761,1030012957.00,165243553,gmo-result,"{""Age"": ""14"", ""Event"": ""200 FR SCY"", ""LSC"": ""SN"", ""Meet"": ""2024 SN Sierra Nevada Swimming 14 & Under Short Course Championships"", ""MeetKey"": ""256761"", ""PersonKey"": ""1731452"", ""Points"": ""422"", ""SortKey"": ""1030012957.00"", ""Swim Date"": ""03/10/2024"", ""Swim Time"": ""2:09.57"", ""SwimEventKey"": ""3"", ""Team"": ""Unattached"", ""Time Standard"": ""2020-2024 A"", ""UsasSwimTimeKey"": ""165243553""}"
gmo,200 FR SCY,SCY,2:10.02,130.02,2025-04-04,2025 SN Nor Cal Swim Championships,15,379,Unattached,SN,BB,,1731452,3,269928,1030013002.00,176973593,gmo-result,"{""Age"": ""15"", ""Event"": ""200 FR SCY"", ""LSC"": ""SN"", ""Meet"": ""2025 SN Nor Cal Swim Championships"", ""MeetKey"": ""269928"", ""PersonKey"": ""1731452"", ""Points"": ""379"", ""SortKey"": ""1030013002.00"", ""Swim Date"": ""04/04/2025"", ""Swim Time"": ""2:10.02"", ""SwimEventKey"": ""3"", ""Team"": ""Unattached"", ""Time Standard"": ""BB"", ""UsasSwimTimeKey"": ""176973593""}"
gmo,200 FR SCY,SCY,2:12.04,132.04,2022-03-25,2022 CC Southwestern Age Group Regional,12,513,California Capital Aquatics,SN,2020-2024 A,,1731452,3,106743,1030013204.00,73421855,gmo-result,"{""Age"": ""12"", ""Event"": ""200 FR SCY"", ""LSC"": ""SN"", ""Meet"": ""2022 CC Southwestern Age Group Regional"", ""MeetKey"": ""106743"", ""PersonKey"": ""1731452"", ""Points"": ""513"", ""SortKey"": ""1030013204.00"", ""Swim Date"": ""03/25/2022"", ""Swim Time"": ""2:12.04"", ""SwimEventKey"": ""3"", ""Team"": ""California Capital Aquatics"", ""Time Standard"": ""2020-2024 A"", ""UsasSwimTimeKey"": ""73421855""}"
gmo,200 FR SCY,SCY,2:12.29,132.29,2024-04-05,2024 SN NorCal Championships,14,371,Unattached,SN,2020-2024 BB,,1731452,3,257773,1030013229.00,166157686,gmo-result,"{""Age"": ""14"", ""Event"": ""200 FR SCY"", ""LSC"": ""SN"", ""Meet"": ""2024 SN NorCal Championships"", ""MeetKey"": ""257773"", ""PersonKey"": ""1731452"", ""Points"": ""371"", ""SortKey"": ""1030013229.00"", ""Swim Date"": ""04/05/2024"", ""Swim Time"": ""2:12.29"", ""SwimEventKey"": ""3"", ""Team"": ""Unattached"", ""Time Standard"": ""2020-2024 BB"", ""UsasSwimTimeKey"": ""166157686""}"
gmo,200 FR SCY,SCY,2:12.35,132.35,2023-11-11,2023 SN Folsom Senior Classic,14,370,California Capital Aquatics,SN,2020-2024 BB,,1731452,3,253160,1030013235.00,160108839,gmo-result,"{""Age"": ""14"", ""Event"": ""200 FR SCY"", ""LSC"": ""SN"", ""Meet"": ""2023 SN Folsom Senior Classic"", ""MeetKey"": ""253160"", ""PersonKey"": ""1731452"", ""Points"": ""370"", ""SortKey"": ""1030013235.00"", ""Swim Date"": ""11/11/2023"", ""Swim Time"": ""2:12.35"", ""SwimEventKey"": ""3"", ""Team"": ""California Capital Aquatics"", ""Time Standard"": ""2020-2024 BB"", ""UsasSwimTimeKey"": ""160108839""}"
gmo,200 FR SCY,SCY,2:12.62,132.62,2024-10-26,2024 SN Golden Buoy Tri-Meet,15,331,California Capital Aquatics,SN,BB,,1731452,3,263513,1030013262.00,170469194,gmo-result,"{""Age"": ""15"", ""Event"": ""200 FR SCY"", ""LSC"": ""SN"", ""Meet"": ""2024 SN Golden Buoy Tri-Meet"", ""MeetKey"": ""263513"", ""PersonKey"": ""1731452"", ""Points"": ""331"", ""SortKey"": ""1030013262.00"", ""Swim Date"": ""10/26/2024"", ""Swim Time"": ""2:12.62"", ""SwimEventKey"": ""3"", ""Team"": ""California Capital Aquatics"", ""Time Standard"": ""BB"", ""UsasSwimTimeKey"": ""170469194""}"
gmo,200 FR SCY,SCY,2:12.80,132.80,2024-05-01,2024 SN CIF SJS Sections,14,361,Unattached,SN,2020-2024 BB,,1731452,3,257786,1030013280.00,166813741,gmo-result,"{""Age"": ""14"", ""Event"": ""200 FR SCY"", ""LSC"": ""SN"", ""Meet"": ""2024 SN CIF SJS Sections"", ""MeetKey"": ""257786"", ""PersonKey"": ""1731452"", ""Points"": ""361"", ""SortKey"": ""1030013280.00"", ""Swim Date"": ""05/01/2024"", ""Swim Time"": ""2:12.80"", ""SwimEventKey"": ""3"", ""Team"": ""Unattached"", ""Time Standard"": ""2020-2024 BB"", ""UsasSwimTimeKey"": ""166813741""}"
gmo,200 FR SCY,SCY,2:13.45,133.45,2022-10-22,SN Sac Regional Open,13,382,California Capital Aquatics,SN,2020-2024 BB,,1731452,3,160496,1030013345.00,105951791,gmo-result,"{""Age"": ""13"", ""Event"": ""200 FR SCY"", ""LSC"": ""SN"", ""Meet"": ""SN Sac Regional Open"", ""MeetKey"": ""160496"", ""PersonKey"": ""1731452"", ""Points"": ""382"", ""SortKey"": ""1030013345.00"", ""Swim Date"": ""10/22/2022"", ""Swim Time"": ""2:13.45"", ""SwimEventKey"": ""3"", ""Team"": ""California Capital Aquatics"", ""Time Standard"": ""2020-2024 BB"", ""UsasSwimTimeKey"": ""105951791""}"
gmo,200 FR SCY,SCY,2:13.53,133.53,2022-10-09,SN CCA SPOOK-TACULAR,13,381,California Capital Aquatics,SN,2020-2024 BB,,1731452,3,159698,1030013353.00,91753116,gmo-result,"{""Age"": ""13"", ""Event"": ""200 FR SCY"", ""LSC"": ""SN"", ""Meet"": ""SN CCA SPOOK-TACULAR"", ""MeetKey"": ""159698"", ""PersonKey"": ""1731452"", ""Points"": ""381"", ""SortKey"": ""1030013353.00"", ""Swim Date"": ""10/09/2022"", ""Swim Time"": ""2:13.53"", ""SwimEventKey"": ""3"", ""Team"": ""California Capital Aquatics"", ""Time Standard"": ""2020-2024 BB"", ""UsasSwimTimeKey"": ""91753116""}"
gmo,200 FR SCY,SCY,2:13.65,133.65,2024-11-10,2024 SN Folsom Classic,15,313,California Capital Aquatics,SN,BB,,1731452,3,262124,1030013365.00,171096023,gmo-result,"{""Age"": ""15"", ""Event"": ""200 FR SCY"", ""LSC"": ""SN"", ""Meet"": ""2024 SN Folsom Classic"", ""MeetKey"": ""262124"", ""PersonKey"": ""1731452"", ""Points"": ""313"", ""SortKey"": ""1030013365.00"", ""Swim Date"": ""11/10/2024"", ""Swim Time"": ""2:13.65"", ""SwimEventKey"": ""3"", ""Team"": ""California Capital Aquatics"", ""Time Standard"": ""BB"", ""UsasSwimTimeKey"": ""171096023""}"
gmo,200 FR SCY,SCY,2:13.71,133.71,2023-10-28,2023 SN The Golden Buoy,14,345,California Capital Aquatics,SN,2020-2024 BB,,1731452,3,252584,1030013371.00,159789021,gmo-result,"{""Age"": ""14"", ""Event"": ""200 FR SCY"", ""LSC"": ""SN"", ""Meet"": ""2023 SN The Golden Buoy"", ""MeetKey"": ""252584"", ""PersonKey"": ""1731452"", ""Points"": ""345"", ""SortKey"": ""1030013371.00"", ""Swim Date"": ""10/28/2023"", ""Swim Time"": ""2:13.71"", ""SwimEventKey"": ""3"", ""Team"": ""California Capital Aquatics"", ""Time Standard"": ""2020-2024 BB"", ""UsasSwimTimeKey"": ""159789021""}"
gmo,200 FR SCY,SCY,2:13.81,133.81,2024-04-05,2024 SN NorCal Championships,14,343,Unattached,SN,2020-2024 BB,,1731452,3,257773,1030013381.00,166157755,gmo-result,"{""Age"": ""14"", ""Event"": ""200 FR SCY"", ""LSC"": ""SN"", ""Meet"": ""2024 SN NorCal Championships"", ""MeetKey"": ""257773"", ""PersonKey"": ""1731452"", ""Points"": ""343"", ""SortKey"": ""1030013381.00"", ""Swim Date"": ""04/05/2024"", ""Swim Time"": ""2:13.81"", ""SwimEventKey"": ""3"", ""Team"": ""Unattached"", ""Time Standard"": ""2020-2024 BB"", ""UsasSwimTimeKey"": ""166157755""}"
gmo,200 FR SCY,SCY,2:14.04,134.04,2023-10-08,2023 SN CCA SPOOK-TACULAR AGO Swim Meet,14,339,California Capital Aquatics,SN,2020-2024 BB,,1731452,3,251804,1030013404.00,158905743,gmo-result,"{""Age"": ""14"", ""Event"": ""200 FR SCY"", ""LSC"": ""SN"", ""Meet"": ""2023 SN CCA SPOOK-TACULAR AGO Swim Meet"", ""MeetKey"": ""251804"", ""PersonKey"": ""1731452"", ""Points"": ""339"", ""SortKey"": ""1030013404.00"", ""Swim Date"": ""10/08/2023"", ""Swim Time"": ""2:14.04"", ""SwimEventKey"": ""3"", ""Team"": ""California Capital Aquatics"", ""Time Standard"": ""2020-2024 BB"", ""UsasSwimTimeKey"": ""158905743""}"
gmo,200 FR SCY,SCY,2:14.58,134.58,2026-01-17,2026 PN VAST 49th Annual Washington Open,16,288,California Capital Aquatics,SN,BB,,1731452,3,277865,1030013458.00,184307343,gmo-result,"{""Age"": ""16"", ""Event"": ""200 FR SCY"", ""LSC"": ""SN"", ""Meet"": ""2026 PN VAST 49th Annual Washington Open"", ""MeetKey"": ""277865"", ""PersonKey"": ""1731452"", ""Points"": ""288"", ""SortKey"": ""1030013458.00"", ""Swim Date"": ""01/17/2026"", ""Swim Time"": ""2:14.58"", ""SwimEventKey"": ""3"", ""Team"": ""California Capital Aquatics"", ""Time Standard"": ""BB"", ""UsasSwimTimeKey"": ""184307343""}"
gmo,200 FR SCY,SCY,2:14.69,134.69,2022-11-19,SN Cranberry Classic,13,360,California Capital Aquatics,SN,2020-2024 BB,,1731452,3,160491,1030013469.00,103478942,gmo-result,"{""Age"": ""13"", ""Event"": ""200 FR SCY"", ""LSC"": ""SN"", ""Meet"": ""SN Cranberry Classic"", ""MeetKey"": ""160491"", ""PersonKey"": ""1731452"", ""Points"": ""360"", ""SortKey"": ""1030013469.00"", ""Swim Date"": ""11/19/2022"", ""Swim Time"": ""2:14.69"", ""SwimEventKey"": ""3"", ""Team"": ""California Capital Aquatics"", ""Time Standard"": ""2020-2024 BB"", ""UsasSwimTimeKey"": ""103478942""}"
gmo,200 FR SCY,SCY,2:14.74,134.74,2024-02-03,2024 SN Senior Winter Championships,14,327,California Capital Aquatics,SN,2020-2024 BB,,1731452,3,255612,1030013474.00,163481759,gmo-result,"{""Age"": ""14"", ""Event"": ""200 FR SCY"", ""LSC"": ""SN"", ""Meet"": ""2024 SN Senior Winter Championships"", ""MeetKey"": ""255612"", ""PersonKey"": ""1731452"", ""Points"": ""327"", ""SortKey"": ""1030013474.00"", ""Swim Date"": ""02/03/2024"", ""Swim Time"": ""2:14.74"", ""SwimEventKey"": ""3"", ""Team"": ""California Capital Aquatics"", ""Time Standard"": ""2020-2024 BB"", ""UsasSwimTimeKey"": ""163481759""}"
gmo,200 FR SCY,SCY,2:14.82,134.82,2023-12-01,2023 GU Southern Senior Championship Invitational,14,325,California Capital Aquatics,SN,2020-2024 BB,,1731452,3,253317,1030013482.00,161195152,gmo-result,"{""Age"": ""14"", ""Event"": ""200 FR SCY"", ""LSC"": ""SN"", ""Meet"": ""2023 GU Southern Senior Championship Invitational"", ""MeetKey"": ""253317"", ""PersonKey"": ""1731452"", ""Points"": ""325"", ""SortKey"": ""1030013482.00"", ""Swim Date"": ""12/01/2023"", ""Swim Time"": ""2:14.82"", ""SwimEventKey"": ""3"", ""Team"": ""California Capital Aquatics"", ""Time Standard"": ""2020-2024 BB"", ""UsasSwimTimeKey"": ""161195152""}"
gmo,200 FR SCY,SCY,2:15.33,135.33,2024-02-24,2024 SN DART Last Chance Closed Invitational,14,317,Unattached,SN,2020-2024 BB,,1731452,3,256484,1030013533.00,164544118,gmo-result,"{""Age"": ""14"", ""Event"": ""200 FR SCY"", ""LSC"": ""SN"", ""Meet"": ""2024 SN DART Last Chance Closed Invitational"", ""MeetKey"": ""256484"", ""PersonKey"": ""1731452"", ""Points"": ""317"", ""SortKey"": ""1030013533.00"", ""Swim Date"": ""02/24/2024"", ""Swim Time"": ""2:15.33"", ""SwimEventKey"": ""3"", ""Team"": ""Unattached"", ""Time Standard"": ""2020-2024 BB"", ""UsasSwimTimeKey"": ""164544118""}"
gmo,200 FR SCY,SCY,2:15.60,135.60,2022-03-13,2022 SN 14&U Short Course Championships,12,449,California Capital Aquatics,SN,2020-2024 A,,1731452,3,118077,1030013560.00,74570737,gmo-result,"{""Age"": ""12"", ""Event"": ""200 FR SCY"", ""LSC"": ""SN"", ""Meet"": ""2022 SN 14&U Short Course Championships"", ""MeetKey"": ""118077"", ""PersonKey"": ""1731452"", ""Points"": ""449"", ""SortKey"": ""1030013560.00"", ""Swim Date"": ""03/13/2022"", ""Swim Time"": ""2:15.60"", ""SwimEventKey"": ""3"", ""Team"": ""California Capital Aquatics"", ""Time Standard"": ""2020-2024 A"", ""UsasSwimTimeKey"": ""74570737""}"
gmo,200 FR SCY,SCY,2:15.76,135.76,2025-10-05,2025 SN CCA SPOOK-TACULAR,16,269,California Capital Aquatics,SN,BB,,1731452,3,274129,1030013576.00,180421020,gmo-result,"{""Age"": ""16"", ""Event"": ""200 FR SCY"", ""LSC"": ""SN"", ""Meet"": ""2025 SN CCA SPOOK-TACULAR"", ""MeetKey"": ""274129"", ""PersonKey"": ""1731452"", ""Points"": ""269"", ""SortKey"": ""1030013576.00"", ""Swim Date"": ""10/05/2025"", ""Swim Time"": ""2:15.76"", ""SwimEventKey"": ""3"", ""Team"": ""California Capital Aquatics"", ""Time Standard"": ""BB"", ""UsasSwimTimeKey"": ""180421020""}"
gmo,200 FR SCY,SCY,2:17.13,137.13,2021-12-19,2021 SN Dart Winter Invite SCY,12,423,California Capital Aquatics,SN,2020-2024 A,,1731452,3,144592,1030013713.00,135277535,gmo-result,"{""Age"": ""12"", ""Event"": ""200 FR SCY"", ""LSC"": ""SN"", ""Meet"": ""2021 SN Dart Winter Invite SCY"", ""MeetKey"": ""144592"", ""PersonKey"": ""1731452"", ""Points"": ""423"", ""SortKey"": ""1030013713.00"", ""Swim Date"": ""12/19/2021"", ""Swim Time"": ""2:17.13"", ""SwimEventKey"": ""3"", ""Team"": ""California Capital Aquatics"", ""Time Standard"": ""2020-2024 A"", ""UsasSwimTimeKey"": ""135277535""}"
gmo,200 FR SCY,SCY,2:17.36,137.36,2021-12-19,2021 SN Dart Winter Invite SCY,12,419,California Capital Aquatics,SN,2020-2024 A,,1731452,3,144592,1030013736.00,89807723,gmo-result,"{""Age"": ""12"", ""Event"": ""200 FR SCY"", ""LSC"": ""SN"", ""Meet"": ""2021 SN Dart Winter Invite SCY"", ""MeetKey"": ""144592"", ""PersonKey"": ""1731452"", ""Points"": ""419"", ""SortKey"": ""1030013736.00"", ""Swim Date"": ""12/19/2021"", ""Swim Time"": ""2:17.36"", ""SwimEventKey"": ""3"", ""Team"": ""California Capital Aquatics"", ""Time Standard"": ""2020-2024 A"", ""UsasSwimTimeKey"": ""89807723""}"
gmo,200 FR SCY,SCY,2:17.72,137.72,2021-06-26,2021 SN JOs or Bust Last Chance Qualifying Meet,12,413,California Capital Aquatics,SN,2020-2024 BB,,1731452,3,13715,1030013772.00,150387990,gmo-result,"{""Age"": ""12"", ""Event"": ""200 FR SCY"", ""LSC"": ""SN"", ""Meet"": ""2021 SN JOs or Bust Last Chance Qualifying Meet"", ""MeetKey"": ""13715"", ""PersonKey"": ""1731452"", ""Points"": ""413"", ""SortKey"": ""1030013772.00"", ""Swim Date"": ""06/26/2021"", ""Swim Time"": ""2:17.72"", ""SwimEventKey"": ""3"", ""Team"": ""California Capital Aquatics"", ""Time Standard"": ""2020-2024 BB"", ""UsasSwimTimeKey"": ""150387990""}"
gmo,200 FR SCY,SCY,2:18.48,138.48,2025-02-01,2025 SN Senior Short Course Championships,15,236,California Capital Aquatics,SN,B,,1731452,3,267141,1030013848.00,174012822,gmo-result,"{""Age"": ""15"", ""Event"": ""200 FR SCY"", ""LSC"": ""SN"", ""Meet"": ""2025 SN Senior Short Course Championships"", ""MeetKey"": ""267141"", ""PersonKey"": ""1731452"", ""Points"": ""236"", ""SortKey"": ""1030013848.00"", ""Swim Date"": ""02/01/2025"", ""Swim Time"": ""2:18.48"", ""SwimEventKey"": ""3"", ""Team"": ""California Capital Aquatics"", ""Time Standard"": ""B"", ""UsasSwimTimeKey"": ""174012822""}"
gmo,200 FR SCY,SCY,2:21.08,141.08,2022-01-15,2022 PC TIGR C/B/BB+,12,359,California Capital Aquatics,SN,2020-2024 BB,,1731452,3,135536,1030014108.00,33079688,gmo-result,"{""Age"": ""12"", ""Event"": ""200 FR SCY"", ""LSC"": ""SN"", ""Meet"": ""2022 PC TIGR C/B/BB+"", ""MeetKey"": ""135536"", ""PersonKey"": ""1731452"", ""Points"": ""359"", ""SortKey"": ""1030014108.00"", ""Swim Date"": ""01/15/2022"", ""Swim Time"": ""2:21.08"", ""SwimEventKey"": ""3"", ""Team"": ""California Capital Aquatics"", ""Time Standard"": ""2020-2024 BB"", ""UsasSwimTimeKey"": ""33079688""}"
gmo,200 FR SCY,SCY,2:21.51,141.51,2021-07-15,2021 SN Bill Rose Cl Finals,12,352,California Capital Aquatics,SN,2020-2024 BB,,1731452,3,52907,1030014151.00,79219627,gmo-result,"{""Age"": ""12"", ""Event"": ""200 FR SCY"", ""LSC"": ""SN"", ""Meet"": ""2021 SN Bill Rose Cl Finals"", ""MeetKey"": ""52907"", ""PersonKey"": ""1731452"", ""Points"": ""352"", ""SortKey"": ""1030014151.00"", ""Swim Date"": ""07/15/2021"", ""Swim Time"": ""2:21.51"", ""SwimEventKey"": ""3"", ""Team"": ""California Capital Aquatics"", ""Time Standard"": ""2020-2024 BB"", ""UsasSwimTimeKey"": ""79219627""}"
gmo,200 FR SCY,SCY,2:22.94,142.94,2021-04-17,2021 SN CCA Spring Splash and Dash,11,427,California Capital Aquatics,SN,2020-2024 BB,,1731452,3,67769,1030014294.00,142026770,gmo-result,"{""Age"": ""11"", ""Event"": ""200 FR SCY"", ""LSC"": ""SN"", ""Meet"": ""2021 SN CCA Spring Splash and Dash"", ""MeetKey"": ""67769"", ""PersonKey"": ""1731452"", ""Points"": ""427"", ""SortKey"": ""1030014294.00"", ""Swim Date"": ""04/17/2021"", ""Swim Time"": ""2:22.94"", ""SwimEventKey"": ""3"", ""Team"": ""California Capital Aquatics"", ""Time Standard"": ""2020-2024 BB"", ""UsasSwimTimeKey"": ""142026770""}"
gmo,200 FR SCY,SCY,2:34.21,154.21,2020-11-21,2020 SN CCA Nov Time Trial,11,262,California Capital Aquatics,SN,2020-2024 B,,1731452,3,25020,1030015421.00,137357784,gmo-result,"{""Age"": ""11"", ""Event"": ""200 FR SCY"", ""LSC"": ""SN"", ""Meet"": ""2020 SN CCA Nov Time Trial"", ""MeetKey"": ""25020"", ""PersonKey"": ""1731452"", ""Points"": ""262"", ""SortKey"": ""1030015421.00"", ""Swim Date"": ""11/21/2020"", ""Swim Time"": ""2:34.21"", ""SwimEventKey"": ""3"", ""Team"": ""California Capital Aquatics"", ""Time Standard"": ""2020-2024 B"", ""UsasSwimTimeKey"": ""137357784""}"
gmo,200 FR SCY,SCY,2:34.94,154.94,2020-02-23,2020 PC NVST C/B/A+,10,396,San Francisco Serpents,PC,2016-2020 A,,1731452,3,5416,1030015494.00,129770396,gmo-result,"{""Age"": ""10"", ""Event"": ""200 FR SCY"", ""LSC"": ""PC"", ""Meet"": ""2020 PC NVST C/B/A+"", ""MeetKey"": ""5416"", ""PersonKey"": ""1731452"", ""Points"": ""396"", ""SortKey"": ""1030015494.00"", ""Swim Date"": ""02/23/2020"", ""Swim Time"": ""2:34.94"", ""SwimEventKey"": ""3"", ""Team"": ""San Francisco Serpents"", ""Time Standard"": ""2016-2020 A"", ""UsasSwimTimeKey"": ""129770396""}"
gmo,200 FR SCY,SCY,2:36.17,156.17,2019-10-19,2019 SN Pumpkin meet,10,379,San Francisco Serpents,PC,2016-2020 BB,,1731452,3,151645,1030015617.00,78793604,gmo-result,"{""Age"": ""10"", ""Event"": ""200 FR SCY"", ""LSC"": ""PC"", ""Meet"": ""2019 SN Pumpkin meet"", ""MeetKey"": ""151645"", ""PersonKey"": ""1731452"", ""Points"": ""379"", ""SortKey"": ""1030015617.00"", ""Swim Date"": ""10/19/2019"", ""Swim Time"": ""2:36.17"", ""SwimEventKey"": ""3"", ""Team"": ""San Francisco Serpents"", ""Time Standard"": ""2016-2020 BB"", ""UsasSwimTimeKey"": ""78793604""}"
gmo,200 FR SCY,SCY,2:38.09,158.09,2019-08-04,2019 PC WCAB Fred Siegrist Memorial Summer's End,10,354,San Francisco Serpents,PC,2016-2020 BB,,1731452,3,5697,1030015809.00,63014240,gmo-result,"{""Age"": ""10"", ""Event"": ""200 FR SCY"", ""LSC"": ""PC"", ""Meet"": ""2019 PC WCAB Fred Siegrist Memorial Summer's End"", ""MeetKey"": ""5697"", ""PersonKey"": ""1731452"", ""Points"": ""354"", ""SortKey"": ""1030015809.00"", ""Swim Date"": ""08/04/2019"", ""Swim Time"": ""2:38.09"", ""SwimEventKey"": ""3"", ""Team"": ""San Francisco Serpents"", ""Time Standard"": ""2016-2020 BB"", ""UsasSwimTimeKey"": ""63014240""}"
gmo,200 FR SCY,SCY,2:45.70,165.70,2019-07-14,2019 PC TAHO Swimming At Altitude,10,262,San Francisco Serpents,PC,2016-2020 BB,,1731452,3,82537,1030016570.00,128668572,gmo-result,"{""Age"": ""10"", ""Event"": ""200 FR SCY"", ""LSC"": ""PC"", ""Meet"": ""2019 PC TAHO Swimming At Altitude"", ""MeetKey"": ""82537"", ""PersonKey"": ""1731452"", ""Points"": ""262"", ""SortKey"": ""1030016570.00"", ""Swim Date"": ""07/14/2019"", ""Swim Time"": ""2:45.70"", ""SwimEventKey"": ""3"", ""Team"": ""San Francisco Serpents"", ""Time Standard"": ""2016-2020 BB"", ""UsasSwimTimeKey"": ""128668572""}"
gmo,500 FR SCY,SCY,5:25.90,325.90,2025-05-07,2025 SN CIF SAC-JOAQUIN SECTION,15,530,Unattached,SN,AA,,1731452,4,270627,1040032590.00,177236586,gmo-result,"{""Age"": ""15"", ""Event"": ""500 FR SCY"", ""LSC"": ""SN"", ""Meet"": ""2025 SN CIF SAC-JOAQUIN SECTION"", ""MeetKey"": ""270627"", ""PersonKey"": ""1731452"", ""Points"": ""530"", ""SortKey"": ""1040032590.00"", ""Swim Date"": ""05/07/2025"", ""Swim Time"": ""5:25.90"", ""SwimEventKey"": ""4"", ""Team"": ""Unattached"", ""Time Standard"": ""AA"", ""UsasSwimTimeKey"": ""177236586""}"
gmo,500 FR SCY,SCY,5:27.53,327.53,2025-05-07,2025 SN CIF SAC-JOAQUIN SECTION,15,516,Unattached,SN,AA,,1731452,4,270627,1040032753.00,177235416,gmo-result,"{""Age"": ""15"", ""Event"": ""500 FR SCY"", ""LSC"": ""SN"", ""Meet"": ""2025 SN CIF SAC-JOAQUIN SECTION"", ""MeetKey"": ""270627"", ""PersonKey"": ""1731452"", ""Points"": ""516"", ""SortKey"": ""1040032753.00"", ""Swim Date"": ""05/07/2025"", ""Swim Time"": ""5:27.53"", ""SwimEventKey"": ""4"", ""Team"": ""Unattached"", ""Time Standard"": ""AA"", ""UsasSwimTimeKey"": ""177235416""}"
gmo,500 FR SCY,SCY,5:29.04,329.04,2024-05-01,2024 SN CIF SJS Sections,14,527,Unattached,SN,2020-2024 AA,,1731452,4,257786,1040032904.00,166810519,gmo-result,"{""Age"": ""14"", ""Event"": ""500 FR SCY"", ""LSC"": ""SN"", ""Meet"": ""2024 SN CIF SJS Sections"", ""MeetKey"": ""257786"", ""PersonKey"": ""1731452"", ""Points"": ""527"", ""SortKey"": ""1040032904.00"", ""Swim Date"": ""05/01/2024"", ""Swim Time"": ""5:29.04"", ""SwimEventKey"": ""4"", ""Team"": ""Unattached"", ""Time Standard"": ""2020-2024 AA"", ""UsasSwimTimeKey"": ""166810519""}"
gmo,500 FR SCY,SCY,5:32.42,332.42,2024-12-07,2024 GU Southern Senior Championship - TWST,15,477,California Capital Aquatics,SN,A,,1731452,4,264566,1040033242.00,172152141,gmo-result,"{""Age"": ""15"", ""Event"": ""500 FR SCY"", ""LSC"": ""SN"", ""Meet"": ""2024 GU Southern Senior Championship - TWST"", ""MeetKey"": ""264566"", ""PersonKey"": ""1731452"", ""Points"": ""477"", ""SortKey"": ""1040033242.00"", ""Swim Date"": ""12/07/2024"", ""Swim Time"": ""5:32.42"", ""SwimEventKey"": ""4"", ""Team"": ""California Capital Aquatics"", ""Time Standard"": ""A"", ""UsasSwimTimeKey"": ""172152141""}"
gmo,500 FR SCY,SCY,5:33.92,333.92,2026-05-06,2026 SN CIFSJS Championships,16,447,Unattached,SN,A,,1731452,4,283165,1040033392.00,187690246,gmo-result,"{""Age"": ""16"", ""Event"": ""500 FR SCY"", ""LSC"": ""SN"", ""Meet"": ""2026 SN CIFSJS Championships"", ""MeetKey"": ""283165"", ""PersonKey"": ""1731452"", ""Points"": ""447"", ""SortKey"": ""1040033392.00"", ""Swim Date"": ""05/06/2026"", ""Swim Time"": ""5:33.92"", ""SwimEventKey"": ""4"", ""Team"": ""Unattached"", ""Time Standard"": ""A"", ""UsasSwimTimeKey"": ""187690246""}"
gmo,500 FR SCY,SCY,5:34.79,334.79,2024-03-10,2024 SN Sierra Nevada Swimming 14 & Under Short Course Championships,14,480,Unattached,SN,2020-2024 AA,,1731452,4,256761,1040033479.00,165220278,gmo-result,"{""Age"": ""14"", ""Event"": ""500 FR SCY"", ""LSC"": ""SN"", ""Meet"": ""2024 SN Sierra Nevada Swimming 14 & Under Short Course Championships"", ""MeetKey"": ""256761"", ""PersonKey"": ""1731452"", ""Points"": ""480"", ""SortKey"": ""1040033479.00"", ""Swim Date"": ""03/10/2024"", ""Swim Time"": ""5:34.79"", ""SwimEventKey"": ""4"", ""Team"": ""Unattached"", ""Time Standard"": ""2020-2024 AA"", ""UsasSwimTimeKey"": ""165220278""}"
gmo,500 FR SCY,SCY,5:35.17,335.17,2023-02-04,2023 SN Senior Swimming Winter Championships,13,517,California Capital Aquatics,SN,2020-2024 A,,1731452,4,164465,1040033517.00,139756834,gmo-result,"{""Age"": ""13"", ""Event"": ""500 FR SCY"", ""LSC"": ""SN"", ""Meet"": ""2023 SN Senior Swimming Winter Championships"", ""MeetKey"": ""164465"", ""PersonKey"": ""1731452"", ""Points"": ""517"", ""SortKey"": ""1040033517.00"", ""Swim Date"": ""02/04/2023"", ""Swim Time"": ""5:35.17"", ""SwimEventKey"": ""4"", ""Team"": ""California Capital Aquatics"", ""Time Standard"": ""2020-2024 A"", ""UsasSwimTimeKey"": ""139756834""}"
gmo,500 FR SCY,SCY,5:36.67,336.67,2025-04-25,2025 SN CAPITAL VALLEY CONFERENCE,15,444,Unattached,SN,A,,1731452,4,270737,1040033667.00,177339114,gmo-result,"{""Age"": ""15"", ""Event"": ""500 FR SCY"", ""LSC"": ""SN"", ""Meet"": ""2025 SN CAPITAL VALLEY CONFERENCE"", ""MeetKey"": ""270737"", ""PersonKey"": ""1731452"", ""Points"": ""444"", ""SortKey"": ""1040033667.00"", ""Swim Date"": ""04/25/2025"", ""Swim Time"": ""5:36.67"", ""SwimEventKey"": ""4"", ""Team"": ""Unattached"", ""Time Standard"": ""A"", ""UsasSwimTimeKey"": ""177339114""}"
gmo,500 FR SCY,SCY,5:37.48,337.48,2023-03-12,2023 SN Sierra Nevada Swimming 14 & Under Short Course Championships,13,498,California Capital Aquatics,SN,2020-2024 A,,1731452,4,165596,1040033748.00,23963757,gmo-result,"{""Age"": ""13"", ""Event"": ""500 FR SCY"", ""LSC"": ""SN"", ""Meet"": ""2023 SN Sierra Nevada Swimming 14 & Under Short Course Championships"", ""MeetKey"": ""165596"", ""PersonKey"": ""1731452"", ""Points"": ""498"", ""SortKey"": ""1040033748.00"", ""Swim Date"": ""03/12/2023"", ""Swim Time"": ""5:37.48"", ""SwimEventKey"": ""4"", ""Team"": ""California Capital Aquatics"", ""Time Standard"": ""2020-2024 A"", ""UsasSwimTimeKey"": ""23963757""}"
gmo,500 FR SCY,SCY,5:38.28,338.28,2022-11-06,PC TERA Short Course Senior 2 T/F,13,492,California Capital Aquatics,SN,2020-2024 A,,1731452,4,158739,1040033828.00,103618918,gmo-result,"{""Age"": ""13"", ""Event"": ""500 FR SCY"", ""LSC"": ""SN"", ""Meet"": ""PC TERA Short Course Senior 2 T/F"", ""MeetKey"": ""158739"", ""PersonKey"": ""1731452"", ""Points"": ""492"", ""SortKey"": ""1040033828.00"", ""Swim Date"": ""11/06/2022"", ""Swim Time"": ""5:38.28"", ""SwimEventKey"": ""4"", ""Team"": ""California Capital Aquatics"", ""Time Standard"": ""2020-2024 A"", ""UsasSwimTimeKey"": ""103618918""}"
gmo,500 FR SCY,SCY,5:38.81,338.81,2023-03-12,2023 SN Sierra Nevada Swimming 14 & Under Short Course Championships,13,488,California Capital Aquatics,SN,2020-2024 A,,1731452,4,165596,1040033881.00,4715505,gmo-result,"{""Age"": ""13"", ""Event"": ""500 FR SCY"", ""LSC"": ""SN"", ""Meet"": ""2023 SN Sierra Nevada Swimming 14 & Under Short Course Championships"", ""MeetKey"": ""165596"", ""PersonKey"": ""1731452"", ""Points"": ""488"", ""SortKey"": ""1040033881.00"", ""Swim Date"": ""03/12/2023"", ""Swim Time"": ""5:38.81"", ""SwimEventKey"": ""4"", ""Team"": ""California Capital Aquatics"", ""Time Standard"": ""2020-2024 A"", ""UsasSwimTimeKey"": ""4715505""}"
gmo,500 FR SCY,SCY,5:40.67,340.67,2024-02-03,2024 SN Senior Winter Championships,14,435,California Capital Aquatics,SN,2020-2024 A,,1731452,4,255612,1040034067.00,163481757,gmo-result,"{""Age"": ""14"", ""Event"": ""500 FR SCY"", ""LSC"": ""SN"", ""Meet"": ""2024 SN Senior Winter Championships"", ""MeetKey"": ""255612"", ""PersonKey"": ""1731452"", ""Points"": ""435"", ""SortKey"": ""1040034067.00"", ""Swim Date"": ""02/03/2024"", ""Swim Time"": ""5:40.67"", ""SwimEventKey"": ""4"", ""Team"": ""California Capital Aquatics"", ""Time Standard"": ""2020-2024 A"", ""UsasSwimTimeKey"": ""163481757""}"
gmo,500 FR SCY,SCY,5:41.26,341.26,2025-04-25,2025 SN CAPITAL VALLEY CONFERENCE,15,409,Unattached,SN,A,,1731452,4,270737,1040034126.00,177339113,gmo-result,"{""Age"": ""15"", ""Event"": ""500 FR SCY"", ""LSC"": ""SN"", ""Meet"": ""2025 SN CAPITAL VALLEY CONFERENCE"", ""MeetKey"": ""270737"", ""PersonKey"": ""1731452"", ""Points"": ""409"", ""SortKey"": ""1040034126.00"", ""Swim Date"": ""04/25/2025"", ""Swim Time"": ""5:41.26"", ""SwimEventKey"": ""4"", ""Team"": ""Unattached"", ""Time Standard"": ""A"", ""UsasSwimTimeKey"": ""177339113""}"
gmo,500 FR SCY,SCY,5:41.48,341.48,2024-02-03,2024 SN Senior Winter Championships,14,429,California Capital Aquatics,SN,2020-2024 A,,1731452,4,255612,1040034148.00,163481758,gmo-result,"{""Age"": ""14"", ""Event"": ""500 FR SCY"", ""LSC"": ""SN"", ""Meet"": ""2024 SN Senior Winter Championships"", ""MeetKey"": ""255612"", ""PersonKey"": ""1731452"", ""Points"": ""429"", ""SortKey"": ""1040034148.00"", ""Swim Date"": ""02/03/2024"", ""Swim Time"": ""5:41.48"", ""SwimEventKey"": ""4"", ""Team"": ""California Capital Aquatics"", ""Time Standard"": ""2020-2024 A"", ""UsasSwimTimeKey"": ""163481758""}"
gmo,500 FR SCY,SCY,5:42.79,342.79,2024-11-09,2024 SN Folsom Classic,15,398,California Capital Aquatics,SN,A,,1731452,4,262124,1040034279.00,171096026,gmo-result,"{""Age"": ""15"", ""Event"": ""500 FR SCY"", ""LSC"": ""SN"", ""Meet"": ""2024 SN Folsom Classic"", ""MeetKey"": ""262124"", ""PersonKey"": ""1731452"", ""Points"": ""398"", ""SortKey"": ""1040034279.00"", ""Swim Date"": ""11/09/2024"", ""Swim Time"": ""5:42.79"", ""SwimEventKey"": ""4"", ""Team"": ""California Capital Aquatics"", ""Time Standard"": ""A"", ""UsasSwimTimeKey"": ""171096026""}"
gmo,500 FR SCY,SCY,5:43.37,343.37,2024-05-01,2024 SN CIF SJS Sections,14,415,Unattached,SN,2020-2024 A,,1731452,4,257786,1040034337.00,166809706,gmo-result,"{""Age"": ""14"", ""Event"": ""500 FR SCY"", ""LSC"": ""SN"", ""Meet"": ""2024 SN CIF SJS Sections"", ""MeetKey"": ""257786"", ""PersonKey"": ""1731452"", ""Points"": ""415"", ""SortKey"": ""1040034337.00"", ""Swim Date"": ""05/01/2024"", ""Swim Time"": ""5:43.37"", ""SwimEventKey"": ""4"", ""Team"": ""Unattached"", ""Time Standard"": ""2020-2024 A"", ""UsasSwimTimeKey"": ""166809706""}"
gmo,500 FR SCY,SCY,5:43.91,343.91,2022-10-08,SN CCA SPOOK-TACULAR,13,449,California Capital Aquatics,SN,2020-2024 A,,1731452,4,159698,1040034391.00,7544327,gmo-result,"{""Age"": ""13"", ""Event"": ""500 FR SCY"", ""LSC"": ""SN"", ""Meet"": ""SN CCA SPOOK-TACULAR"", ""MeetKey"": ""159698"", ""PersonKey"": ""1731452"", ""Points"": ""449"", ""SortKey"": ""1040034391.00"", ""Swim Date"": ""10/08/2022"", ""Swim Time"": ""5:43.91"", ""SwimEventKey"": ""4"", ""Team"": ""California Capital Aquatics"", ""Time Standard"": ""2020-2024 A"", ""UsasSwimTimeKey"": ""7544327""}"
gmo,500 FR SCY,SCY,5:45.57,345.57,2024-04-05,2024 SN NorCal Championships,14,399,Unattached,SN,2020-2024 A,,1731452,4,257773,1040034557.00,166157728,gmo-result,"{""Age"": ""14"", ""Event"": ""500 FR SCY"", ""LSC"": ""SN"", ""Meet"": ""2024 SN NorCal Championships"", ""MeetKey"": ""257773"", ""PersonKey"": ""1731452"", ""Points"": ""399"", ""SortKey"": ""1040034557.00"", ""Swim Date"": ""04/05/2024"", ""Swim Time"": ""5:45.57"", ""SwimEventKey"": ""4"", ""Team"": ""Unattached"", ""Time Standard"": ""2020-2024 A"", ""UsasSwimTimeKey"": ""166157728""}"
gmo,500 FR SCY,SCY,5:46.52,346.52,2023-12-02,2023 GU Southern Senior Championship Invitational,14,391,California Capital Aquatics,SN,2020-2024 A,,1731452,4,253317,1040034652.00,161215480,gmo-result,"{""Age"": ""14"", ""Event"": ""500 FR SCY"", ""LSC"": ""SN"", ""Meet"": ""2023 GU Southern Senior Championship Invitational"", ""MeetKey"": ""253317"", ""PersonKey"": ""1731452"", ""Points"": ""391"", ""SortKey"": ""1040034652.00"", ""Swim Date"": ""12/02/2023"", ""Swim Time"": ""5:46.52"", ""SwimEventKey"": ""4"", ""Team"": ""California Capital Aquatics"", ""Time Standard"": ""2020-2024 A"", ""UsasSwimTimeKey"": ""161215480""}"
gmo,500 FR SCY,SCY,5:46.60,346.60,2024-04-05,2024 SN NorCal Championships,14,391,Unattached,SN,2020-2024 A,,1731452,4,257773,1040034660.00,166157990,gmo-result,"{""Age"": ""14"", ""Event"": ""500 FR SCY"", ""LSC"": ""SN"", ""Meet"": ""2024 SN NorCal Championships"", ""MeetKey"": ""257773"", ""PersonKey"": ""1731452"", ""Points"": ""391"", ""SortKey"": ""1040034660.00"", ""Swim Date"": ""04/05/2024"", ""Swim Time"": ""5:46.60"", ""SwimEventKey"": ""4"", ""Team"": ""Unattached"", ""Time Standard"": ""2020-2024 A"", ""UsasSwimTimeKey"": ""166157990""}"
gmo,500 FR SCY,SCY,5:47.49,347.49,2026-01-16,2026 PN VAST 49th Annual Washington Open,16,347,California Capital Aquatics,SN,BB,,1731452,4,277865,1040034749.00,184307344,gmo-result,"{""Age"": ""16"", ""Event"": ""500 FR SCY"", ""LSC"": ""SN"", ""Meet"": ""2026 PN VAST 49th Annual Washington Open"", ""MeetKey"": ""277865"", ""PersonKey"": ""1731452"", ""Points"": ""347"", ""SortKey"": ""1040034749.00"", ""Swim Date"": ""01/16/2026"", ""Swim Time"": ""5:47.49"", ""SwimEventKey"": ""4"", ""Team"": ""California Capital Aquatics"", ""Time Standard"": ""BB"", ""UsasSwimTimeKey"": ""184307344""}"
gmo,500 FR SCY,SCY,5:47.66,347.66,2025-11-22,2025 SN TURKEY TRI Meet,16,346,California Capital Aquatics,SN,BB,,1731452,4,277560,1040034766.00,182654331,gmo-result,"{""Age"": ""16"", ""Event"": ""500 FR SCY"", ""LSC"": ""SN"", ""Meet"": ""2025 SN TURKEY TRI Meet"", ""MeetKey"": ""277560"", ""PersonKey"": ""1731452"", ""Points"": ""346"", ""SortKey"": ""1040034766.00"", ""Swim Date"": ""11/22/2025"", ""Swim Time"": ""5:47.66"", ""SwimEventKey"": ""4"", ""Team"": ""California Capital Aquatics"", ""Time Standard"": ""BB"", ""UsasSwimTimeKey"": ""182654331""}"
gmo,500 FR SCY,SCY,5:47.89,347.89,2024-03-10,2024 SN Sierra Nevada Swimming 14 & Under Short Course Championships,14,382,Unattached,SN,2020-2024 A,,1731452,4,256761,1040034789.00,165220166,gmo-result,"{""Age"": ""14"", ""Event"": ""500 FR SCY"", ""LSC"": ""SN"", ""Meet"": ""2024 SN Sierra Nevada Swimming 14 & Under Short Course Championships"", ""MeetKey"": ""256761"", ""PersonKey"": ""1731452"", ""Points"": ""382"", ""SortKey"": ""1040034789.00"", ""Swim Date"": ""03/10/2024"", ""Swim Time"": ""5:47.89"", ""SwimEventKey"": ""4"", ""Team"": ""Unattached"", ""Time Standard"": ""2020-2024 A"", ""UsasSwimTimeKey"": ""165220166""}"
gmo,500 FR SCY,SCY,5:50.68,350.68,2022-10-23,SN Sac Regional Open,13,399,California Capital Aquatics,SN,2020-2024 BB,,1731452,4,160496,1040035068.00,16079825,gmo-result,"{""Age"": ""13"", ""Event"": ""500 FR SCY"", ""LSC"": ""SN"", ""Meet"": ""SN Sac Regional Open"", ""MeetKey"": ""160496"", ""PersonKey"": ""1731452"", ""Points"": ""399"", ""SortKey"": ""1040035068.00"", ""Swim Date"": ""10/23/2022"", ""Swim Time"": ""5:50.68"", ""SwimEventKey"": ""4"", ""Team"": ""California Capital Aquatics"", ""Time Standard"": ""2020-2024 BB"", ""UsasSwimTimeKey"": ""16079825""}"
gmo,500 FR SCY,SCY,5:52.54,352.54,2023-10-07,2023 SN CCA SPOOK-TACULAR AGO Swim Meet,14,349,California Capital Aquatics,SN,2020-2024 BB,,1731452,4,251804,1040035254.00,158904984,gmo-result,"{""Age"": ""14"", ""Event"": ""500 FR SCY"", ""LSC"": ""SN"", ""Meet"": ""2023 SN CCA SPOOK-TACULAR AGO Swim Meet"", ""MeetKey"": ""251804"", ""PersonKey"": ""1731452"", ""Points"": ""349"", ""SortKey"": ""1040035254.00"", ""Swim Date"": ""10/07/2023"", ""Swim Time"": ""5:52.54"", ""SwimEventKey"": ""4"", ""Team"": ""California Capital Aquatics"", ""Time Standard"": ""2020-2024 BB"", ""UsasSwimTimeKey"": ""158904984""}"
gmo,500 FR SCY,SCY,5:53.45,353.45,2023-11-10,2023 SN Folsom Senior Classic,14,343,California Capital Aquatics,SN,2020-2024 BB,,1731452,4,253160,1040035345.00,160108556,gmo-result,"{""Age"": ""14"", ""Event"": ""500 FR SCY"", ""LSC"": ""SN"", ""Meet"": ""2023 SN Folsom Senior Classic"", ""MeetKey"": ""253160"", ""PersonKey"": ""1731452"", ""Points"": ""343"", ""SortKey"": ""1040035345.00"", ""Swim Date"": ""11/10/2023"", ""Swim Time"": ""5:53.45"", ""SwimEventKey"": ""4"", ""Team"": ""California Capital Aquatics"", ""Time Standard"": ""2020-2024 BB"", ""UsasSwimTimeKey"": ""160108556""}"
gmo,500 FR SCY,SCY,5:53.93,353.93,2025-02-01,2025 SN Senior Short Course Championships,15,320,California Capital Aquatics,SN,BB,,1731452,4,267141,1040035393.00,174012823,gmo-result,"{""Age"": ""15"", ""Event"": ""500 FR SCY"", ""LSC"": ""SN"", ""Meet"": ""2025 SN Senior Short Course Championships"", ""MeetKey"": ""267141"", ""PersonKey"": ""1731452"", ""Points"": ""320"", ""SortKey"": ""1040035393.00"", ""Swim Date"": ""02/01/2025"", ""Swim Time"": ""5:53.93"", ""SwimEventKey"": ""4"", ""Team"": ""California Capital Aquatics"", ""Time Standard"": ""BB"", ""UsasSwimTimeKey"": ""174012823""}"
gmo,500 FR SCY,SCY,5:54.07,354.07,2021-07-18,2021 SN Bill Rose Cl Finals,12,486,California Capital Aquatics,SN,2020-2024 A,,1731452,4,52907,1040035407.00,104691878,gmo-result,"{""Age"": ""12"", ""Event"": ""500 FR SCY"", ""LSC"": ""SN"", ""Meet"": ""2021 SN Bill Rose Cl Finals"", ""MeetKey"": ""52907"", ""PersonKey"": ""1731452"", ""Points"": ""486"", ""SortKey"": ""1040035407.00"", ""Swim Date"": ""07/18/2021"", ""Swim Time"": ""5:54.07"", ""SwimEventKey"": ""4"", ""Team"": ""California Capital Aquatics"", ""Time Standard"": ""2020-2024 A"", ""UsasSwimTimeKey"": ""104691878""}"
gmo,500 FR SCY,SCY,5:54.38,354.38,2022-03-13,2022 SN 14&U Short Course Championships,12,484,California Capital Aquatics,SN,2020-2024 A,,1731452,4,118077,1040035438.00,103036957,gmo-result,"{""Age"": ""12"", ""Event"": ""500 FR SCY"", ""LSC"": ""SN"", ""Meet"": ""2022 SN 14&U Short Course Championships"", ""MeetKey"": ""118077"", ""PersonKey"": ""1731452"", ""Points"": ""484"", ""SortKey"": ""1040035438.00"", ""Swim Date"": ""03/13/2022"", ""Swim Time"": ""5:54.38"", ""SwimEventKey"": ""4"", ""Team"": ""California Capital Aquatics"", ""Time Standard"": ""2020-2024 A"", ""UsasSwimTimeKey"": ""103036957""}"
gmo,500 FR SCY,SCY,5:54.89,354.89,2022-03-13,2022 SN 14&U Short Course Championships,12,480,California Capital Aquatics,SN,2020-2024 A,,1731452,4,118077,1040035489.00,128304469,gmo-result,"{""Age"": ""12"", ""Event"": ""500 FR SCY"", ""LSC"": ""SN"", ""Meet"": ""2022 SN 14&U Short Course Championships"", ""MeetKey"": ""118077"", ""PersonKey"": ""1731452"", ""Points"": ""480"", ""SortKey"": ""1040035489.00"", ""Swim Date"": ""03/13/2022"", ""Swim Time"": ""5:54.89"", ""SwimEventKey"": ""4"", ""Team"": ""California Capital Aquatics"", ""Time Standard"": ""2020-2024 A"", ""UsasSwimTimeKey"": ""128304469""}"
gmo,500 FR SCY,SCY,6:01.28,361.28,2022-01-15,2022 PC TIGR C/B/BB+,12,437,California Capital Aquatics,SN,2020-2024 A,,1731452,4,135536,1040036128.00,105162075,gmo-result,"{""Age"": ""12"", ""Event"": ""500 FR SCY"", ""LSC"": ""SN"", ""Meet"": ""2022 PC TIGR C/B/BB+"", ""MeetKey"": ""135536"", ""PersonKey"": ""1731452"", ""Points"": ""437"", ""SortKey"": ""1040036128.00"", ""Swim Date"": ""01/15/2022"", ""Swim Time"": ""6:01.28"", ""SwimEventKey"": ""4"", ""Team"": ""California Capital Aquatics"", ""Time Standard"": ""2020-2024 A"", ""UsasSwimTimeKey"": ""105162075""}"
gmo,500 FR SCY,SCY,6:01.72,361.72,2021-06-27,2021 SN JOs or Bust Last Chance Qualifying Meet,12,434,California Capital Aquatics,SN,2020-2024 A,,1731452,4,13715,1040036172.00,129050342,gmo-result,"{""Age"": ""12"", ""Event"": ""500 FR SCY"", ""LSC"": ""SN"", ""Meet"": ""2021 SN JOs or Bust Last Chance Qualifying Meet"", ""MeetKey"": ""13715"", ""PersonKey"": ""1731452"", ""Points"": ""434"", ""SortKey"": ""1040036172.00"", ""Swim Date"": ""06/27/2021"", ""Swim Time"": ""6:01.72"", ""SwimEventKey"": ""4"", ""Team"": ""California Capital Aquatics"", ""Time Standard"": ""2020-2024 A"", ""UsasSwimTimeKey"": ""129050342""}"
gmo,500 FR SCY,SCY,6:06.47,366.47,2021-04-24,2021 SN Distance Dual,11,507,California Capital Aquatics,SN,2020-2024 A,,1731452,4,122780,1040036647.00,133387433,gmo-result,"{""Age"": ""11"", ""Event"": ""500 FR SCY"", ""LSC"": ""SN"", ""Meet"": ""2021 SN Distance Dual"", ""MeetKey"": ""122780"", ""PersonKey"": ""1731452"", ""Points"": ""507"", ""SortKey"": ""1040036647.00"", ""Swim Date"": ""04/24/2021"", ""Swim Time"": ""6:06.47"", ""SwimEventKey"": ""4"", ""Team"": ""California Capital Aquatics"", ""Time Standard"": ""2020-2024 A"", ""UsasSwimTimeKey"": ""133387433""}"
gmo,500 FR SCY,SCY,6:13.92,373.92,2021-02-21,2021 SN CCA Feb 2021 NSS and CCA,11,458,California Capital Aquatics,SN,2020-2024 BB,,1731452,4,98333,1040037392.00,26369250,gmo-result,"{""Age"": ""11"", ""Event"": ""500 FR SCY"", ""LSC"": ""SN"", ""Meet"": ""2021 SN CCA Feb 2021 NSS and CCA"", ""MeetKey"": ""98333"", ""PersonKey"": ""1731452"", ""Points"": ""458"", ""SortKey"": ""1040037392.00"", ""Swim Date"": ""02/21/2021"", ""Swim Time"": ""6:13.92"", ""SwimEventKey"": ""4"", ""Team"": ""California Capital Aquatics"", ""Time Standard"": ""2020-2024 BB"", ""UsasSwimTimeKey"": ""26369250""}"
gmo,500 FR SCY,SCY,6:17.97,377.97,2021-02-06,2021 SN CCA Feb Time Trial,11,432,California Capital Aquatics,SN,2020-2024 BB,,1731452,4,138609,1040037797.00,68520630,gmo-result,"{""Age"": ""11"", ""Event"": ""500 FR SCY"", ""LSC"": ""SN"", ""Meet"": ""2021 SN CCA Feb Time Trial"", ""MeetKey"": ""138609"", ""PersonKey"": ""1731452"", ""Points"": ""432"", ""SortKey"": ""1040037797.00"", ""Swim Date"": ""02/06/2021"", ""Swim Time"": ""6:17.97"", ""SwimEventKey"": ""4"", ""Team"": ""California Capital Aquatics"", ""Time Standard"": ""2020-2024 BB"", ""UsasSwimTimeKey"": ""68520630""}"
gmo,500 FR SCY,SCY,6:29.54,389.54,2020-11-21,2020 SN CCA Nov Time Trial,11,363,California Capital Aquatics,SN,2020-2024 BB,,1731452,4,25020,1040038954.00,68098350,gmo-result,"{""Age"": ""11"", ""Event"": ""500 FR SCY"", ""LSC"": ""SN"", ""Meet"": ""2020 SN CCA Nov Time Trial"", ""MeetKey"": ""25020"", ""PersonKey"": ""1731452"", ""Points"": ""363"", ""SortKey"": ""1040038954.00"", ""Swim Date"": ""11/21/2020"", ""Swim Time"": ""6:29.54"", ""SwimEventKey"": ""4"", ""Team"": ""California Capital Aquatics"", ""Time Standard"": ""2020-2024 BB"", ""UsasSwimTimeKey"": ""68098350""}"
gmo,500 FR SCY,SCY,6:38.12,398.12,2019-12-15,2019 PC SOLO C/B/A+,10,492,San Francisco Serpents,PC,2016-2020 A,,1731452,4,6348,1040039812.00,91188241,gmo-result,"{""Age"": ""10"", ""Event"": ""500 FR SCY"", ""LSC"": ""PC"", ""Meet"": ""2019 PC SOLO C/B/A+"", ""MeetKey"": ""6348"", ""PersonKey"": ""1731452"", ""Points"": ""492"", ""SortKey"": ""1040039812.00"", ""Swim Date"": ""12/15/2019"", ""Swim Time"": ""6:38.12"", ""SwimEventKey"": ""4"", ""Team"": ""San Francisco Serpents"", ""Time Standard"": ""2016-2020 A"", ""UsasSwimTimeKey"": ""91188241""}"
gmo,500 FR SCY,SCY,6:55.36,415.36,2020-02-22,2020 PC NVST C/B/A+,10,399,San Francisco Serpents,PC,2016-2020 BB,,1731452,4,5416,1040041536.00,7035754,gmo-result,"{""Age"": ""10"", ""Event"": ""500 FR SCY"", ""LSC"": ""PC"", ""Meet"": ""2020 PC NVST C/B/A+"", ""MeetKey"": ""5416"", ""PersonKey"": ""1731452"", ""Points"": ""399"", ""SortKey"": ""1040041536.00"", ""Swim Date"": ""02/22/2020"", ""Swim Time"": ""6:55.36"", ""SwimEventKey"": ""4"", ""Team"": ""San Francisco Serpents"", ""Time Standard"": ""2016-2020 BB"", ""UsasSwimTimeKey"": ""7035754""}"
gmo,1000 FR SCY,SCY,11:15.17,675.17,2023-02-03,2023 SN Senior Swimming Winter Championships,13,607,California Capital Aquatics,SN,2020-2024 AA,,1731452,5,164465,1050067517.00,108299628,gmo-result,"{""Age"": ""13"", ""Event"": ""1000 FR SCY"", ""LSC"": ""SN"", ""Meet"": ""2023 SN Senior Swimming Winter Championships"", ""MeetKey"": ""164465"", ""PersonKey"": ""1731452"", ""Points"": ""607"", ""SortKey"": ""1050067517.00"", ""Swim Date"": ""02/03/2023"", ""Swim Time"": ""11:15.17"", ""SwimEventKey"": ""5"", ""Team"": ""California Capital Aquatics"", ""Time Standard"": ""2020-2024 AA"", ""UsasSwimTimeKey"": ""108299628""}"
gmo,1000 FR SCY,SCY,11:23.71,683.71,2025-05-10,2025 SN Post High School Shave Meet,15,522,California Capital Aquatics,SN,AA,,1731452,5,269662,1050068371.00,177380090,gmo-result,"{""Age"": ""15"", ""Event"": ""1000 FR SCY"", ""LSC"": ""SN"", ""Meet"": ""2025 SN Post High School Shave Meet"", ""MeetKey"": ""269662"", ""PersonKey"": ""1731452"", ""Points"": ""522"", ""SortKey"": ""1050068371.00"", ""Swim Date"": ""05/10/2025"", ""Swim Time"": ""11:23.71"", ""SwimEventKey"": ""5"", ""Team"": ""California Capital Aquatics"", ""Time Standard"": ""AA"", ""UsasSwimTimeKey"": ""177380090""}"
gmo,1000 FR SCY,SCY,11:26.77,686.77,2023-03-10,2023 SN Sierra Nevada Swimming 14 & Under Short Course Championships,13,562,California Capital Aquatics,SN,2020-2024 AA,,1731452,5,165596,1050068677.00,85942838,gmo-result,"{""Age"": ""13"", ""Event"": ""1000 FR SCY"", ""LSC"": ""SN"", ""Meet"": ""2023 SN Sierra Nevada Swimming 14 & Under Short Course Championships"", ""MeetKey"": ""165596"", ""PersonKey"": ""1731452"", ""Points"": ""562"", ""SortKey"": ""1050068677.00"", ""Swim Date"": ""03/10/2023"", ""Swim Time"": ""11:26.77"", ""SwimEventKey"": ""5"", ""Team"": ""California Capital Aquatics"", ""Time Standard"": ""2020-2024 AA"", ""UsasSwimTimeKey"": ""85942838""}"
gmo,1000 FR SCY,SCY,11:35.65,695.65,2026-01-15,2026 PN VAST 49th Annual Washington Open,16,451,California Capital Aquatics,SN,A,,1731452,5,277865,1050069565.00,184302522,gmo-result,"{""Age"": ""16"", ""Event"": ""1000 FR SCY"", ""LSC"": ""SN"", ""Meet"": ""2026 PN VAST 49th Annual Washington Open"", ""MeetKey"": ""277865"", ""PersonKey"": ""1731452"", ""Points"": ""451"", ""SortKey"": ""1050069565.00"", ""Swim Date"": ""01/15/2026"", ""Swim Time"": ""11:35.65"", ""SwimEventKey"": ""5"", ""Team"": ""California Capital Aquatics"", ""Time Standard"": ""A"", ""UsasSwimTimeKey"": ""184302522""}"
gmo,1000 FR SCY,SCY,11:38.48,698.48,2024-04-18,2024 SN NSS Distance Meet,14,487,California Capital Aquatics,SN,2020-2024 A,,1731452,5,257615,1050069848.00,166061445,gmo-result,"{""Age"": ""14"", ""Event"": ""1000 FR SCY"", ""LSC"": ""SN"", ""Meet"": ""2024 SN NSS Distance Meet"", ""MeetKey"": ""257615"", ""PersonKey"": ""1731452"", ""Points"": ""487"", ""SortKey"": ""1050069848.00"", ""Swim Date"": ""04/18/2024"", ""Swim Time"": ""11:38.48"", ""SwimEventKey"": ""5"", ""Team"": ""California Capital Aquatics"", ""Time Standard"": ""2020-2024 A"", ""UsasSwimTimeKey"": ""166061445""}"
gmo,1000 FR SCY,SCY,11:38.75,698.75,2022-10-22,SN Sac Regional Open,13,517,California Capital Aquatics,SN,2020-2024 A,,1731452,5,160496,1050069875.00,18673547,gmo-result,"{""Age"": ""13"", ""Event"": ""1000 FR SCY"", ""LSC"": ""SN"", ""Meet"": ""SN Sac Regional Open"", ""MeetKey"": ""160496"", ""PersonKey"": ""1731452"", ""Points"": ""517"", ""SortKey"": ""1050069875.00"", ""Swim Date"": ""10/22/2022"", ""Swim Time"": ""11:38.75"", ""SwimEventKey"": ""5"", ""Team"": ""California Capital Aquatics"", ""Time Standard"": ""2020-2024 A"", ""UsasSwimTimeKey"": ""18673547""}"
gmo,1000 FR SCY,SCY,11:44.84,704.84,2024-11-11,2024 SN Folsom Classic,15,445,California Capital Aquatics,SN,A,,1731452,5,262124,1050070484.00,171096029,gmo-result,"{""Age"": ""15"", ""Event"": ""1000 FR SCY"", ""LSC"": ""SN"", ""Meet"": ""2024 SN Folsom Classic"", ""MeetKey"": ""262124"", ""PersonKey"": ""1731452"", ""Points"": ""445"", ""SortKey"": ""1050070484.00"", ""Swim Date"": ""11/11/2024"", ""Swim Time"": ""11:44.84"", ""SwimEventKey"": ""5"", ""Team"": ""California Capital Aquatics"", ""Time Standard"": ""A"", ""UsasSwimTimeKey"": ""171096029""}"
gmo,1000 FR SCY,SCY,11:48.02,708.02,2024-12-05,2024 GU Southern Senior Championship - TWST,15,434,California Capital Aquatics,SN,A,,1731452,5,264566,1050070802.00,172152140,gmo-result,"{""Age"": ""15"", ""Event"": ""1000 FR SCY"", ""LSC"": ""SN"", ""Meet"": ""2024 GU Southern Senior Championship - TWST"", ""MeetKey"": ""264566"", ""PersonKey"": ""1731452"", ""Points"": ""434"", ""SortKey"": ""1050070802.00"", ""Swim Date"": ""12/05/2024"", ""Swim Time"": ""11:48.02"", ""SwimEventKey"": ""5"", ""Team"": ""California Capital Aquatics"", ""Time Standard"": ""A"", ""UsasSwimTimeKey"": ""172152140""}"
gmo,1000 FR SCY,SCY,11:49.36,709.36,2024-02-02,2024 SN Senior Winter Championships,14,448,California Capital Aquatics,SN,2020-2024 A,,1731452,5,255612,1050070936.00,163481756,gmo-result,"{""Age"": ""14"", ""Event"": ""1000 FR SCY"", ""LSC"": ""SN"", ""Meet"": ""2024 SN Senior Winter Championships"", ""MeetKey"": ""255612"", ""PersonKey"": ""1731452"", ""Points"": ""448"", ""SortKey"": ""1050070936.00"", ""Swim Date"": ""02/02/2024"", ""Swim Time"": ""11:49.36"", ""SwimEventKey"": ""5"", ""Team"": ""California Capital Aquatics"", ""Time Standard"": ""2020-2024 A"", ""UsasSwimTimeKey"": ""163481756""}"
gmo,1000 FR SCY,SCY,11:54.49,714.49,2023-11-30,2023 GU Southern Senior Championship Invitational,14,430,California Capital Aquatics,SN,2020-2024 A,,1731452,5,253317,1050071449.00,161252606,gmo-result,"{""Age"": ""14"", ""Event"": ""1000 FR SCY"", ""LSC"": ""SN"", ""Meet"": ""2023 GU Southern Senior Championship Invitational"", ""MeetKey"": ""253317"", ""PersonKey"": ""1731452"", ""Points"": ""430"", ""SortKey"": ""1050071449.00"", ""Swim Date"": ""11/30/2023"", ""Swim Time"": ""11:54.49"", ""SwimEventKey"": ""5"", ""Team"": ""California Capital Aquatics"", ""Time Standard"": ""2020-2024 A"", ""UsasSwimTimeKey"": ""161252606""}"
gmo,1000 FR SCY,SCY,11:59.29,719.29,2022-03-27,2022 CC Southwestern Age Group Regional,12,582,California Capital Aquatics,SN,2020-2024 AA,,1731452,5,106743,1050071929.00,9009462,gmo-result,"{""Age"": ""12"", ""Event"": ""1000 FR SCY"", ""LSC"": ""SN"", ""Meet"": ""2022 CC Southwestern Age Group Regional"", ""MeetKey"": ""106743"", ""PersonKey"": ""1731452"", ""Points"": ""582"", ""SortKey"": ""1050071929.00"", ""Swim Date"": ""03/27/2022"", ""Swim Time"": ""11:59.29"", ""SwimEventKey"": ""5"", ""Team"": ""California Capital Aquatics"", ""Time Standard"": ""2020-2024 AA"", ""UsasSwimTimeKey"": ""9009462""}"
gmo,1000 FR SCY,SCY,11:59.46,719.46,2023-04-20,2023 SN NSS Distance Meet,13,444,California Capital Aquatics,SN,2020-2024 A,,1731452,5,166078,1050071946.00,154753960,gmo-result,"{""Age"": ""13"", ""Event"": ""1000 FR SCY"", ""LSC"": ""SN"", ""Meet"": ""2023 SN NSS Distance Meet"", ""MeetKey"": ""166078"", ""PersonKey"": ""1731452"", ""Points"": ""444"", ""SortKey"": ""1050071946.00"", ""Swim Date"": ""04/20/2023"", ""Swim Time"": ""11:59.46"", ""SwimEventKey"": ""5"", ""Team"": ""California Capital Aquatics"", ""Time Standard"": ""2020-2024 A"", ""UsasSwimTimeKey"": ""154753960""}"
gmo,1000 FR SCY,SCY,12:00.53,720.53,2024-03-08,2024 SN Sierra Nevada Swimming 14 & Under Short Course Championships,14,410,Unattached,SN,2020-2024 A,,1731452,5,256761,1050072053.00,165209932,gmo-result,"{""Age"": ""14"", ""Event"": ""1000 FR SCY"", ""LSC"": ""SN"", ""Meet"": ""2024 SN Sierra Nevada Swimming 14 & Under Short Course Championships"", ""MeetKey"": ""256761"", ""PersonKey"": ""1731452"", ""Points"": ""410"", ""SortKey"": ""1050072053.00"", ""Swim Date"": ""03/08/2024"", ""Swim Time"": ""12:00.53"", ""SwimEventKey"": ""5"", ""Team"": ""Unattached"", ""Time Standard"": ""2020-2024 A"", ""UsasSwimTimeKey"": ""165209932""}"
gmo,1000 FR SCY,SCY,12:06.28,726.28,2022-04-21,2022 SN NSS Distance Meet,12,559,California Capital Aquatics,SN,2020-2024 AA,,1731452,5,41662,1050072628.00,96744188,gmo-result,"{""Age"": ""12"", ""Event"": ""1000 FR SCY"", ""LSC"": ""SN"", ""Meet"": ""2022 SN NSS Distance Meet"", ""MeetKey"": ""41662"", ""PersonKey"": ""1731452"", ""Points"": ""559"", ""SortKey"": ""1050072628.00"", ""Swim Date"": ""04/21/2022"", ""Swim Time"": ""12:06.28"", ""SwimEventKey"": ""5"", ""Team"": ""California Capital Aquatics"", ""Time Standard"": ""2020-2024 AA"", ""UsasSwimTimeKey"": ""96744188""}"
gmo,1000 FR SCY,SCY,12:07.62,727.62,2023-03-25,2023 SN Southwestern Age Group Regional Championship,13,416,California Capital Aquatics,SN,2020-2024 BB,,1731452,5,163728,1050072762.00,142587151,gmo-result,"{""Age"": ""13"", ""Event"": ""1000 FR SCY"", ""LSC"": ""SN"", ""Meet"": ""2023 SN Southwestern Age Group Regional Championship"", ""MeetKey"": ""163728"", ""PersonKey"": ""1731452"", ""Points"": ""416"", ""SortKey"": ""1050072762.00"", ""Swim Date"": ""03/25/2023"", ""Swim Time"": ""12:07.62"", ""SwimEventKey"": ""5"", ""Team"": ""California Capital Aquatics"", ""Time Standard"": ""2020-2024 BB"", ""UsasSwimTimeKey"": ""142587151""}"
gmo,1000 FR SCY,SCY,12:10.03,730.03,2022-09-16,SN NSS Fall Plunge Meet,13,408,California Capital Aquatics,SN,2020-2024 BB,,1731452,5,156986,1050073003.00,61387669,gmo-result,"{""Age"": ""13"", ""Event"": ""1000 FR SCY"", ""LSC"": ""SN"", ""Meet"": ""SN NSS Fall Plunge Meet"", ""MeetKey"": ""156986"", ""PersonKey"": ""1731452"", ""Points"": ""408"", ""SortKey"": ""1050073003.00"", ""Swim Date"": ""09/16/2022"", ""Swim Time"": ""12:10.03"", ""SwimEventKey"": ""5"", ""Team"": ""California Capital Aquatics"", ""Time Standard"": ""2020-2024 BB"", ""UsasSwimTimeKey"": ""61387669""}"
gmo,1650 FR SCY,SCY,18:55.36,1135.36,2023-03-11,2023 SN Sierra Nevada Swimming 14 & Under Short Course Championships,13,602,California Capital Aquatics,SN,2020-2024 AA,,1731452,6,165596,1060113536.00,94866001,gmo-result,"{""Age"": ""13"", ""Event"": ""1650 FR SCY"", ""LSC"": ""SN"", ""Meet"": ""2023 SN Sierra Nevada Swimming 14 & Under Short Course Championships"", ""MeetKey"": ""165596"", ""PersonKey"": ""1731452"", ""Points"": ""602"", ""SortKey"": ""1060113536.00"", ""Swim Date"": ""03/11/2023"", ""Swim Time"": ""18:55.36"", ""SwimEventKey"": ""6"", ""Team"": ""California Capital Aquatics"", ""Time Standard"": ""2020-2024 AA"", ""UsasSwimTimeKey"": ""94866001""}"
gmo,1650 FR SCY,SCY,19:22.48,1162.48,2022-10-07,SN CCA SPOOK-TACULAR,13,541,California Capital Aquatics,SN,2020-2024 A,,1731452,6,159698,1060116248.00,142616777,gmo-result,"{""Age"": ""13"", ""Event"": ""1650 FR SCY"", ""LSC"": ""SN"", ""Meet"": ""SN CCA SPOOK-TACULAR"", ""MeetKey"": ""159698"", ""PersonKey"": ""1731452"", ""Points"": ""541"", ""SortKey"": ""1060116248.00"", ""Swim Date"": ""10/07/2022"", ""Swim Time"": ""19:22.48"", ""SwimEventKey"": ""6"", ""Team"": ""California Capital Aquatics"", ""Time Standard"": ""2020-2024 A"", ""UsasSwimTimeKey"": ""142616777""}"
gmo,1650 FR SCY,SCY,19:28.00,1168.00,2022-11-05,PC TERA Short Course Senior 2 T/F,13,529,California Capital Aquatics,SN,2020-2024 A,,1731452,6,158739,1060116800.00,101243729,gmo-result,"{""Age"": ""13"", ""Event"": ""1650 FR SCY"", ""LSC"": ""SN"", ""Meet"": ""PC TERA Short Course Senior 2 T/F"", ""MeetKey"": ""158739"", ""PersonKey"": ""1731452"", ""Points"": ""529"", ""SortKey"": ""1060116800.00"", ""Swim Date"": ""11/05/2022"", ""Swim Time"": ""19:28.00"", ""SwimEventKey"": ""6"", ""Team"": ""California Capital Aquatics"", ""Time Standard"": ""2020-2024 A"", ""UsasSwimTimeKey"": ""101243729""}"
gmo,1650 FR SCY,SCY,19:41.96,1181.96,2022-03-24,2022 CC Southwestern Age Group Regional,12,630,California Capital Aquatics,SN,2020-2024 AA,,1731452,6,106743,1060118196.00,110575082,gmo-result,"{""Age"": ""12"", ""Event"": ""1650 FR SCY"", ""LSC"": ""SN"", ""Meet"": ""2022 CC Southwestern Age Group Regional"", ""MeetKey"": ""106743"", ""PersonKey"": ""1731452"", ""Points"": ""630"", ""SortKey"": ""1060118196.00"", ""Swim Date"": ""03/24/2022"", ""Swim Time"": ""19:41.96"", ""SwimEventKey"": ""6"", ""Team"": ""California Capital Aquatics"", ""Time Standard"": ""2020-2024 AA"", ""UsasSwimTimeKey"": ""110575082""}"
gmo,1650 FR SCY,SCY,19:44.03,1184.03,2024-12-08,2024 GU Southern Senior Championship - TWST,15,432,California Capital Aquatics,SN,A,,1731452,6,264566,1060118403.00,172096027,gmo-result,"{""Age"": ""15"", ""Event"": ""1650 FR SCY"", ""LSC"": ""SN"", ""Meet"": ""2024 GU Southern Senior Championship - TWST"", ""MeetKey"": ""264566"", ""PersonKey"": ""1731452"", ""Points"": ""432"", ""SortKey"": ""1060118403.00"", ""Swim Date"": ""12/08/2024"", ""Swim Time"": ""19:44.03"", ""SwimEventKey"": ""6"", ""Team"": ""California Capital Aquatics"", ""Time Standard"": ""A"", ""UsasSwimTimeKey"": ""172096027""}"
gmo,1650 FR SCY,SCY,19:45.58,1185.58,2023-03-23,2023 SN Southwestern Age Group Regional Championship,13,492,California Capital Aquatics,SN,2020-2024 A,,1731452,6,163728,1060118558.00,88727836,gmo-result,"{""Age"": ""13"", ""Event"": ""1650 FR SCY"", ""LSC"": ""SN"", ""Meet"": ""2023 SN Southwestern Age Group Regional Championship"", ""MeetKey"": ""163728"", ""PersonKey"": ""1731452"", ""Points"": ""492"", ""SortKey"": ""1060118558.00"", ""Swim Date"": ""03/23/2023"", ""Swim Time"": ""19:45.58"", ""SwimEventKey"": ""6"", ""Team"": ""California Capital Aquatics"", ""Time Standard"": ""2020-2024 A"", ""UsasSwimTimeKey"": ""88727836""}"
gmo,1650 FR SCY,SCY,19:47.02,1187.02,2023-12-03,2023 GU Southern Senior Championship Invitational,14,449,California Capital Aquatics,SN,2020-2024 A,,1731452,6,253317,1060118702.00,161252182,gmo-result,"{""Age"": ""14"", ""Event"": ""1650 FR SCY"", ""LSC"": ""SN"", ""Meet"": ""2023 GU Southern Senior Championship Invitational"", ""MeetKey"": ""253317"", ""PersonKey"": ""1731452"", ""Points"": ""449"", ""SortKey"": ""1060118702.00"", ""Swim Date"": ""12/03/2023"", ""Swim Time"": ""19:47.02"", ""SwimEventKey"": ""6"", ""Team"": ""California Capital Aquatics"", ""Time Standard"": ""2020-2024 A"", ""UsasSwimTimeKey"": ""161252182""}"
gmo,1650 FR SCY,SCY,19:51.37,1191.37,2023-10-06,2023 SN CCA SPOOK-TACULAR AGO Swim Meet,14,441,California Capital Aquatics,SN,2020-2024 A,,1731452,6,251804,1060119137.00,158904064,gmo-result,"{""Age"": ""14"", ""Event"": ""1650 FR SCY"", ""LSC"": ""SN"", ""Meet"": ""2023 SN CCA SPOOK-TACULAR AGO Swim Meet"", ""MeetKey"": ""251804"", ""PersonKey"": ""1731452"", ""Points"": ""441"", ""SortKey"": ""1060119137.00"", ""Swim Date"": ""10/06/2023"", ""Swim Time"": ""19:51.37"", ""SwimEventKey"": ""6"", ""Team"": ""California Capital Aquatics"", ""Time Standard"": ""2020-2024 A"", ""UsasSwimTimeKey"": ""158904064""}"
gmo,1650 FR SCY,SCY,20:03.92,1203.92,2023-11-12,2023 SN Folsom Senior Classic,14,415,California Capital Aquatics,SN,2020-2024 BB,,1731452,6,253160,1060120392.00,160109269,gmo-result,"{""Age"": ""14"", ""Event"": ""1650 FR SCY"", ""LSC"": ""SN"", ""Meet"": ""2023 SN Folsom Senior Classic"", ""MeetKey"": ""253160"", ""PersonKey"": ""1731452"", ""Points"": ""415"", ""SortKey"": ""1060120392.00"", ""Swim Date"": ""11/12/2023"", ""Swim Time"": ""20:03.92"", ""SwimEventKey"": ""6"", ""Team"": ""California Capital Aquatics"", ""Time Standard"": ""2020-2024 BB"", ""UsasSwimTimeKey"": ""160109269""}"
gmo,1650 FR SCY,SCY,20:14.60,1214.60,2024-03-09,2024 SN Sierra Nevada Swimming 14 & Under Short Course Championships,14,394,Unattached,SN,2020-2024 BB,,1731452,6,256761,1060121460.00,165208643,gmo-result,"{""Age"": ""14"", ""Event"": ""1650 FR SCY"", ""LSC"": ""SN"", ""Meet"": ""2024 SN Sierra Nevada Swimming 14 & Under Short Course Championships"", ""MeetKey"": ""256761"", ""PersonKey"": ""1731452"", ""Points"": ""394"", ""SortKey"": ""1060121460.00"", ""Swim Date"": ""03/09/2024"", ""Swim Time"": ""20:14.60"", ""SwimEventKey"": ""6"", ""Team"": ""Unattached"", ""Time Standard"": ""2020-2024 BB"", ""UsasSwimTimeKey"": ""165208643""}"
gmo,1650 FR SCY,SCY,20:25.15,1225.15,2022-03-12,2022 SN 14&U Short Course Championships,12,545,California Capital Aquatics,SN,2020-2024 AA,,1731452,6,118077,1060122515.00,99674306,gmo-result,"{""Age"": ""12"", ""Event"": ""1650 FR SCY"", ""LSC"": ""SN"", ""Meet"": ""2022 SN 14&U Short Course Championships"", ""MeetKey"": ""118077"", ""PersonKey"": ""1731452"", ""Points"": ""545"", ""SortKey"": ""1060122515.00"", ""Swim Date"": ""03/12/2022"", ""Swim Time"": ""20:25.15"", ""SwimEventKey"": ""6"", ""Team"": ""California Capital Aquatics"", ""Time Standard"": ""2020-2024 AA"", ""UsasSwimTimeKey"": ""99674306""}"
gmo,1650 FR SCY,SCY,20:54.30,1254.30,2026-01-18,2026 PN VAST 49th Annual Washington Open,16,290,California Capital Aquatics,SN,BB,,1731452,6,277865,1060125430.00,184307341,gmo-result,"{""Age"": ""16"", ""Event"": ""1650 FR SCY"", ""LSC"": ""SN"", ""Meet"": ""2026 PN VAST 49th Annual Washington Open"", ""MeetKey"": ""277865"", ""PersonKey"": ""1731452"", ""Points"": ""290"", ""SortKey"": ""1060125430.00"", ""Swim Date"": ""01/18/2026"", ""Swim Time"": ""20:54.30"", ""SwimEventKey"": ""6"", ""Team"": ""California Capital Aquatics"", ""Time Standard"": ""BB"", ""UsasSwimTimeKey"": ""184307341""}"
gmo,1650 FR SCY,SCY,21:07.71,1267.71,2021-10-08,2021 SN CCA Spook-Tacular,12,466,California Capital Aquatics,SN,2020-2024 A,,1731452,6,85114,1060126771.00,30178931,gmo-result,"{""Age"": ""12"", ""Event"": ""1650 FR SCY"", ""LSC"": ""SN"", ""Meet"": ""2021 SN CCA Spook-Tacular"", ""MeetKey"": ""85114"", ""PersonKey"": ""1731452"", ""Points"": ""466"", ""SortKey"": ""1060126771.00"", ""Swim Date"": ""10/08/2021"", ""Swim Time"": ""21:07.71"", ""SwimEventKey"": ""6"", ""Team"": ""California Capital Aquatics"", ""Time Standard"": ""2020-2024 A"", ""UsasSwimTimeKey"": ""30178931""}"
gmo,50 BK SCY,SCY,36.42,36.42,2021-03-20,2021 SN MARCH NSS and CCA,11,359,California Capital Aquatics,SN,2020-2024 B,,1731452,11,91624,1110003642.00,52581228,gmo-result,"{""Age"": ""11"", ""Event"": ""50 BK SCY"", ""LSC"": ""SN"", ""Meet"": ""2021 SN MARCH NSS and CCA"", ""MeetKey"": ""91624"", ""PersonKey"": ""1731452"", ""Points"": ""359"", ""SortKey"": ""1110003642.00"", ""Swim Date"": ""03/20/2021"", ""Swim Time"": ""36.42"", ""SwimEventKey"": ""11"", ""Team"": ""California Capital Aquatics"", ""Time Standard"": ""2020-2024 B"", ""UsasSwimTimeKey"": ""52581228""}"
gmo,50 BK SCY,SCY,36.51,36.51,2021-12-19,2021 SN Dart Winter Invite SCY,12,265,California Capital Aquatics,SN,2020-2024 B,,1731452,11,144592,1110003651.00,28500667,gmo-result,"{""Age"": ""12"", ""Event"": ""50 BK SCY"", ""LSC"": ""SN"", ""Meet"": ""2021 SN Dart Winter Invite SCY"", ""MeetKey"": ""144592"", ""PersonKey"": ""1731452"", ""Points"": ""265"", ""SortKey"": ""1110003651.00"", ""Swim Date"": ""12/19/2021"", ""Swim Time"": ""36.51"", ""SwimEventKey"": ""11"", ""Team"": ""California Capital Aquatics"", ""Time Standard"": ""2020-2024 B"", ""UsasSwimTimeKey"": ""28500667""}"
gmo,50 BK SCY,SCY,36.95,36.95,2021-06-26,2021 SN JOs or Bust Last Chance Qualifying Meet,12,242,California Capital Aquatics,SN,2020-2024 B,,1731452,11,13715,1110003695.00,43009620,gmo-result,"{""Age"": ""12"", ""Event"": ""50 BK SCY"", ""LSC"": ""SN"", ""Meet"": ""2021 SN JOs or Bust Last Chance Qualifying Meet"", ""MeetKey"": ""13715"", ""PersonKey"": ""1731452"", ""Points"": ""242"", ""SortKey"": ""1110003695.00"", ""Swim Date"": ""06/26/2021"", ""Swim Time"": ""36.95"", ""SwimEventKey"": ""11"", ""Team"": ""California Capital Aquatics"", ""Time Standard"": ""2020-2024 B"", ""UsasSwimTimeKey"": ""43009620""}"
gmo,50 BK SCY,SCY,38.08,38.08,2020-02-22,2020 PC NVST C/B/A+,10,408,San Francisco Serpents,PC,2016-2020 BB,,1731452,11,5416,1110003808.00,119050873,gmo-result,"{""Age"": ""10"", ""Event"": ""50 BK SCY"", ""LSC"": ""PC"", ""Meet"": ""2020 PC NVST C/B/A+"", ""MeetKey"": ""5416"", ""PersonKey"": ""1731452"", ""Points"": ""408"", ""SortKey"": ""1110003808.00"", ""Swim Date"": ""02/22/2020"", ""Swim Time"": ""38.08"", ""SwimEventKey"": ""11"", ""Team"": ""San Francisco Serpents"", ""Time Standard"": ""2016-2020 BB"", ""UsasSwimTimeKey"": ""119050873""}"
gmo,50 BK SCY,SCY,39.95,39.95,2019-09-15,2019 PC SSF C/B/A+,10,314,San Francisco Serpents,PC,2016-2020 BB,,1731452,11,153795,1110003995.00,39502003,gmo-result,"{""Age"": ""10"", ""Event"": ""50 BK SCY"", ""LSC"": ""PC"", ""Meet"": ""2019 PC SSF C/B/A+"", ""MeetKey"": ""153795"", ""PersonKey"": ""1731452"", ""Points"": ""314"", ""SortKey"": ""1110003995.00"", ""Swim Date"": ""09/15/2019"", ""Swim Time"": ""39.95"", ""SwimEventKey"": ""11"", ""Team"": ""San Francisco Serpents"", ""Time Standard"": ""2016-2020 BB"", ""UsasSwimTimeKey"": ""39502003""}"
gmo,50 BK SCY,SCY,41.24,41.24,2019-07-13,2019 PC TAHO Swimming At Altitude,10,255,San Francisco Serpents,PC,2016-2020 BB,,1731452,11,82537,1110004124.00,136048502,gmo-result,"{""Age"": ""10"", ""Event"": ""50 BK SCY"", ""LSC"": ""PC"", ""Meet"": ""2019 PC TAHO Swimming At Altitude"", ""MeetKey"": ""82537"", ""PersonKey"": ""1731452"", ""Points"": ""255"", ""SortKey"": ""1110004124.00"", ""Swim Date"": ""07/13/2019"", ""Swim Time"": ""41.24"", ""SwimEventKey"": ""11"", ""Team"": ""San Francisco Serpents"", ""Time Standard"": ""2016-2020 BB"", ""UsasSwimTimeKey"": ""136048502""}"
gmo,50 BK SCY,SCY,41.73,41.73,2019-03-31,2019 PC MAV C/B/A+,9,383,San Francisco Serpents,PC,2016-2020 BB,,1731452,11,148432,1110004173.00,149032312,gmo-result,"{""Age"": ""9"", ""Event"": ""50 BK SCY"", ""LSC"": ""PC"", ""Meet"": ""2019 PC MAV C/B/A+"", ""MeetKey"": ""148432"", ""PersonKey"": ""1731452"", ""Points"": ""383"", ""SortKey"": ""1110004173.00"", ""Swim Date"": ""03/31/2019"", ""Swim Time"": ""41.73"", ""SwimEventKey"": ""11"", ""Team"": ""San Francisco Serpents"", ""Time Standard"": ""2016-2020 BB"", ""UsasSwimTimeKey"": ""149032312""}"
gmo,50 BK SCY,SCY,41.95,41.95,2019-06-02,2019 PC MONT SCY PENTATHLON,10,224,San Francisco Serpents,PC,2016-2020 B,,1731452,11,114788,1110004195.00,58903318,gmo-result,"{""Age"": ""10"", ""Event"": ""50 BK SCY"", ""LSC"": ""PC"", ""Meet"": ""2019 PC MONT SCY PENTATHLON"", ""MeetKey"": ""114788"", ""PersonKey"": ""1731452"", ""Points"": ""224"", ""SortKey"": ""1110004195.00"", ""Swim Date"": ""06/02/2019"", ""Swim Time"": ""41.95"", ""SwimEventKey"": ""11"", ""Team"": ""San Francisco Serpents"", ""Time Standard"": ""2016-2020 B"", ""UsasSwimTimeKey"": ""58903318""}"
gmo,50 BK SCY,SCY,42.09,42.09,2019-04-20,2019 PC 10 & UN Championship,9,366,San Francisco Serpents,PC,2016-2020 B,,1731452,11,4315,1110004209.00,14217885,gmo-result,"{""Age"": ""9"", ""Event"": ""50 BK SCY"", ""LSC"": ""PC"", ""Meet"": ""2019 PC 10 & UN Championship"", ""MeetKey"": ""4315"", ""PersonKey"": ""1731452"", ""Points"": ""366"", ""SortKey"": ""1110004209.00"", ""Swim Date"": ""04/20/2019"", ""Swim Time"": ""42.09"", ""SwimEventKey"": ""11"", ""Team"": ""San Francisco Serpents"", ""Time Standard"": ""2016-2020 B"", ""UsasSwimTimeKey"": ""14217885""}"
gmo,50 BK SCY,SCY,42.41,42.41,2019-04-07,"2019 SN Hot Dog Meet, Ap",9,351,San Francisco Serpents,PC,2016-2020 B,,1731452,11,71008,1110004241.00,151739229,gmo-result,"{""Age"": ""9"", ""Event"": ""50 BK SCY"", ""LSC"": ""PC"", ""Meet"": ""2019 SN Hot Dog Meet, Ap"", ""MeetKey"": ""71008"", ""PersonKey"": ""1731452"", ""Points"": ""351"", ""SortKey"": ""1110004241.00"", ""Swim Date"": ""04/07/2019"", ""Swim Time"": ""42.41"", ""SwimEventKey"": ""11"", ""Team"": ""San Francisco Serpents"", ""Time Standard"": ""2016-2020 B"", ""UsasSwimTimeKey"": ""151739229""}"
gmo,100 BK SCY,SCY,1:09.09,69.09,2023-02-05,2023 SN Senior Swimming Winter Championships,13,432,California Capital Aquatics,SN,2020-2024 BB,,1731452,12,164465,1120006909.00,8934430,gmo-result,"{""Age"": ""13"", ""Event"": ""100 BK SCY"", ""LSC"": ""SN"", ""Meet"": ""2023 SN Senior Swimming Winter Championships"", ""MeetKey"": ""164465"", ""PersonKey"": ""1731452"", ""Points"": ""432"", ""SortKey"": ""1120006909.00"", ""Swim Date"": ""02/05/2023"", ""Swim Time"": ""1:09.09"", ""SwimEventKey"": ""12"", ""Team"": ""California Capital Aquatics"", ""Time Standard"": ""2020-2024 BB"", ""UsasSwimTimeKey"": ""8934430""}"
gmo,100 BK SCY,SCY,1:09.10,69.10,2025-05-10,2025 SN Post High School Shave Meet,15,352,California Capital Aquatics,SN,BB,,1731452,12,269662,1120006910.00,177380942,gmo-result,"{""Age"": ""15"", ""Event"": ""100 BK SCY"", ""LSC"": ""SN"", ""Meet"": ""2025 SN Post High School Shave Meet"", ""MeetKey"": ""269662"", ""PersonKey"": ""1731452"", ""Points"": ""352"", ""SortKey"": ""1120006910.00"", ""Swim Date"": ""05/10/2025"", ""Swim Time"": ""1:09.10"", ""SwimEventKey"": ""12"", ""Team"": ""California Capital Aquatics"", ""Time Standard"": ""BB"", ""UsasSwimTimeKey"": ""177380942""}"
gmo,100 BK SCY,SCY,1:09.87,69.87,2022-11-19,SN Cranberry Classic,13,406,California Capital Aquatics,SN,2020-2024 BB,,1731452,12,160491,1120006987.00,9537279,gmo-result,"{""Age"": ""13"", ""Event"": ""100 BK SCY"", ""LSC"": ""SN"", ""Meet"": ""SN Cranberry Classic"", ""MeetKey"": ""160491"", ""PersonKey"": ""1731452"", ""Points"": ""406"", ""SortKey"": ""1120006987.00"", ""Swim Date"": ""11/19/2022"", ""Swim Time"": ""1:09.87"", ""SwimEventKey"": ""12"", ""Team"": ""California Capital Aquatics"", ""Time Standard"": ""2020-2024 BB"", ""UsasSwimTimeKey"": ""9537279""}"
gmo,100 BK SCY,SCY,1:09.89,69.89,2025-04-25,2025 SN CAPITAL VALLEY CONFERENCE,15,327,Unattached,SN,B,,1731452,12,270737,1120006989.00,177336862,gmo-result,"{""Age"": ""15"", ""Event"": ""100 BK SCY"", ""LSC"": ""SN"", ""Meet"": ""2025 SN CAPITAL VALLEY CONFERENCE"", ""MeetKey"": ""270737"", ""PersonKey"": ""1731452"", ""Points"": ""327"", ""SortKey"": ""1120006989.00"", ""Swim Date"": ""04/25/2025"", ""Swim Time"": ""1:09.89"", ""SwimEventKey"": ""12"", ""Team"": ""Unattached"", ""Time Standard"": ""B"", ""UsasSwimTimeKey"": ""177336862""}"
gmo,100 BK SCY,SCY,1:10.41,70.41,2023-03-10,2023 SN Sierra Nevada Swimming 14 & Under Short Course Championships,13,388,California Capital Aquatics,SN,2020-2024 BB,,1731452,12,165596,1120007041.00,150183645,gmo-result,"{""Age"": ""13"", ""Event"": ""100 BK SCY"", ""LSC"": ""SN"", ""Meet"": ""2023 SN Sierra Nevada Swimming 14 & Under Short Course Championships"", ""MeetKey"": ""165596"", ""PersonKey"": ""1731452"", ""Points"": ""388"", ""SortKey"": ""1120007041.00"", ""Swim Date"": ""03/10/2023"", ""Swim Time"": ""1:10.41"", ""SwimEventKey"": ""12"", ""Team"": ""California Capital Aquatics"", ""Time Standard"": ""2020-2024 BB"", ""UsasSwimTimeKey"": ""150183645""}"
gmo,100 BK SCY,SCY,1:10.95,70.95,2024-07-20,2024 SN Prospectors Plunge,15,294,California Capital Aquatics,SN,2020-2024 B,,1731452,12,259719,1120007095.00,168602181,gmo-result,"{""Age"": ""15"", ""Event"": ""100 BK SCY"", ""LSC"": ""SN"", ""Meet"": ""2024 SN Prospectors Plunge"", ""MeetKey"": ""259719"", ""PersonKey"": ""1731452"", ""Points"": ""294"", ""SortKey"": ""1120007095.00"", ""Swim Date"": ""07/20/2024"", ""Swim Time"": ""1:10.95"", ""SwimEventKey"": ""12"", ""Team"": ""California Capital Aquatics"", ""Time Standard"": ""2020-2024 B"", ""UsasSwimTimeKey"": ""168602181""}"
gmo,100 BK SCY,SCY,1:11.74,71.74,2024-11-23,2024 SN NSS at CCA Dual Meet,15,270,California Capital Aquatics,SN,B,,1731452,12,265170,1120007174.00,171646712,gmo-result,"{""Age"": ""15"", ""Event"": ""100 BK SCY"", ""LSC"": ""SN"", ""Meet"": ""2024 SN NSS at CCA Dual Meet"", ""MeetKey"": ""265170"", ""PersonKey"": ""1731452"", ""Points"": ""270"", ""SortKey"": ""1120007174.00"", ""Swim Date"": ""11/23/2024"", ""Swim Time"": ""1:11.74"", ""SwimEventKey"": ""12"", ""Team"": ""California Capital Aquatics"", ""Time Standard"": ""B"", ""UsasSwimTimeKey"": ""171646712""}"
gmo,100 BK SCY,SCY,1:12.00,72.00,2022-10-08,SN CCA SPOOK-TACULAR,13,338,California Capital Aquatics,SN,2020-2024 B,,1731452,12,159698,1120007200.00,3315995,gmo-result,"{""Age"": ""13"", ""Event"": ""100 BK SCY"", ""LSC"": ""SN"", ""Meet"": ""SN CCA SPOOK-TACULAR"", ""MeetKey"": ""159698"", ""PersonKey"": ""1731452"", ""Points"": ""338"", ""SortKey"": ""1120007200.00"", ""Swim Date"": ""10/08/2022"", ""Swim Time"": ""1:12.00"", ""SwimEventKey"": ""12"", ""Team"": ""California Capital Aquatics"", ""Time Standard"": ""2020-2024 B"", ""UsasSwimTimeKey"": ""3315995""}"
gmo,100 BK SCY,SCY,1:12.57,72.57,2023-11-18,2023 SN NSS at CCA dual meet,14,269,California Capital Aquatics,SN,2020-2024 B,,1731452,12,253360,1120007257.00,160652255,gmo-result,"{""Age"": ""14"", ""Event"": ""100 BK SCY"", ""LSC"": ""SN"", ""Meet"": ""2023 SN NSS at CCA dual meet"", ""MeetKey"": ""253360"", ""PersonKey"": ""1731452"", ""Points"": ""269"", ""SortKey"": ""1120007257.00"", ""Swim Date"": ""11/18/2023"", ""Swim Time"": ""1:12.57"", ""SwimEventKey"": ""12"", ""Team"": ""California Capital Aquatics"", ""Time Standard"": ""2020-2024 B"", ""UsasSwimTimeKey"": ""160652255""}"
gmo,100 BK SCY,SCY,1:12.87,72.87,2025-04-25,2025 SN CAPITAL VALLEY CONFERENCE,15,238,Unattached,SN,B,,1731452,12,270737,1120007287.00,177336861,gmo-result,"{""Age"": ""15"", ""Event"": ""100 BK SCY"", ""LSC"": ""SN"", ""Meet"": ""2025 SN CAPITAL VALLEY CONFERENCE"", ""MeetKey"": ""270737"", ""PersonKey"": ""1731452"", ""Points"": ""238"", ""SortKey"": ""1120007287.00"", ""Swim Date"": ""04/25/2025"", ""Swim Time"": ""1:12.87"", ""SwimEventKey"": ""12"", ""Team"": ""Unattached"", ""Time Standard"": ""B"", ""UsasSwimTimeKey"": ""177336861""}"
gmo,100 BK SCY,SCY,1:12.91,72.91,2022-10-22,SN Sac Regional Open,13,310,California Capital Aquatics,SN,2020-2024 B,,1731452,12,160496,1120007291.00,4265154,gmo-result,"{""Age"": ""13"", ""Event"": ""100 BK SCY"", ""LSC"": ""SN"", ""Meet"": ""SN Sac Regional Open"", ""MeetKey"": ""160496"", ""PersonKey"": ""1731452"", ""Points"": ""310"", ""SortKey"": ""1120007291.00"", ""Swim Date"": ""10/22/2022"", ""Swim Time"": ""1:12.91"", ""SwimEventKey"": ""12"", ""Team"": ""California Capital Aquatics"", ""Time Standard"": ""2020-2024 B"", ""UsasSwimTimeKey"": ""4265154""}"
gmo,100 BK SCY,SCY,1:13.43,73.43,2025-02-02,2025 SN Senior Short Course Championships,15,222,California Capital Aquatics,SN,B,,1731452,12,267141,1120007343.00,174037010,gmo-result,"{""Age"": ""15"", ""Event"": ""100 BK SCY"", ""LSC"": ""SN"", ""Meet"": ""2025 SN Senior Short Course Championships"", ""MeetKey"": ""267141"", ""PersonKey"": ""1731452"", ""Points"": ""222"", ""SortKey"": ""1120007343.00"", ""Swim Date"": ""02/02/2025"", ""Swim Time"": ""1:13.43"", ""SwimEventKey"": ""12"", ""Team"": ""California Capital Aquatics"", ""Time Standard"": ""B"", ""UsasSwimTimeKey"": ""174037010""}"
gmo,100 BK SCY,SCY,1:13.91,73.91,2023-10-07,2023 SN CCA SPOOK-TACULAR AGO Swim Meet,14,231,California Capital Aquatics,SN,2020-2024 B,,1731452,12,251804,1120007391.00,158909217,gmo-result,"{""Age"": ""14"", ""Event"": ""100 BK SCY"", ""LSC"": ""SN"", ""Meet"": ""2023 SN CCA SPOOK-TACULAR AGO Swim Meet"", ""MeetKey"": ""251804"", ""PersonKey"": ""1731452"", ""Points"": ""231"", ""SortKey"": ""1120007391.00"", ""Swim Date"": ""10/07/2023"", ""Swim Time"": ""1:13.91"", ""SwimEventKey"": ""12"", ""Team"": ""California Capital Aquatics"", ""Time Standard"": ""2020-2024 B"", ""UsasSwimTimeKey"": ""158909217""}"
gmo,100 BK SCY,SCY,1:13.93,73.93,2024-11-09,2024 SN Folsom Classic,15,209,California Capital Aquatics,SN,B,,1731452,12,262124,1120007393.00,171096028,gmo-result,"{""Age"": ""15"", ""Event"": ""100 BK SCY"", ""LSC"": ""SN"", ""Meet"": ""2024 SN Folsom Classic"", ""MeetKey"": ""262124"", ""PersonKey"": ""1731452"", ""Points"": ""209"", ""SortKey"": ""1120007393.00"", ""Swim Date"": ""11/09/2024"", ""Swim Time"": ""1:13.93"", ""SwimEventKey"": ""12"", ""Team"": ""California Capital Aquatics"", ""Time Standard"": ""B"", ""UsasSwimTimeKey"": ""171096028""}"
gmo,100 BK SCY,SCY,1:14.42,74.42,2022-03-11,2022 SN 14&U Short Course Championships,12,357,California Capital Aquatics,SN,2020-2024 BB,,1731452,12,118077,1120007442.00,139965487,gmo-result,"{""Age"": ""12"", ""Event"": ""100 BK SCY"", ""LSC"": ""SN"", ""Meet"": ""2022 SN 14&U Short Course Championships"", ""MeetKey"": ""118077"", ""PersonKey"": ""1731452"", ""Points"": ""357"", ""SortKey"": ""1120007442.00"", ""Swim Date"": ""03/11/2022"", ""Swim Time"": ""1:14.42"", ""SwimEventKey"": ""12"", ""Team"": ""California Capital Aquatics"", ""Time Standard"": ""2020-2024 BB"", ""UsasSwimTimeKey"": ""139965487""}"
gmo,100 BK SCY,SCY,1:14.42,74.42,2021-07-17,2021 SN Bill Rose Cl Finals,12,357,California Capital Aquatics,SN,2020-2024 BB,,1731452,12,52907,1120007442.00,16112078,gmo-result,"{""Age"": ""12"", ""Event"": ""100 BK SCY"", ""LSC"": ""SN"", ""Meet"": ""2021 SN Bill Rose Cl Finals"", ""MeetKey"": ""52907"", ""PersonKey"": ""1731452"", ""Points"": ""357"", ""SortKey"": ""1120007442.00"", ""Swim Date"": ""07/17/2021"", ""Swim Time"": ""1:14.42"", ""SwimEventKey"": ""12"", ""Team"": ""California Capital Aquatics"", ""Time Standard"": ""2020-2024 BB"", ""UsasSwimTimeKey"": ""16112078""}"
gmo,100 BK SCY,SCY,1:16.09,76.09,2021-11-21,2021 SN Gobbler Classic,12,312,California Capital Aquatics,SN,2020-2024 BB,,1731452,12,38500,1120007609.00,50966451,gmo-result,"{""Age"": ""12"", ""Event"": ""100 BK SCY"", ""LSC"": ""SN"", ""Meet"": ""2021 SN Gobbler Classic"", ""MeetKey"": ""38500"", ""PersonKey"": ""1731452"", ""Points"": ""312"", ""SortKey"": ""1120007609.00"", ""Swim Date"": ""11/21/2021"", ""Swim Time"": ""1:16.09"", ""SwimEventKey"": ""12"", ""Team"": ""California Capital Aquatics"", ""Time Standard"": ""2020-2024 BB"", ""UsasSwimTimeKey"": ""50966451""}"
gmo,100 BK SCY,SCY,1:16.97,76.97,2021-10-10,2021 SN CCA Spook-Tacular,12,289,California Capital Aquatics,SN,2020-2024 BB,,1731452,12,85114,1120007697.00,59762214,gmo-result,"{""Age"": ""12"", ""Event"": ""100 BK SCY"", ""LSC"": ""SN"", ""Meet"": ""2021 SN CCA Spook-Tacular"", ""MeetKey"": ""85114"", ""PersonKey"": ""1731452"", ""Points"": ""289"", ""SortKey"": ""1120007697.00"", ""Swim Date"": ""10/10/2021"", ""Swim Time"": ""1:16.97"", ""SwimEventKey"": ""12"", ""Team"": ""California Capital Aquatics"", ""Time Standard"": ""2020-2024 BB"", ""UsasSwimTimeKey"": ""59762214""}"
gmo,100 BK SCY,SCY,1:17.28,77.28,2021-04-17,2021 SN CCA Spring Splash and Dash,11,399,California Capital Aquatics,SN,2020-2024 BB,,1731452,12,67769,1120007728.00,67941246,gmo-result,"{""Age"": ""11"", ""Event"": ""100 BK SCY"", ""LSC"": ""SN"", ""Meet"": ""2021 SN CCA Spring Splash and Dash"", ""MeetKey"": ""67769"", ""PersonKey"": ""1731452"", ""Points"": ""399"", ""SortKey"": ""1120007728.00"", ""Swim Date"": ""04/17/2021"", ""Swim Time"": ""1:17.28"", ""SwimEventKey"": ""12"", ""Team"": ""California Capital Aquatics"", ""Time Standard"": ""2020-2024 BB"", ""UsasSwimTimeKey"": ""67941246""}"
gmo,100 BK SCY,SCY,1:18.89,78.89,2021-02-21,2021 SN CCA Feb 2021 NSS and CCA,11,356,California Capital Aquatics,SN,2020-2024 B,,1731452,12,98333,1120007889.00,20420444,gmo-result,"{""Age"": ""11"", ""Event"": ""100 BK SCY"", ""LSC"": ""SN"", ""Meet"": ""2021 SN CCA Feb 2021 NSS and CCA"", ""MeetKey"": ""98333"", ""PersonKey"": ""1731452"", ""Points"": ""356"", ""SortKey"": ""1120007889.00"", ""Swim Date"": ""02/21/2021"", ""Swim Time"": ""1:18.89"", ""SwimEventKey"": ""12"", ""Team"": ""California Capital Aquatics"", ""Time Standard"": ""2020-2024 B"", ""UsasSwimTimeKey"": ""20420444""}"
gmo,100 BK SCY,SCY,1:22.14,82.14,2020-01-19,2020 PC Zone 3 Peggy Ramirez Memorial,10,413,San Francisco Serpents,PC,2016-2020 BB,,1731452,12,37659,1120008214.00,104960655,gmo-result,"{""Age"": ""10"", ""Event"": ""100 BK SCY"", ""LSC"": ""PC"", ""Meet"": ""2020 PC Zone 3 Peggy Ramirez Memorial"", ""MeetKey"": ""37659"", ""PersonKey"": ""1731452"", ""Points"": ""413"", ""SortKey"": ""1120008214.00"", ""Swim Date"": ""01/19/2020"", ""Swim Time"": ""1:22.14"", ""SwimEventKey"": ""12"", ""Team"": ""San Francisco Serpents"", ""Time Standard"": ""2016-2020 BB"", ""UsasSwimTimeKey"": ""104960655""}"
gmo,100 BK SCY,SCY,1:24.59,84.59,2019-09-14,2019 PC SSF C/B/A+,10,355,San Francisco Serpents,PC,2016-2020 BB,,1731452,12,153795,1120008459.00,8315806,gmo-result,"{""Age"": ""10"", ""Event"": ""100 BK SCY"", ""LSC"": ""PC"", ""Meet"": ""2019 PC SSF C/B/A+"", ""MeetKey"": ""153795"", ""PersonKey"": ""1731452"", ""Points"": ""355"", ""SortKey"": ""1120008459.00"", ""Swim Date"": ""09/14/2019"", ""Swim Time"": ""1:24.59"", ""SwimEventKey"": ""12"", ""Team"": ""San Francisco Serpents"", ""Time Standard"": ""2016-2020 BB"", ""UsasSwimTimeKey"": ""8315806""}"
gmo,100 BK SCY,SCY,1:25.24,85.24,2019-08-04,2019 PC WCAB Fred Siegrist Memorial Summer's End,10,341,San Francisco Serpents,PC,2016-2020 BB,,1731452,12,5697,1120008524.00,48620376,gmo-result,"{""Age"": ""10"", ""Event"": ""100 BK SCY"", ""LSC"": ""PC"", ""Meet"": ""2019 PC WCAB Fred Siegrist Memorial Summer's End"", ""MeetKey"": ""5697"", ""PersonKey"": ""1731452"", ""Points"": ""341"", ""SortKey"": ""1120008524.00"", ""Swim Date"": ""08/04/2019"", ""Swim Time"": ""1:25.24"", ""SwimEventKey"": ""12"", ""Team"": ""San Francisco Serpents"", ""Time Standard"": ""2016-2020 BB"", ""UsasSwimTimeKey"": ""48620376""}"
gmo,100 BK SCY,SCY,1:25.62,85.62,2019-10-19,2019 SN Pumpkin meet,10,332,San Francisco Serpents,PC,2016-2020 BB,,1731452,12,151645,1120008562.00,99021855,gmo-result,"{""Age"": ""10"", ""Event"": ""100 BK SCY"", ""LSC"": ""PC"", ""Meet"": ""2019 SN Pumpkin meet"", ""MeetKey"": ""151645"", ""PersonKey"": ""1731452"", ""Points"": ""332"", ""SortKey"": ""1120008562.00"", ""Swim Date"": ""10/19/2019"", ""Swim Time"": ""1:25.62"", ""SwimEventKey"": ""12"", ""Team"": ""San Francisco Serpents"", ""Time Standard"": ""2016-2020 BB"", ""UsasSwimTimeKey"": ""99021855""}"
gmo,100 BK SCY,SCY,1:27.11,87.11,2019-04-07,"2019 SN Hot Dog Meet, Ap",9,475,San Francisco Serpents,PC,2016-2020 BB,,1731452,12,71008,1120008711.00,122906482,gmo-result,"{""Age"": ""9"", ""Event"": ""100 BK SCY"", ""LSC"": ""PC"", ""Meet"": ""2019 SN Hot Dog Meet, Ap"", ""MeetKey"": ""71008"", ""PersonKey"": ""1731452"", ""Points"": ""475"", ""SortKey"": ""1120008711.00"", ""Swim Date"": ""04/07/2019"", ""Swim Time"": ""1:27.11"", ""SwimEventKey"": ""12"", ""Team"": ""San Francisco Serpents"", ""Time Standard"": ""2016-2020 BB"", ""UsasSwimTimeKey"": ""122906482""}"
gmo,100 BK SCY,SCY,1:27.81,87.81,2019-07-14,2019 PC TAHO Swimming At Altitude,10,285,San Francisco Serpents,PC,2016-2020 BB,,1731452,12,82537,1120008781.00,8019710,gmo-result,"{""Age"": ""10"", ""Event"": ""100 BK SCY"", ""LSC"": ""PC"", ""Meet"": ""2019 PC TAHO Swimming At Altitude"", ""MeetKey"": ""82537"", ""PersonKey"": ""1731452"", ""Points"": ""285"", ""SortKey"": ""1120008781.00"", ""Swim Date"": ""07/14/2019"", ""Swim Time"": ""1:27.81"", ""SwimEventKey"": ""12"", ""Team"": ""San Francisco Serpents"", ""Time Standard"": ""2016-2020 BB"", ""UsasSwimTimeKey"": ""8019710""}"
gmo,100 BK SCY,SCY,1:30.34,90.34,2019-04-20,2019 PC 10 & UN Championship,9,402,San Francisco Serpents,PC,2016-2020 BB,,1731452,12,4315,1120009034.00,153790727,gmo-result,"{""Age"": ""9"", ""Event"": ""100 BK SCY"", ""LSC"": ""PC"", ""Meet"": ""2019 PC 10 & UN Championship"", ""MeetKey"": ""4315"", ""PersonKey"": ""1731452"", ""Points"": ""402"", ""SortKey"": ""1120009034.00"", ""Swim Date"": ""04/20/2019"", ""Swim Time"": ""1:30.34"", ""SwimEventKey"": ""12"", ""Team"": ""San Francisco Serpents"", ""Time Standard"": ""2016-2020 BB"", ""UsasSwimTimeKey"": ""153790727""}"
gmo,100 BK SCY,SCY,1:31.58,91.58,2019-02-23,2019 PC VJO C/B/A+,9,375,San Francisco Serpents,PC,2016-2020 B,,1731452,12,71899,1120009158.00,142314613,gmo-result,"{""Age"": ""9"", ""Event"": ""100 BK SCY"", ""LSC"": ""PC"", ""Meet"": ""2019 PC VJO C/B/A+"", ""MeetKey"": ""71899"", ""PersonKey"": ""1731452"", ""Points"": ""375"", ""SortKey"": ""1120009158.00"", ""Swim Date"": ""02/23/2019"", ""Swim Time"": ""1:31.58"", ""SwimEventKey"": ""12"", ""Team"": ""San Francisco Serpents"", ""Time Standard"": ""2016-2020 B"", ""UsasSwimTimeKey"": ""142314613""}"
gmo,200 BK SCY,SCY,2:23.56,143.56,2026-01-16,2026 PN VAST 49th Annual Washington Open,16,462,California Capital Aquatics,SN,BB,,1731452,13,277865,1130014356.00,184307346,gmo-result,"{""Age"": ""16"", ""Event"": ""200 BK SCY"", ""LSC"": ""SN"", ""Meet"": ""2026 PN VAST 49th Annual Washington Open"", ""MeetKey"": ""277865"", ""PersonKey"": ""1731452"", ""Points"": ""462"", ""SortKey"": ""1130014356.00"", ""Swim Date"": ""01/16/2026"", ""Swim Time"": ""2:23.56"", ""SwimEventKey"": ""13"", ""Team"": ""California Capital Aquatics"", ""Time Standard"": ""BB"", ""UsasSwimTimeKey"": ""184307346""}"
gmo,200 BK SCY,SCY,2:27.04,147.04,2026-05-09,2026 SN Post High School Meet,16,408,California Capital Aquatics,SN,BB,,1731452,13,282465,1130014704.00,187739303,gmo-result,"{""Age"": ""16"", ""Event"": ""200 BK SCY"", ""LSC"": ""SN"", ""Meet"": ""2026 SN Post High School Meet"", ""MeetKey"": ""282465"", ""PersonKey"": ""1731452"", ""Points"": ""408"", ""SortKey"": ""1130014704.00"", ""Swim Date"": ""05/09/2026"", ""Swim Time"": ""2:27.04"", ""SwimEventKey"": ""13"", ""Team"": ""California Capital Aquatics"", ""Time Standard"": ""BB"", ""UsasSwimTimeKey"": ""187739303""}"
gmo,200 BK SCY,SCY,2:28.43,148.43,2024-03-09,2024 SN Sierra Nevada Swimming 14 & Under Short Course Championships,14,413,Unattached,SN,2020-2024 BB,,1731452,13,256761,1130014843.00,165243721,gmo-result,"{""Age"": ""14"", ""Event"": ""200 BK SCY"", ""LSC"": ""SN"", ""Meet"": ""2024 SN Sierra Nevada Swimming 14 & Under Short Course Championships"", ""MeetKey"": ""256761"", ""PersonKey"": ""1731452"", ""Points"": ""413"", ""SortKey"": ""1130014843.00"", ""Swim Date"": ""03/09/2024"", ""Swim Time"": ""2:28.43"", ""SwimEventKey"": ""13"", ""Team"": ""Unattached"", ""Time Standard"": ""2020-2024 BB"", ""UsasSwimTimeKey"": ""165243721""}"
gmo,200 BK SCY,SCY,2:28.50,148.50,2025-10-05,2025 SN CCA SPOOK-TACULAR,16,386,California Capital Aquatics,SN,BB,,1731452,13,274129,1130014850.00,180420853,gmo-result,"{""Age"": ""16"", ""Event"": ""200 BK SCY"", ""LSC"": ""SN"", ""Meet"": ""2025 SN CCA SPOOK-TACULAR"", ""MeetKey"": ""274129"", ""PersonKey"": ""1731452"", ""Points"": ""386"", ""SortKey"": ""1130014850.00"", ""Swim Date"": ""10/05/2025"", ""Swim Time"": ""2:28.50"", ""SwimEventKey"": ""13"", ""Team"": ""California Capital Aquatics"", ""Time Standard"": ""BB"", ""UsasSwimTimeKey"": ""180420853""}"
gmo,200 BK SCY,SCY,2:33.37,153.37,2022-10-09,SN CCA SPOOK-TACULAR,13,385,California Capital Aquatics,SN,2020-2024 BB,,1731452,13,159698,1130015337.00,116056788,gmo-result,"{""Age"": ""13"", ""Event"": ""200 BK SCY"", ""LSC"": ""SN"", ""Meet"": ""SN CCA SPOOK-TACULAR"", ""MeetKey"": ""159698"", ""PersonKey"": ""1731452"", ""Points"": ""385"", ""SortKey"": ""1130015337.00"", ""Swim Date"": ""10/09/2022"", ""Swim Time"": ""2:33.37"", ""SwimEventKey"": ""13"", ""Team"": ""California Capital Aquatics"", ""Time Standard"": ""2020-2024 BB"", ""UsasSwimTimeKey"": ""116056788""}"
gmo,200 BK SCY,SCY,2:34.64,154.64,2021-07-16,2021 SN Bill Rose Cl Finals,12,455,California Capital Aquatics,SN,2020-2024 BB,,1731452,13,52907,1130015464.00,59756981,gmo-result,"{""Age"": ""12"", ""Event"": ""200 BK SCY"", ""LSC"": ""SN"", ""Meet"": ""2021 SN Bill Rose Cl Finals"", ""MeetKey"": ""52907"", ""PersonKey"": ""1731452"", ""Points"": ""455"", ""SortKey"": ""1130015464.00"", ""Swim Date"": ""07/16/2021"", ""Swim Time"": ""2:34.64"", ""SwimEventKey"": ""13"", ""Team"": ""California Capital Aquatics"", ""Time Standard"": ""2020-2024 BB"", ""UsasSwimTimeKey"": ""59756981""}"
gmo,200 BK SCY,SCY,2:34.65,154.65,2021-07-16,2021 SN Bill Rose Cl Finals,12,455,California Capital Aquatics,SN,2020-2024 BB,,1731452,13,52907,1130015465.00,37965081,gmo-result,"{""Age"": ""12"", ""Event"": ""200 BK SCY"", ""LSC"": ""SN"", ""Meet"": ""2021 SN Bill Rose Cl Finals"", ""MeetKey"": ""52907"", ""PersonKey"": ""1731452"", ""Points"": ""455"", ""SortKey"": ""1130015465.00"", ""Swim Date"": ""07/16/2021"", ""Swim Time"": ""2:34.65"", ""SwimEventKey"": ""13"", ""Team"": ""California Capital Aquatics"", ""Time Standard"": ""2020-2024 BB"", ""UsasSwimTimeKey"": ""37965081""}"
gmo,200 BK SCY,SCY,2:36.57,156.57,2022-03-12,2022 SN 14&U Short Course Championships,12,429,California Capital Aquatics,SN,2020-2024 BB,,1731452,13,118077,1130015657.00,84663001,gmo-result,"{""Age"": ""12"", ""Event"": ""200 BK SCY"", ""LSC"": ""SN"", ""Meet"": ""2022 SN 14&U Short Course Championships"", ""MeetKey"": ""118077"", ""PersonKey"": ""1731452"", ""Points"": ""429"", ""SortKey"": ""1130015657.00"", ""Swim Date"": ""03/12/2022"", ""Swim Time"": ""2:36.57"", ""SwimEventKey"": ""13"", ""Team"": ""California Capital Aquatics"", ""Time Standard"": ""2020-2024 BB"", ""UsasSwimTimeKey"": ""84663001""}"
gmo,200 BK SCY,SCY,2:37.55,157.55,2023-10-08,2023 SN CCA SPOOK-TACULAR AGO Swim Meet,14,284,California Capital Aquatics,SN,2020-2024 B,,1731452,13,251804,1130015755.00,158913138,gmo-result,"{""Age"": ""14"", ""Event"": ""200 BK SCY"", ""LSC"": ""SN"", ""Meet"": ""2023 SN CCA SPOOK-TACULAR AGO Swim Meet"", ""MeetKey"": ""251804"", ""PersonKey"": ""1731452"", ""Points"": ""284"", ""SortKey"": ""1130015755.00"", ""Swim Date"": ""10/08/2023"", ""Swim Time"": ""2:37.55"", ""SwimEventKey"": ""13"", ""Team"": ""California Capital Aquatics"", ""Time Standard"": ""2020-2024 B"", ""UsasSwimTimeKey"": ""158913138""}"
gmo,200 BK SCY,SCY,2:37.80,157.80,2021-11-20,2021 SN Gobbler Classic,12,413,California Capital Aquatics,SN,2020-2024 BB,,1731452,13,38500,1130015780.00,9346591,gmo-result,"{""Age"": ""12"", ""Event"": ""200 BK SCY"", ""LSC"": ""SN"", ""Meet"": ""2021 SN Gobbler Classic"", ""MeetKey"": ""38500"", ""PersonKey"": ""1731452"", ""Points"": ""413"", ""SortKey"": ""1130015780.00"", ""Swim Date"": ""11/20/2021"", ""Swim Time"": ""2:37.80"", ""SwimEventKey"": ""13"", ""Team"": ""California Capital Aquatics"", ""Time Standard"": ""2020-2024 BB"", ""UsasSwimTimeKey"": ""9346591""}"
gmo,200 BK SCY,SCY,2:38.98,158.98,2021-12-18,2021 SN Dart Winter Invite SCY,12,398,California Capital Aquatics,SN,2020-2024 BB,,1731452,13,144592,1130015898.00,91133636,gmo-result,"{""Age"": ""12"", ""Event"": ""200 BK SCY"", ""LSC"": ""SN"", ""Meet"": ""2021 SN Dart Winter Invite SCY"", ""MeetKey"": ""144592"", ""PersonKey"": ""1731452"", ""Points"": ""398"", ""SortKey"": ""1130015898.00"", ""Swim Date"": ""12/18/2021"", ""Swim Time"": ""2:38.98"", ""SwimEventKey"": ""13"", ""Team"": ""California Capital Aquatics"", ""Time Standard"": ""2020-2024 BB"", ""UsasSwimTimeKey"": ""91133636""}"
gmo,200 BK SCY,SCY,2:39.09,159.09,2024-10-06,2024 SN CCA SPOOK-TACULAR,15,243,California Capital Aquatics,SN,B,,1731452,13,262110,1130015909.00,169712253,gmo-result,"{""Age"": ""15"", ""Event"": ""200 BK SCY"", ""LSC"": ""SN"", ""Meet"": ""2024 SN CCA SPOOK-TACULAR"", ""MeetKey"": ""262110"", ""PersonKey"": ""1731452"", ""Points"": ""243"", ""SortKey"": ""1130015909.00"", ""Swim Date"": ""10/06/2024"", ""Swim Time"": ""2:39.09"", ""SwimEventKey"": ""13"", ""Team"": ""California Capital Aquatics"", ""Time Standard"": ""B"", ""UsasSwimTimeKey"": ""169712253""}"
gmo,200 BK SCY,SCY,2:40.20,160.20,2021-12-18,2021 SN Dart Winter Invite SCY,12,382,California Capital Aquatics,SN,2020-2024 BB,,1731452,13,144592,1130016020.00,12973801,gmo-result,"{""Age"": ""12"", ""Event"": ""200 BK SCY"", ""LSC"": ""SN"", ""Meet"": ""2021 SN Dart Winter Invite SCY"", ""MeetKey"": ""144592"", ""PersonKey"": ""1731452"", ""Points"": ""382"", ""SortKey"": ""1130016020.00"", ""Swim Date"": ""12/18/2021"", ""Swim Time"": ""2:40.20"", ""SwimEventKey"": ""13"", ""Team"": ""California Capital Aquatics"", ""Time Standard"": ""2020-2024 BB"", ""UsasSwimTimeKey"": ""12973801""}"
gmo,200 BK SCY,SCY,2:41.99,161.99,2021-03-20,2021 SN MARCH NSS and CCA,11,492,California Capital Aquatics,SN,2020-2024 BB,,1731452,13,91624,1130016199.00,68084853,gmo-result,"{""Age"": ""11"", ""Event"": ""200 BK SCY"", ""LSC"": ""SN"", ""Meet"": ""2021 SN MARCH NSS and CCA"", ""MeetKey"": ""91624"", ""PersonKey"": ""1731452"", ""Points"": ""492"", ""SortKey"": ""1130016199.00"", ""Swim Date"": ""03/20/2021"", ""Swim Time"": ""2:41.99"", ""SwimEventKey"": ""13"", ""Team"": ""California Capital Aquatics"", ""Time Standard"": ""2020-2024 BB"", ""UsasSwimTimeKey"": ""68084853""}"
gmo,50 BR SCY,SCY,41.44,41.44,2021-10-10,2021 SN CCA Spook-Tacular,12,269,California Capital Aquatics,SN,2020-2024 B,,1731452,14,85114,1140004144.00,100097472,gmo-result,"{""Age"": ""12"", ""Event"": ""50 BR SCY"", ""LSC"": ""SN"", ""Meet"": ""2021 SN CCA Spook-Tacular"", ""MeetKey"": ""85114"", ""PersonKey"": ""1731452"", ""Points"": ""269"", ""SortKey"": ""1140004144.00"", ""Swim Date"": ""10/10/2021"", ""Swim Time"": ""41.44"", ""SwimEventKey"": ""14"", ""Team"": ""California Capital Aquatics"", ""Time Standard"": ""2020-2024 B"", ""UsasSwimTimeKey"": ""100097472""}"
gmo,50 BR SCY,SCY,42.11,42.11,2021-07-24,2021 SN End of Summer (CCA @ NSS Age Gp),12,238,California Capital Aquatics,SN,2020-2024 B,,1731452,14,150914,1140004211.00,121263925,gmo-result,"{""Age"": ""12"", ""Event"": ""50 BR SCY"", ""LSC"": ""SN"", ""Meet"": ""2021 SN End of Summer (CCA @ NSS Age Gp)"", ""MeetKey"": ""150914"", ""PersonKey"": ""1731452"", ""Points"": ""238"", ""SortKey"": ""1140004211.00"", ""Swim Date"": ""07/24/2021"", ""Swim Time"": ""42.11"", ""SwimEventKey"": ""14"", ""Team"": ""California Capital Aquatics"", ""Time Standard"": ""2020-2024 B"", ""UsasSwimTimeKey"": ""121263925""}"
gmo,50 BR SCY,SCY,42.37,42.37,2021-11-21,2021 SN Gobbler Classic,12,227,California Capital Aquatics,SN,2020-2024 B,,1731452,14,38500,1140004237.00,116648155,gmo-result,"{""Age"": ""12"", ""Event"": ""50 BR SCY"", ""LSC"": ""SN"", ""Meet"": ""2021 SN Gobbler Classic"", ""MeetKey"": ""38500"", ""PersonKey"": ""1731452"", ""Points"": ""227"", ""SortKey"": ""1140004237.00"", ""Swim Date"": ""11/21/2021"", ""Swim Time"": ""42.37"", ""SwimEventKey"": ""14"", ""Team"": ""California Capital Aquatics"", ""Time Standard"": ""2020-2024 B"", ""UsasSwimTimeKey"": ""116648155""}"
gmo,50 BR SCY,SCY,43.06,43.06,2021-03-21,2021 SN MARCH NSS and CCA,11,279,California Capital Aquatics,SN,Slower than B,,1731452,14,91624,1140004306.00,2494707,gmo-result,"{""Age"": ""11"", ""Event"": ""50 BR SCY"", ""LSC"": ""SN"", ""Meet"": ""2021 SN MARCH NSS and CCA"", ""MeetKey"": ""91624"", ""PersonKey"": ""1731452"", ""Points"": ""279"", ""SortKey"": ""1140004306.00"", ""Swim Date"": ""03/21/2021"", ""Swim Time"": ""43.06"", ""SwimEventKey"": ""14"", ""Team"": ""California Capital Aquatics"", ""Time Standard"": ""Slower than B"", ""UsasSwimTimeKey"": ""2494707""}"
gmo,50 BR SCY,SCY,47.19,47.19,2020-01-19,2020 PC Zone 3 Peggy Ramirez Memorial,10,246,San Francisco Serpents,PC,2016-2020 BB,,1731452,14,37659,1140004719.00,117488408,gmo-result,"{""Age"": ""10"", ""Event"": ""50 BR SCY"", ""LSC"": ""PC"", ""Meet"": ""2020 PC Zone 3 Peggy Ramirez Memorial"", ""MeetKey"": ""37659"", ""PersonKey"": ""1731452"", ""Points"": ""246"", ""SortKey"": ""1140004719.00"", ""Swim Date"": ""01/19/2020"", ""Swim Time"": ""47.19"", ""SwimEventKey"": ""14"", ""Team"": ""San Francisco Serpents"", ""Time Standard"": ""2016-2020 BB"", ""UsasSwimTimeKey"": ""117488408""}"
gmo,50 BR SCY,SCY,47.63,47.63,2019-12-14,2019 PC SOLO C/B/A+,10,230,San Francisco Serpents,PC,2016-2020 B,,1731452,14,6348,1140004763.00,1166890,gmo-result,"{""Age"": ""10"", ""Event"": ""50 BR SCY"", ""LSC"": ""PC"", ""Meet"": ""2019 PC SOLO C/B/A+"", ""MeetKey"": ""6348"", ""PersonKey"": ""1731452"", ""Points"": ""230"", ""SortKey"": ""1140004763.00"", ""Swim Date"": ""12/14/2019"", ""Swim Time"": ""47.63"", ""SwimEventKey"": ""14"", ""Team"": ""San Francisco Serpents"", ""Time Standard"": ""2016-2020 B"", ""UsasSwimTimeKey"": ""1166890""}"
gmo,50 BR SCY,SCY,50.68,50.68,2019-02-23,2019 PC VJO C/B/A+,9,274,San Francisco Serpents,PC,2016-2020 B,,1731452,14,71899,1140005068.00,94978833,gmo-result,"{""Age"": ""9"", ""Event"": ""50 BR SCY"", ""LSC"": ""PC"", ""Meet"": ""2019 PC VJO C/B/A+"", ""MeetKey"": ""71899"", ""PersonKey"": ""1731452"", ""Points"": ""274"", ""SortKey"": ""1140005068.00"", ""Swim Date"": ""02/23/2019"", ""Swim Time"": ""50.68"", ""SwimEventKey"": ""14"", ""Team"": ""San Francisco Serpents"", ""Time Standard"": ""2016-2020 B"", ""UsasSwimTimeKey"": ""94978833""}"
gmo,50 BR SCY,SCY,50.68,50.68,2019-06-02,2019 PC MONT SCY PENTATHLON,10,125,San Francisco Serpents,PC,2016-2020 B,,1731452,14,114788,1140005068.00,144511534,gmo-result,"{""Age"": ""10"", ""Event"": ""50 BR SCY"", ""LSC"": ""PC"", ""Meet"": ""2019 PC MONT SCY PENTATHLON"", ""MeetKey"": ""114788"", ""PersonKey"": ""1731452"", ""Points"": ""125"", ""SortKey"": ""1140005068.00"", ""Swim Date"": ""06/02/2019"", ""Swim Time"": ""50.68"", ""SwimEventKey"": ""14"", ""Team"": ""San Francisco Serpents"", ""Time Standard"": ""2016-2020 B"", ""UsasSwimTimeKey"": ""144511534""}"
gmo,50 BR SCY,SCY,50.72,50.72,2019-03-31,2019 PC MAV C/B/A+,9,273,San Francisco Serpents,PC,2016-2020 B,,1731452,14,148432,1140005072.00,40914395,gmo-result,"{""Age"": ""9"", ""Event"": ""50 BR SCY"", ""LSC"": ""PC"", ""Meet"": ""2019 PC MAV C/B/A+"", ""MeetKey"": ""148432"", ""PersonKey"": ""1731452"", ""Points"": ""273"", ""SortKey"": ""1140005072.00"", ""Swim Date"": ""03/31/2019"", ""Swim Time"": ""50.72"", ""SwimEventKey"": ""14"", ""Team"": ""San Francisco Serpents"", ""Time Standard"": ""2016-2020 B"", ""UsasSwimTimeKey"": ""40914395""}"
gmo,50 BR SCY,SCY,51.24,51.24,2019-07-14,2019 PC TAHO Swimming At Altitude,10,108,San Francisco Serpents,PC,2016-2020 B,,1731452,14,82537,1140005124.00,19469585,gmo-result,"{""Age"": ""10"", ""Event"": ""50 BR SCY"", ""LSC"": ""PC"", ""Meet"": ""2019 PC TAHO Swimming At Altitude"", ""MeetKey"": ""82537"", ""PersonKey"": ""1731452"", ""Points"": ""108"", ""SortKey"": ""1140005124.00"", ""Swim Date"": ""07/14/2019"", ""Swim Time"": ""51.24"", ""SwimEventKey"": ""14"", ""Team"": ""San Francisco Serpents"", ""Time Standard"": ""2016-2020 B"", ""UsasSwimTimeKey"": ""19469585""}"
gmo,100 BR SCY,SCY,1:23.13,83.13,2023-02-05,2023 SN Senior Swimming Winter Championships,13,318,California Capital Aquatics,SN,2020-2024 B,,1731452,15,164465,1150008313.00,96390271,gmo-result,"{""Age"": ""13"", ""Event"": ""100 BR SCY"", ""LSC"": ""SN"", ""Meet"": ""2023 SN Senior Swimming Winter Championships"", ""MeetKey"": ""164465"", ""PersonKey"": ""1731452"", ""Points"": ""318"", ""SortKey"": ""1150008313.00"", ""Swim Date"": ""02/05/2023"", ""Swim Time"": ""1:23.13"", ""SwimEventKey"": ""15"", ""Team"": ""California Capital Aquatics"", ""Time Standard"": ""2020-2024 B"", ""UsasSwimTimeKey"": ""96390271""}"
gmo,100 BR SCY,SCY,1:24.82,84.82,2022-11-20,SN Cranberry Classic,13,275,California Capital Aquatics,SN,2020-2024 B,,1731452,15,160491,1150008482.00,9538547,gmo-result,"{""Age"": ""13"", ""Event"": ""100 BR SCY"", ""LSC"": ""SN"", ""Meet"": ""SN Cranberry Classic"", ""MeetKey"": ""160491"", ""PersonKey"": ""1731452"", ""Points"": ""275"", ""SortKey"": ""1150008482.00"", ""Swim Date"": ""11/20/2022"", ""Swim Time"": ""1:24.82"", ""SwimEventKey"": ""15"", ""Team"": ""California Capital Aquatics"", ""Time Standard"": ""2020-2024 B"", ""UsasSwimTimeKey"": ""9538547""}"
gmo,100 BR SCY,SCY,1:25.04,85.04,2022-10-22,SN Sac Regional Open,13,270,California Capital Aquatics,SN,2020-2024 B,,1731452,15,160496,1150008504.00,142600998,gmo-result,"{""Age"": ""13"", ""Event"": ""100 BR SCY"", ""LSC"": ""SN"", ""Meet"": ""SN Sac Regional Open"", ""MeetKey"": ""160496"", ""PersonKey"": ""1731452"", ""Points"": ""270"", ""SortKey"": ""1150008504.00"", ""Swim Date"": ""10/22/2022"", ""Swim Time"": ""1:25.04"", ""SwimEventKey"": ""15"", ""Team"": ""California Capital Aquatics"", ""Time Standard"": ""2020-2024 B"", ""UsasSwimTimeKey"": ""142600998""}"
gmo,100 BR SCY,SCY,1:25.37,85.37,2023-10-28,2023 SN The Golden Buoy,14,230,California Capital Aquatics,SN,2020-2024 B,,1731452,15,252584,1150008537.00,159789027,gmo-result,"{""Age"": ""14"", ""Event"": ""100 BR SCY"", ""LSC"": ""SN"", ""Meet"": ""2023 SN The Golden Buoy"", ""MeetKey"": ""252584"", ""PersonKey"": ""1731452"", ""Points"": ""230"", ""SortKey"": ""1150008537.00"", ""Swim Date"": ""10/28/2023"", ""Swim Time"": ""1:25.37"", ""SwimEventKey"": ""15"", ""Team"": ""California Capital Aquatics"", ""Time Standard"": ""2020-2024 B"", ""UsasSwimTimeKey"": ""159789027""}"
gmo,100 BR SCY,SCY,1:26.26,86.26,2024-10-06,2024 SN CCA SPOOK-TACULAR,15,204,California Capital Aquatics,SN,Slower than B,,1731452,15,262110,1150008626.00,169714787,gmo-result,"{""Age"": ""15"", ""Event"": ""100 BR SCY"", ""LSC"": ""SN"", ""Meet"": ""2024 SN CCA SPOOK-TACULAR"", ""MeetKey"": ""262110"", ""PersonKey"": ""1731452"", ""Points"": ""204"", ""SortKey"": ""1150008626.00"", ""Swim Date"": ""10/06/2024"", ""Swim Time"": ""1:26.26"", ""SwimEventKey"": ""15"", ""Team"": ""California Capital Aquatics"", ""Time Standard"": ""Slower than B"", ""UsasSwimTimeKey"": ""169714787""}"
gmo,100 BR SCY,SCY,1:26.88,86.88,2023-10-08,2023 SN CCA SPOOK-TACULAR AGO Swim Meet,14,195,California Capital Aquatics,SN,2020-2024 B,,1731452,15,251804,1150008688.00,158906446,gmo-result,"{""Age"": ""14"", ""Event"": ""100 BR SCY"", ""LSC"": ""SN"", ""Meet"": ""2023 SN CCA SPOOK-TACULAR AGO Swim Meet"", ""MeetKey"": ""251804"", ""PersonKey"": ""1731452"", ""Points"": ""195"", ""SortKey"": ""1150008688.00"", ""Swim Date"": ""10/08/2023"", ""Swim Time"": ""1:26.88"", ""SwimEventKey"": ""15"", ""Team"": ""California Capital Aquatics"", ""Time Standard"": ""2020-2024 B"", ""UsasSwimTimeKey"": ""158906446""}"
gmo,100 BR SCY,SCY,1:26.90,86.90,2022-10-09,SN CCA SPOOK-TACULAR,13,225,California Capital Aquatics,SN,2020-2024 B,,1731452,15,159698,1150008690.00,99599245,gmo-result,"{""Age"": ""13"", ""Event"": ""100 BR SCY"", ""LSC"": ""SN"", ""Meet"": ""SN CCA SPOOK-TACULAR"", ""MeetKey"": ""159698"", ""PersonKey"": ""1731452"", ""Points"": ""225"", ""SortKey"": ""1150008690.00"", ""Swim Date"": ""10/09/2022"", ""Swim Time"": ""1:26.90"", ""SwimEventKey"": ""15"", ""Team"": ""California Capital Aquatics"", ""Time Standard"": ""2020-2024 B"", ""UsasSwimTimeKey"": ""99599245""}"
gmo,100 BR SCY,SCY,1:27.11,87.11,2024-02-24,2024 SN DART Last Chance Closed Invitational,14,190,Unattached,SN,2020-2024 B,,1731452,15,256484,1150008711.00,164544045,gmo-result,"{""Age"": ""14"", ""Event"": ""100 BR SCY"", ""LSC"": ""SN"", ""Meet"": ""2024 SN DART Last Chance Closed Invitational"", ""MeetKey"": ""256484"", ""PersonKey"": ""1731452"", ""Points"": ""190"", ""SortKey"": ""1150008711.00"", ""Swim Date"": ""02/24/2024"", ""Swim Time"": ""1:27.11"", ""SwimEventKey"": ""15"", ""Team"": ""Unattached"", ""Time Standard"": ""2020-2024 B"", ""UsasSwimTimeKey"": ""164544045""}"
gmo,100 BR SCY,SCY,1:28.02,88.02,2021-10-09,2021 SN CCA Spook-Tacular,12,296,California Capital Aquatics,SN,2020-2024 B,,1731452,15,85114,1150008802.00,96330503,gmo-result,"{""Age"": ""12"", ""Event"": ""100 BR SCY"", ""LSC"": ""SN"", ""Meet"": ""2021 SN CCA Spook-Tacular"", ""MeetKey"": ""85114"", ""PersonKey"": ""1731452"", ""Points"": ""296"", ""SortKey"": ""1150008802.00"", ""Swim Date"": ""10/09/2021"", ""Swim Time"": ""1:28.02"", ""SwimEventKey"": ""15"", ""Team"": ""California Capital Aquatics"", ""Time Standard"": ""2020-2024 B"", ""UsasSwimTimeKey"": ""96330503""}"
gmo,100 BR SCY,SCY,1:30.24,90.24,2022-01-15,2022 PC TIGR C/B/BB+,12,248,California Capital Aquatics,SN,2020-2024 B,,1731452,15,135536,1150009024.00,70964459,gmo-result,"{""Age"": ""12"", ""Event"": ""100 BR SCY"", ""LSC"": ""SN"", ""Meet"": ""2022 PC TIGR C/B/BB+"", ""MeetKey"": ""135536"", ""PersonKey"": ""1731452"", ""Points"": ""248"", ""SortKey"": ""1150009024.00"", ""Swim Date"": ""01/15/2022"", ""Swim Time"": ""1:30.24"", ""SwimEventKey"": ""15"", ""Team"": ""California Capital Aquatics"", ""Time Standard"": ""2020-2024 B"", ""UsasSwimTimeKey"": ""70964459""}"
gmo,100 BR SCY,SCY,1:32.24,92.24,2021-06-12,2021 SN CCA June Time Trial,12,206,California Capital Aquatics,SN,2020-2024 B,,1731452,15,38499,1150009224.00,16056444,gmo-result,"{""Age"": ""12"", ""Event"": ""100 BR SCY"", ""LSC"": ""SN"", ""Meet"": ""2021 SN CCA June Time Trial"", ""MeetKey"": ""38499"", ""PersonKey"": ""1731452"", ""Points"": ""206"", ""SortKey"": ""1150009224.00"", ""Swim Date"": ""06/12/2021"", ""Swim Time"": ""1:32.24"", ""SwimEventKey"": ""15"", ""Team"": ""California Capital Aquatics"", ""Time Standard"": ""2020-2024 B"", ""UsasSwimTimeKey"": ""16056444""}"
gmo,100 BR SCY,SCY,1:34.55,94.55,2021-02-20,2021 SN CCA Feb 2021 NSS and CCA,11,261,California Capital Aquatics,SN,Slower than B,,1731452,15,98333,1150009455.00,104729746,gmo-result,"{""Age"": ""11"", ""Event"": ""100 BR SCY"", ""LSC"": ""SN"", ""Meet"": ""2021 SN CCA Feb 2021 NSS and CCA"", ""MeetKey"": ""98333"", ""PersonKey"": ""1731452"", ""Points"": ""261"", ""SortKey"": ""1150009455.00"", ""Swim Date"": ""02/20/2021"", ""Swim Time"": ""1:34.55"", ""SwimEventKey"": ""15"", ""Team"": ""California Capital Aquatics"", ""Time Standard"": ""Slower than B"", ""UsasSwimTimeKey"": ""104729746""}"
gmo,100 BR SCY,SCY,1:40.94,100.94,2019-10-05,2019 PC ONDA C/B/BB+,10,289,San Francisco Serpents,PC,2016-2020 BB,,1731452,15,149681,1150010094.00,126713292,gmo-result,"{""Age"": ""10"", ""Event"": ""100 BR SCY"", ""LSC"": ""PC"", ""Meet"": ""2019 PC ONDA C/B/BB+"", ""MeetKey"": ""149681"", ""PersonKey"": ""1731452"", ""Points"": ""289"", ""SortKey"": ""1150010094.00"", ""Swim Date"": ""10/05/2019"", ""Swim Time"": ""1:40.94"", ""SwimEventKey"": ""15"", ""Team"": ""San Francisco Serpents"", ""Time Standard"": ""2016-2020 BB"", ""UsasSwimTimeKey"": ""126713292""}"
gmo,200 BR SCY,SCY,2:58.71,178.71,2022-10-08,SN CCA SPOOK-TACULAR,13,330,California Capital Aquatics,SN,2020-2024 B,,1731452,16,159698,1160017871.00,105977584,gmo-result,"{""Age"": ""13"", ""Event"": ""200 BR SCY"", ""LSC"": ""SN"", ""Meet"": ""SN CCA SPOOK-TACULAR"", ""MeetKey"": ""159698"", ""PersonKey"": ""1731452"", ""Points"": ""330"", ""SortKey"": ""1160017871.00"", ""Swim Date"": ""10/08/2022"", ""Swim Time"": ""2:58.71"", ""SwimEventKey"": ""16"", ""Team"": ""California Capital Aquatics"", ""Time Standard"": ""2020-2024 B"", ""UsasSwimTimeKey"": ""105977584""}"
gmo,200 BR SCY,SCY,3:04.50,184.50,2021-11-21,2021 SN Gobbler Classic,12,369,California Capital Aquatics,SN,2020-2024 BB,,1731452,16,38500,1160018450.00,75969100,gmo-result,"{""Age"": ""12"", ""Event"": ""200 BR SCY"", ""LSC"": ""SN"", ""Meet"": ""2021 SN Gobbler Classic"", ""MeetKey"": ""38500"", ""PersonKey"": ""1731452"", ""Points"": ""369"", ""SortKey"": ""1160018450.00"", ""Swim Date"": ""11/21/2021"", ""Swim Time"": ""3:04.50"", ""SwimEventKey"": ""16"", ""Team"": ""California Capital Aquatics"", ""Time Standard"": ""2020-2024 BB"", ""UsasSwimTimeKey"": ""75969100""}"
gmo,200 BR SCY,SCY,3:04.86,184.86,2022-03-11,2022 SN 14&U Short Course Championships,12,365,California Capital Aquatics,SN,2020-2024 BB,,1731452,16,118077,1160018486.00,152309399,gmo-result,"{""Age"": ""12"", ""Event"": ""200 BR SCY"", ""LSC"": ""SN"", ""Meet"": ""2022 SN 14&U Short Course Championships"", ""MeetKey"": ""118077"", ""PersonKey"": ""1731452"", ""Points"": ""365"", ""SortKey"": ""1160018486.00"", ""Swim Date"": ""03/11/2022"", ""Swim Time"": ""3:04.86"", ""SwimEventKey"": ""16"", ""Team"": ""California Capital Aquatics"", ""Time Standard"": ""2020-2024 BB"", ""UsasSwimTimeKey"": ""152309399""}"
gmo,200 BR SCY,SCY,3:07.63,187.63,2022-01-15,2022 PC TIGR C/B/BB+,12,335,California Capital Aquatics,SN,2020-2024 B,,1731452,16,135536,1160018763.00,28414083,gmo-result,"{""Age"": ""12"", ""Event"": ""200 BR SCY"", ""LSC"": ""SN"", ""Meet"": ""2022 PC TIGR C/B/BB+"", ""MeetKey"": ""135536"", ""PersonKey"": ""1731452"", ""Points"": ""335"", ""SortKey"": ""1160018763.00"", ""Swim Date"": ""01/15/2022"", ""Swim Time"": ""3:07.63"", ""SwimEventKey"": ""16"", ""Team"": ""California Capital Aquatics"", ""Time Standard"": ""2020-2024 B"", ""UsasSwimTimeKey"": ""28414083""}"
gmo,200 BR SCY,SCY,3:09.61,189.61,2022-05-14,2022 SN CA May IMX-IMR Time Trials,12,315,California Capital Aquatics,SN,2020-2024 B,,1731452,16,3123,1160018961.00,69174616,gmo-result,"{""Age"": ""12"", ""Event"": ""200 BR SCY"", ""LSC"": ""SN"", ""Meet"": ""2022 SN CA May IMX-IMR Time Trials"", ""MeetKey"": ""3123"", ""PersonKey"": ""1731452"", ""Points"": ""315"", ""SortKey"": ""1160018961.00"", ""Swim Date"": ""05/14/2022"", ""Swim Time"": ""3:09.61"", ""SwimEventKey"": ""16"", ""Team"": ""California Capital Aquatics"", ""Time Standard"": ""2020-2024 B"", ""UsasSwimTimeKey"": ""69174616""}"
gmo,50 FL SCY,SCY,30.87,30.87,2025-11-22,2025 SN TURKEY TRI Meet,16,364,California Capital Aquatics,SN,BB,,1731452,17,277560,1170003087.00,182654332,gmo-result,"{""Age"": ""16"", ""Event"": ""50 FL SCY"", ""LSC"": ""SN"", ""Meet"": ""2025 SN TURKEY TRI Meet"", ""MeetKey"": ""277560"", ""PersonKey"": ""1731452"", ""Points"": ""364"", ""SortKey"": ""1170003087.00"", ""Swim Date"": ""11/22/2025"", ""Swim Time"": ""30.87"", ""SwimEventKey"": ""17"", ""Team"": ""California Capital Aquatics"", ""Time Standard"": ""BB"", ""UsasSwimTimeKey"": ""182654332""}"
gmo,50 FL SCY,SCY,32.23,32.23,2025-10-25,2025 SN Golden Buoy Dual Meet,16,271,California Capital Aquatics,SN,BB,,1731452,17,276720,1170003223.00,181103161,gmo-result,"{""Age"": ""16"", ""Event"": ""50 FL SCY"", ""LSC"": ""SN"", ""Meet"": ""2025 SN Golden Buoy Dual Meet"", ""MeetKey"": ""276720"", ""PersonKey"": ""1731452"", ""Points"": ""271"", ""SortKey"": ""1170003223.00"", ""Swim Date"": ""10/25/2025"", ""Swim Time"": ""32.23"", ""SwimEventKey"": ""17"", ""Team"": ""California Capital Aquatics"", ""Time Standard"": ""BB"", ""UsasSwimTimeKey"": ""181103161""}"
gmo,50 FL SCY,SCY,35.13,35.13,2021-10-09,2021 SN CCA Spook-Tacular,12,284,California Capital Aquatics,SN,2020-2024 B,,1731452,17,85114,1170003513.00,67431215,gmo-result,"{""Age"": ""12"", ""Event"": ""50 FL SCY"", ""LSC"": ""SN"", ""Meet"": ""2021 SN CCA Spook-Tacular"", ""MeetKey"": ""85114"", ""PersonKey"": ""1731452"", ""Points"": ""284"", ""SortKey"": ""1170003513.00"", ""Swim Date"": ""10/09/2021"", ""Swim Time"": ""35.13"", ""SwimEventKey"": ""17"", ""Team"": ""California Capital Aquatics"", ""Time Standard"": ""2020-2024 B"", ""UsasSwimTimeKey"": ""67431215""}"
gmo,50 FL SCY,SCY,36.21,36.21,2021-06-26,2021 SN JOs or Bust Last Chance Qualifying Meet,12,225,California Capital Aquatics,SN,2020-2024 B,,1731452,17,13715,1170003621.00,144885578,gmo-result,"{""Age"": ""12"", ""Event"": ""50 FL SCY"", ""LSC"": ""SN"", ""Meet"": ""2021 SN JOs or Bust Last Chance Qualifying Meet"", ""MeetKey"": ""13715"", ""PersonKey"": ""1731452"", ""Points"": ""225"", ""SortKey"": ""1170003621.00"", ""Swim Date"": ""06/26/2021"", ""Swim Time"": ""36.21"", ""SwimEventKey"": ""17"", ""Team"": ""California Capital Aquatics"", ""Time Standard"": ""2020-2024 B"", ""UsasSwimTimeKey"": ""144885578""}"
gmo,50 FL SCY,SCY,37.66,37.66,2021-03-20,2021 SN MARCH NSS and CCA,11,221,California Capital Aquatics,SN,Slower than B,,1731452,17,91624,1170003766.00,148706880,gmo-result,"{""Age"": ""11"", ""Event"": ""50 FL SCY"", ""LSC"": ""SN"", ""Meet"": ""2021 SN MARCH NSS and CCA"", ""MeetKey"": ""91624"", ""PersonKey"": ""1731452"", ""Points"": ""221"", ""SortKey"": ""1170003766.00"", ""Swim Date"": ""03/20/2021"", ""Swim Time"": ""37.66"", ""SwimEventKey"": ""17"", ""Team"": ""California Capital Aquatics"", ""Time Standard"": ""Slower than B"", ""UsasSwimTimeKey"": ""148706880""}"
gmo,50 FL SCY,SCY,37.87,37.87,2019-11-17,2019 PC PSL SCY C/B/A+,10,361,San Francisco Serpents,PC,2016-2020 BB,,1731452,17,28144,1170003787.00,70446979,gmo-result,"{""Age"": ""10"", ""Event"": ""50 FL SCY"", ""LSC"": ""PC"", ""Meet"": ""2019 PC PSL SCY C/B/A+"", ""MeetKey"": ""28144"", ""PersonKey"": ""1731452"", ""Points"": ""361"", ""SortKey"": ""1170003787.00"", ""Swim Date"": ""11/17/2019"", ""Swim Time"": ""37.87"", ""SwimEventKey"": ""17"", ""Team"": ""San Francisco Serpents"", ""Time Standard"": ""2016-2020 BB"", ""UsasSwimTimeKey"": ""70446979""}"
gmo,50 FL SCY,SCY,39.12,39.12,2020-01-18,2020 PC Zone 3 Peggy Ramirez Memorial,10,301,San Francisco Serpents,PC,2016-2020 BB,,1731452,17,37659,1170003912.00,60489887,gmo-result,"{""Age"": ""10"", ""Event"": ""50 FL SCY"", ""LSC"": ""PC"", ""Meet"": ""2020 PC Zone 3 Peggy Ramirez Memorial"", ""MeetKey"": ""37659"", ""PersonKey"": ""1731452"", ""Points"": ""301"", ""SortKey"": ""1170003912.00"", ""Swim Date"": ""01/18/2020"", ""Swim Time"": ""39.12"", ""SwimEventKey"": ""17"", ""Team"": ""San Francisco Serpents"", ""Time Standard"": ""2016-2020 BB"", ""UsasSwimTimeKey"": ""60489887""}"
gmo,50 FL SCY,SCY,39.52,39.52,2019-12-14,2019 PC SOLO C/B/A+,10,282,San Francisco Serpents,PC,2016-2020 BB,,1731452,17,6348,1170003952.00,115356688,gmo-result,"{""Age"": ""10"", ""Event"": ""50 FL SCY"", ""LSC"": ""PC"", ""Meet"": ""2019 PC SOLO C/B/A+"", ""MeetKey"": ""6348"", ""PersonKey"": ""1731452"", ""Points"": ""282"", ""SortKey"": ""1170003952.00"", ""Swim Date"": ""12/14/2019"", ""Swim Time"": ""39.52"", ""SwimEventKey"": ""17"", ""Team"": ""San Francisco Serpents"", ""Time Standard"": ""2016-2020 BB"", ""UsasSwimTimeKey"": ""115356688""}"
gmo,50 FL SCY,SCY,40.51,40.51,2019-09-14,2019 PC SSF C/B/A+,10,237,San Francisco Serpents,PC,2016-2020 BB,,1731452,17,153795,1170004051.00,46058520,gmo-result,"{""Age"": ""10"", ""Event"": ""50 FL SCY"", ""LSC"": ""PC"", ""Meet"": ""2019 PC SSF C/B/A+"", ""MeetKey"": ""153795"", ""PersonKey"": ""1731452"", ""Points"": ""237"", ""SortKey"": ""1170004051.00"", ""Swim Date"": ""09/14/2019"", ""Swim Time"": ""40.51"", ""SwimEventKey"": ""17"", ""Team"": ""San Francisco Serpents"", ""Time Standard"": ""2016-2020 BB"", ""UsasSwimTimeKey"": ""46058520""}"
gmo,50 FL SCY,SCY,44.36,44.36,2019-06-02,2019 PC MONT SCY PENTATHLON,10,89,San Francisco Serpents,PC,2016-2020 B,,1731452,17,114788,1170004436.00,69637749,gmo-result,"{""Age"": ""10"", ""Event"": ""50 FL SCY"", ""LSC"": ""PC"", ""Meet"": ""2019 PC MONT SCY PENTATHLON"", ""MeetKey"": ""114788"", ""PersonKey"": ""1731452"", ""Points"": ""89"", ""SortKey"": ""1170004436.00"", ""Swim Date"": ""06/02/2019"", ""Swim Time"": ""44.36"", ""SwimEventKey"": ""17"", ""Team"": ""San Francisco Serpents"", ""Time Standard"": ""2016-2020 B"", ""UsasSwimTimeKey"": ""69637749""}"
gmo,50 FL SCY,SCY,47.12,47.12,2019-02-23,2019 PC VJO C/B/A+,9,110,San Francisco Serpents,PC,2016-2020 B,,1731452,17,71899,1170004712.00,99986754,gmo-result,"{""Age"": ""9"", ""Event"": ""50 FL SCY"", ""LSC"": ""PC"", ""Meet"": ""2019 PC VJO C/B/A+"", ""MeetKey"": ""71899"", ""PersonKey"": ""1731452"", ""Points"": ""110"", ""SortKey"": ""1170004712.00"", ""Swim Date"": ""02/23/2019"", ""Swim Time"": ""47.12"", ""SwimEventKey"": ""17"", ""Team"": ""San Francisco Serpents"", ""Time Standard"": ""2016-2020 B"", ""UsasSwimTimeKey"": ""99986754""}"
gmo,100 FL SCY,SCY,1:05.48,65.48,2026-01-17,2026 PN VAST 49th Annual Washington Open,16,461,California Capital Aquatics,SN,BB,,1731452,18,277865,1180006548.00,184307345,gmo-result,"{""Age"": ""16"", ""Event"": ""100 FL SCY"", ""LSC"": ""SN"", ""Meet"": ""2026 PN VAST 49th Annual Washington Open"", ""MeetKey"": ""277865"", ""PersonKey"": ""1731452"", ""Points"": ""461"", ""SortKey"": ""1180006548.00"", ""Swim Date"": ""01/17/2026"", ""Swim Time"": ""1:05.48"", ""SwimEventKey"": ""18"", ""Team"": ""California Capital Aquatics"", ""Time Standard"": ""BB"", ""UsasSwimTimeKey"": ""184307345""}"
gmo,100 FL SCY,SCY,1:07.02,67.02,2024-07-19,2024 SN Prospectors Plunge,15,427,California Capital Aquatics,SN,2020-2024 BB,,1731452,18,259719,1180006702.00,168602365,gmo-result,"{""Age"": ""15"", ""Event"": ""100 FL SCY"", ""LSC"": ""SN"", ""Meet"": ""2024 SN Prospectors Plunge"", ""MeetKey"": ""259719"", ""PersonKey"": ""1731452"", ""Points"": ""427"", ""SortKey"": ""1180006702.00"", ""Swim Date"": ""07/19/2024"", ""Swim Time"": ""1:07.02"", ""SwimEventKey"": ""18"", ""Team"": ""California Capital Aquatics"", ""Time Standard"": ""2020-2024 BB"", ""UsasSwimTimeKey"": ""168602365""}"
gmo,100 FL SCY,SCY,1:08.67,68.67,2025-10-04,2025 SN CCA SPOOK-TACULAR,16,357,California Capital Aquatics,SN,BB,,1731452,18,274129,1180006867.00,180414059,gmo-result,"{""Age"": ""16"", ""Event"": ""100 FL SCY"", ""LSC"": ""SN"", ""Meet"": ""2025 SN CCA SPOOK-TACULAR"", ""MeetKey"": ""274129"", ""PersonKey"": ""1731452"", ""Points"": ""357"", ""SortKey"": ""1180006867.00"", ""Swim Date"": ""10/04/2025"", ""Swim Time"": ""1:08.67"", ""SwimEventKey"": ""18"", ""Team"": ""California Capital Aquatics"", ""Time Standard"": ""BB"", ""UsasSwimTimeKey"": ""180414059""}"
gmo,100 FL SCY,SCY,1:11.11,71.11,2024-05-04,2024 SN DART POST HS Meet,14,323,California Capital Aquatics,SN,2020-2024 B,,1731452,18,258128,1180007111.00,166280595,gmo-result,"{""Age"": ""14"", ""Event"": ""100 FL SCY"", ""LSC"": ""SN"", ""Meet"": ""2024 SN DART POST HS Meet"", ""MeetKey"": ""258128"", ""PersonKey"": ""1731452"", ""Points"": ""323"", ""SortKey"": ""1180007111.00"", ""Swim Date"": ""05/04/2024"", ""Swim Time"": ""1:11.11"", ""SwimEventKey"": ""18"", ""Team"": ""California Capital Aquatics"", ""Time Standard"": ""2020-2024 B"", ""UsasSwimTimeKey"": ""166280595""}"
gmo,100 FL SCY,SCY,1:11.74,71.74,2024-11-09,2024 SN Folsom Classic,15,280,California Capital Aquatics,SN,B,,1731452,18,262124,1180007174.00,171096025,gmo-result,"{""Age"": ""15"", ""Event"": ""100 FL SCY"", ""LSC"": ""SN"", ""Meet"": ""2024 SN Folsom Classic"", ""MeetKey"": ""262124"", ""PersonKey"": ""1731452"", ""Points"": ""280"", ""SortKey"": ""1180007174.00"", ""Swim Date"": ""11/09/2024"", ""Swim Time"": ""1:11.74"", ""SwimEventKey"": ""18"", ""Team"": ""California Capital Aquatics"", ""Time Standard"": ""B"", ""UsasSwimTimeKey"": ""171096025""}"
gmo,100 FL SCY,SCY,1:12.66,72.66,2023-11-10,2023 SN Folsom Senior Classic,14,277,California Capital Aquatics,SN,2020-2024 B,,1731452,18,253160,1180007266.00,160108653,gmo-result,"{""Age"": ""14"", ""Event"": ""100 FL SCY"", ""LSC"": ""SN"", ""Meet"": ""2023 SN Folsom Senior Classic"", ""MeetKey"": ""253160"", ""PersonKey"": ""1731452"", ""Points"": ""277"", ""SortKey"": ""1180007266.00"", ""Swim Date"": ""11/10/2023"", ""Swim Time"": ""1:12.66"", ""SwimEventKey"": ""18"", ""Team"": ""California Capital Aquatics"", ""Time Standard"": ""2020-2024 B"", ""UsasSwimTimeKey"": ""160108653""}"
gmo,100 FL SCY,SCY,1:12.66,72.66,2022-11-20,SN Cranberry Classic,13,322,California Capital Aquatics,SN,2020-2024 B,,1731452,18,160491,1180007266.00,4864685,gmo-result,"{""Age"": ""13"", ""Event"": ""100 FL SCY"", ""LSC"": ""SN"", ""Meet"": ""SN Cranberry Classic"", ""MeetKey"": ""160491"", ""PersonKey"": ""1731452"", ""Points"": ""322"", ""SortKey"": ""1180007266.00"", ""Swim Date"": ""11/20/2022"", ""Swim Time"": ""1:12.66"", ""SwimEventKey"": ""18"", ""Team"": ""California Capital Aquatics"", ""Time Standard"": ""2020-2024 B"", ""UsasSwimTimeKey"": ""4864685""}"
gmo,100 FL SCY,SCY,1:14.31,74.31,2024-02-25,2024 SN DART Last Chance Closed Invitational,14,231,Unattached,SN,2020-2024 B,,1731452,18,256484,1180007431.00,164546737,gmo-result,"{""Age"": ""14"", ""Event"": ""100 FL SCY"", ""LSC"": ""SN"", ""Meet"": ""2024 SN DART Last Chance Closed Invitational"", ""MeetKey"": ""256484"", ""PersonKey"": ""1731452"", ""Points"": ""231"", ""SortKey"": ""1180007431.00"", ""Swim Date"": ""02/25/2024"", ""Swim Time"": ""1:14.31"", ""SwimEventKey"": ""18"", ""Team"": ""Unattached"", ""Time Standard"": ""2020-2024 B"", ""UsasSwimTimeKey"": ""164546737""}"
gmo,100 FL SCY,SCY,1:14.81,74.81,2023-12-01,2023 GU Southern Senior Championship Invitational,14,217,California Capital Aquatics,SN,2020-2024 B,,1731452,18,253317,1180007481.00,161196413,gmo-result,"{""Age"": ""14"", ""Event"": ""100 FL SCY"", ""LSC"": ""SN"", ""Meet"": ""2023 GU Southern Senior Championship Invitational"", ""MeetKey"": ""253317"", ""PersonKey"": ""1731452"", ""Points"": ""217"", ""SortKey"": ""1180007481.00"", ""Swim Date"": ""12/01/2023"", ""Swim Time"": ""1:14.81"", ""SwimEventKey"": ""18"", ""Team"": ""California Capital Aquatics"", ""Time Standard"": ""2020-2024 B"", ""UsasSwimTimeKey"": ""161196413""}"
gmo,100 FL SCY,SCY,1:15.08,75.08,2023-10-07,2023 SN CCA SPOOK-TACULAR AGO Swim Meet,14,210,California Capital Aquatics,SN,2020-2024 B,,1731452,18,251804,1180007508.00,158903902,gmo-result,"{""Age"": ""14"", ""Event"": ""100 FL SCY"", ""LSC"": ""SN"", ""Meet"": ""2023 SN CCA SPOOK-TACULAR AGO Swim Meet"", ""MeetKey"": ""251804"", ""PersonKey"": ""1731452"", ""Points"": ""210"", ""SortKey"": ""1180007508.00"", ""Swim Date"": ""10/07/2023"", ""Swim Time"": ""1:15.08"", ""SwimEventKey"": ""18"", ""Team"": ""California Capital Aquatics"", ""Time Standard"": ""2020-2024 B"", ""UsasSwimTimeKey"": ""158903902""}"
gmo,100 FL SCY,SCY,1:18.53,78.53,2021-10-10,2021 SN CCA Spook-Tacular,12,291,California Capital Aquatics,SN,2020-2024 B,,1731452,18,85114,1180007853.00,19630236,gmo-result,"{""Age"": ""12"", ""Event"": ""100 FL SCY"", ""LSC"": ""SN"", ""Meet"": ""2021 SN CCA Spook-Tacular"", ""MeetKey"": ""85114"", ""PersonKey"": ""1731452"", ""Points"": ""291"", ""SortKey"": ""1180007853.00"", ""Swim Date"": ""10/10/2021"", ""Swim Time"": ""1:18.53"", ""SwimEventKey"": ""18"", ""Team"": ""California Capital Aquatics"", ""Time Standard"": ""2020-2024 B"", ""UsasSwimTimeKey"": ""19630236""}"
gmo,100 FL SCY,SCY,1:20.18,80.18,2022-05-14,2022 SN CA May IMX-IMR Time Trials,12,253,California Capital Aquatics,SN,2020-2024 B,,1731452,18,3123,1180008018.00,76467033,gmo-result,"{""Age"": ""12"", ""Event"": ""100 FL SCY"", ""LSC"": ""SN"", ""Meet"": ""2022 SN CA May IMX-IMR Time Trials"", ""MeetKey"": ""3123"", ""PersonKey"": ""1731452"", ""Points"": ""253"", ""SortKey"": ""1180008018.00"", ""Swim Date"": ""05/14/2022"", ""Swim Time"": ""1:20.18"", ""SwimEventKey"": ""18"", ""Team"": ""California Capital Aquatics"", ""Time Standard"": ""2020-2024 B"", ""UsasSwimTimeKey"": ""76467033""}"
gmo,100 FL SCY,SCY,1:22.07,82.07,2021-06-12,2021 SN CCA June Time Trial,12,212,California Capital Aquatics,SN,2020-2024 B,,1731452,18,38499,1180008207.00,91604185,gmo-result,"{""Age"": ""12"", ""Event"": ""100 FL SCY"", ""LSC"": ""SN"", ""Meet"": ""2021 SN CCA June Time Trial"", ""MeetKey"": ""38499"", ""PersonKey"": ""1731452"", ""Points"": ""212"", ""SortKey"": ""1180008207.00"", ""Swim Date"": ""06/12/2021"", ""Swim Time"": ""1:22.07"", ""SwimEventKey"": ""18"", ""Team"": ""California Capital Aquatics"", ""Time Standard"": ""2020-2024 B"", ""UsasSwimTimeKey"": ""91604185""}"
gmo,100 FL SCY,SCY,1:23.74,83.74,2021-04-18,2021 SN CCA Spring Splash and Dash,11,268,California Capital Aquatics,SN,2020-2024 B,,1731452,18,67769,1180008374.00,135970625,gmo-result,"{""Age"": ""11"", ""Event"": ""100 FL SCY"", ""LSC"": ""SN"", ""Meet"": ""2021 SN CCA Spring Splash and Dash"", ""MeetKey"": ""67769"", ""PersonKey"": ""1731452"", ""Points"": ""268"", ""SortKey"": ""1180008374.00"", ""Swim Date"": ""04/18/2021"", ""Swim Time"": ""1:23.74"", ""SwimEventKey"": ""18"", ""Team"": ""California Capital Aquatics"", ""Time Standard"": ""2020-2024 B"", ""UsasSwimTimeKey"": ""135970625""}"
gmo,100 FL SCY,SCY,1:26.09,86.09,2021-02-20,2021 SN CCA Feb 2021 NSS and CCA,11,218,California Capital Aquatics,SN,Slower than B,,1731452,18,98333,1180008609.00,61928922,gmo-result,"{""Age"": ""11"", ""Event"": ""100 FL SCY"", ""LSC"": ""SN"", ""Meet"": ""2021 SN CCA Feb 2021 NSS and CCA"", ""MeetKey"": ""98333"", ""PersonKey"": ""1731452"", ""Points"": ""218"", ""SortKey"": ""1180008609.00"", ""Swim Date"": ""02/20/2021"", ""Swim Time"": ""1:26.09"", ""SwimEventKey"": ""18"", ""Team"": ""California Capital Aquatics"", ""Time Standard"": ""Slower than B"", ""UsasSwimTimeKey"": ""61928922""}"
gmo,100 IM SCY,SCY,1:15.75,75.75,2021-10-09,2021 SN CCA Spook-Tacular,12,365,California Capital Aquatics,SN,2020-2024 BB,,1731452,20,85114,1200007575.00,11077549,gmo-result,"{""Age"": ""12"", ""Event"": ""100 IM SCY"", ""LSC"": ""SN"", ""Meet"": ""2021 SN CCA Spook-Tacular"", ""MeetKey"": ""85114"", ""PersonKey"": ""1731452"", ""Points"": ""365"", ""SortKey"": ""1200007575.00"", ""Swim Date"": ""10/09/2021"", ""Swim Time"": ""1:15.75"", ""SwimEventKey"": ""20"", ""Team"": ""California Capital Aquatics"", ""Time Standard"": ""2020-2024 BB"", ""UsasSwimTimeKey"": ""11077549""}"
gmo,100 IM SCY,SCY,1:17.84,77.84,2021-06-12,2021 SN CCA June Time Trial,12,308,California Capital Aquatics,SN,2020-2024 BB,,1731452,20,38499,1200007784.00,141526915,gmo-result,"{""Age"": ""12"", ""Event"": ""100 IM SCY"", ""LSC"": ""SN"", ""Meet"": ""2021 SN CCA June Time Trial"", ""MeetKey"": ""38499"", ""PersonKey"": ""1731452"", ""Points"": ""308"", ""SortKey"": ""1200007784.00"", ""Swim Date"": ""06/12/2021"", ""Swim Time"": ""1:17.84"", ""SwimEventKey"": ""20"", ""Team"": ""California Capital Aquatics"", ""Time Standard"": ""2020-2024 BB"", ""UsasSwimTimeKey"": ""141526915""}"
gmo,100 IM SCY,SCY,1:18.03,78.03,2021-07-24,2021 SN End of Summer (CCA @ NSS Age Gp),12,303,California Capital Aquatics,SN,2020-2024 BB,,1731452,20,150914,1200007803.00,90119378,gmo-result,"{""Age"": ""12"", ""Event"": ""100 IM SCY"", ""LSC"": ""SN"", ""Meet"": ""2021 SN End of Summer (CCA @ NSS Age Gp)"", ""MeetKey"": ""150914"", ""PersonKey"": ""1731452"", ""Points"": ""303"", ""SortKey"": ""1200007803.00"", ""Swim Date"": ""07/24/2021"", ""Swim Time"": ""1:18.03"", ""SwimEventKey"": ""20"", ""Team"": ""California Capital Aquatics"", ""Time Standard"": ""2020-2024 BB"", ""UsasSwimTimeKey"": ""90119378""}"
gmo,100 IM SCY,SCY,1:19.22,79.22,2021-11-20,2021 SN Gobbler Classic,12,273,California Capital Aquatics,SN,2020-2024 B,,1731452,20,38500,1200007922.00,35344641,gmo-result,"{""Age"": ""12"", ""Event"": ""100 IM SCY"", ""LSC"": ""SN"", ""Meet"": ""2021 SN Gobbler Classic"", ""MeetKey"": ""38500"", ""PersonKey"": ""1731452"", ""Points"": ""273"", ""SortKey"": ""1200007922.00"", ""Swim Date"": ""11/20/2021"", ""Swim Time"": ""1:19.22"", ""SwimEventKey"": ""20"", ""Team"": ""California Capital Aquatics"", ""Time Standard"": ""2020-2024 B"", ""UsasSwimTimeKey"": ""35344641""}"
gmo,100 IM SCY,SCY,1:20.70,80.70,2021-02-20,2021 SN CCA Feb 2021 NSS and CCA,11,323,California Capital Aquatics,SN,2020-2024 B,,1731452,20,98333,1200008070.00,9240424,gmo-result,"{""Age"": ""11"", ""Event"": ""100 IM SCY"", ""LSC"": ""SN"", ""Meet"": ""2021 SN CCA Feb 2021 NSS and CCA"", ""MeetKey"": ""98333"", ""PersonKey"": ""1731452"", ""Points"": ""323"", ""SortKey"": ""1200008070.00"", ""Swim Date"": ""02/20/2021"", ""Swim Time"": ""1:20.70"", ""SwimEventKey"": ""20"", ""Team"": ""California Capital Aquatics"", ""Time Standard"": ""2020-2024 B"", ""UsasSwimTimeKey"": ""9240424""}"
gmo,100 IM SCY,SCY,1:23.27,83.27,2019-10-05,2019 PC ONDA C/B/BB+,10,407,San Francisco Serpents,PC,2016-2020 BB,,1731452,20,149681,1200008327.00,45838619,gmo-result,"{""Age"": ""10"", ""Event"": ""100 IM SCY"", ""LSC"": ""PC"", ""Meet"": ""2019 PC ONDA C/B/BB+"", ""MeetKey"": ""149681"", ""PersonKey"": ""1731452"", ""Points"": ""407"", ""SortKey"": ""1200008327.00"", ""Swim Date"": ""10/05/2019"", ""Swim Time"": ""1:23.27"", ""SwimEventKey"": ""20"", ""Team"": ""San Francisco Serpents"", ""Time Standard"": ""2016-2020 BB"", ""UsasSwimTimeKey"": ""45838619""}"
gmo,100 IM SCY,SCY,1:23.40,83.40,2019-11-17,2019 PC PSL SCY C/B/A+,10,404,San Francisco Serpents,PC,2016-2020 BB,,1731452,20,28144,1200008340.00,108432425,gmo-result,"{""Age"": ""10"", ""Event"": ""100 IM SCY"", ""LSC"": ""PC"", ""Meet"": ""2019 PC PSL SCY C/B/A+"", ""MeetKey"": ""28144"", ""PersonKey"": ""1731452"", ""Points"": ""404"", ""SortKey"": ""1200008340.00"", ""Swim Date"": ""11/17/2019"", ""Swim Time"": ""1:23.40"", ""SwimEventKey"": ""20"", ""Team"": ""San Francisco Serpents"", ""Time Standard"": ""2016-2020 BB"", ""UsasSwimTimeKey"": ""108432425""}"
gmo,100 IM SCY,SCY,1:24.15,84.15,2019-08-04,2019 PC WCAB Fred Siegrist Memorial Summer's End,10,386,San Francisco Serpents,PC,2016-2020 BB,,1731452,20,5697,1200008415.00,12539742,gmo-result,"{""Age"": ""10"", ""Event"": ""100 IM SCY"", ""LSC"": ""PC"", ""Meet"": ""2019 PC WCAB Fred Siegrist Memorial Summer's End"", ""MeetKey"": ""5697"", ""PersonKey"": ""1731452"", ""Points"": ""386"", ""SortKey"": ""1200008415.00"", ""Swim Date"": ""08/04/2019"", ""Swim Time"": ""1:24.15"", ""SwimEventKey"": ""20"", ""Team"": ""San Francisco Serpents"", ""Time Standard"": ""2016-2020 BB"", ""UsasSwimTimeKey"": ""12539742""}"
gmo,100 IM SCY,SCY,1:24.50,84.50,2019-12-14,2019 PC SOLO C/B/A+,10,378,San Francisco Serpents,PC,2016-2020 BB,,1731452,20,6348,1200008450.00,3350081,gmo-result,"{""Age"": ""10"", ""Event"": ""100 IM SCY"", ""LSC"": ""PC"", ""Meet"": ""2019 PC SOLO C/B/A+"", ""MeetKey"": ""6348"", ""PersonKey"": ""1731452"", ""Points"": ""378"", ""SortKey"": ""1200008450.00"", ""Swim Date"": ""12/14/2019"", ""Swim Time"": ""1:24.50"", ""SwimEventKey"": ""20"", ""Team"": ""San Francisco Serpents"", ""Time Standard"": ""2016-2020 BB"", ""UsasSwimTimeKey"": ""3350081""}"
gmo,100 IM SCY,SCY,1:24.84,84.84,2020-01-18,2020 PC Zone 3 Peggy Ramirez Memorial,10,370,San Francisco Serpents,PC,2016-2020 BB,,1731452,20,37659,1200008484.00,103040670,gmo-result,"{""Age"": ""10"", ""Event"": ""100 IM SCY"", ""LSC"": ""PC"", ""Meet"": ""2020 PC Zone 3 Peggy Ramirez Memorial"", ""MeetKey"": ""37659"", ""PersonKey"": ""1731452"", ""Points"": ""370"", ""SortKey"": ""1200008484.00"", ""Swim Date"": ""01/18/2020"", ""Swim Time"": ""1:24.84"", ""SwimEventKey"": ""20"", ""Team"": ""San Francisco Serpents"", ""Time Standard"": ""2016-2020 BB"", ""UsasSwimTimeKey"": ""103040670""}"
gmo,100 IM SCY,SCY,1:26.37,86.37,2019-09-15,2019 PC SSF C/B/A+,10,335,San Francisco Serpents,PC,2016-2020 BB,,1731452,20,153795,1200008637.00,67339113,gmo-result,"{""Age"": ""10"", ""Event"": ""100 IM SCY"", ""LSC"": ""PC"", ""Meet"": ""2019 PC SSF C/B/A+"", ""MeetKey"": ""153795"", ""PersonKey"": ""1731452"", ""Points"": ""335"", ""SortKey"": ""1200008637.00"", ""Swim Date"": ""09/15/2019"", ""Swim Time"": ""1:26.37"", ""SwimEventKey"": ""20"", ""Team"": ""San Francisco Serpents"", ""Time Standard"": ""2016-2020 BB"", ""UsasSwimTimeKey"": ""67339113""}"
gmo,100 IM SCY,SCY,1:28.65,88.65,2019-06-02,2019 PC MONT SCY PENTATHLON,10,285,San Francisco Serpents,PC,2016-2020 BB,,1731452,20,114788,1200008865.00,118387444,gmo-result,"{""Age"": ""10"", ""Event"": ""100 IM SCY"", ""LSC"": ""PC"", ""Meet"": ""2019 PC MONT SCY PENTATHLON"", ""MeetKey"": ""114788"", ""PersonKey"": ""1731452"", ""Points"": ""285"", ""SortKey"": ""1200008865.00"", ""Swim Date"": ""06/02/2019"", ""Swim Time"": ""1:28.65"", ""SwimEventKey"": ""20"", ""Team"": ""San Francisco Serpents"", ""Time Standard"": ""2016-2020 BB"", ""UsasSwimTimeKey"": ""118387444""}"
gmo,100 IM SCY,SCY,1:28.79,88.79,2019-07-13,2019 PC TAHO Swimming At Altitude,10,282,San Francisco Serpents,PC,2016-2020 BB,,1731452,20,82537,1200008879.00,124222317,gmo-result,"{""Age"": ""10"", ""Event"": ""100 IM SCY"", ""LSC"": ""PC"", ""Meet"": ""2019 PC TAHO Swimming At Altitude"", ""MeetKey"": ""82537"", ""PersonKey"": ""1731452"", ""Points"": ""282"", ""SortKey"": ""1200008879.00"", ""Swim Date"": ""07/13/2019"", ""Swim Time"": ""1:28.79"", ""SwimEventKey"": ""20"", ""Team"": ""San Francisco Serpents"", ""Time Standard"": ""2016-2020 BB"", ""UsasSwimTimeKey"": ""124222317""}"
gmo,100 IM SCY,SCY,1:31.74,91.74,2019-04-07,"2019 SN Hot Dog Meet, Ap",9,364,San Francisco Serpents,PC,2016-2020 B,,1731452,20,71008,1200009174.00,136920401,gmo-result,"{""Age"": ""9"", ""Event"": ""100 IM SCY"", ""LSC"": ""PC"", ""Meet"": ""2019 SN Hot Dog Meet, Ap"", ""MeetKey"": ""71008"", ""PersonKey"": ""1731452"", ""Points"": ""364"", ""SortKey"": ""1200009174.00"", ""Swim Date"": ""04/07/2019"", ""Swim Time"": ""1:31.74"", ""SwimEventKey"": ""20"", ""Team"": ""San Francisco Serpents"", ""Time Standard"": ""2016-2020 B"", ""UsasSwimTimeKey"": ""136920401""}"
gmo,100 IM SCY,SCY,1:31.83,91.83,2019-03-31,2019 PC MAV C/B/A+,9,362,San Francisco Serpents,PC,2016-2020 B,,1731452,20,148432,1200009183.00,71614565,gmo-result,"{""Age"": ""9"", ""Event"": ""100 IM SCY"", ""LSC"": ""PC"", ""Meet"": ""2019 PC MAV C/B/A+"", ""MeetKey"": ""148432"", ""PersonKey"": ""1731452"", ""Points"": ""362"", ""SortKey"": ""1200009183.00"", ""Swim Date"": ""03/31/2019"", ""Swim Time"": ""1:31.83"", ""SwimEventKey"": ""20"", ""Team"": ""San Francisco Serpents"", ""Time Standard"": ""2016-2020 B"", ""UsasSwimTimeKey"": ""71614565""}"
gmo,100 IM SCY,SCY,1:32.28,92.28,2019-04-20,2019 PC 10 & UN Championship,9,352,San Francisco Serpents,PC,2016-2020 B,,1731452,20,4315,1200009228.00,134472396,gmo-result,"{""Age"": ""9"", ""Event"": ""100 IM SCY"", ""LSC"": ""PC"", ""Meet"": ""2019 PC 10 & UN Championship"", ""MeetKey"": ""4315"", ""PersonKey"": ""1731452"", ""Points"": ""352"", ""SortKey"": ""1200009228.00"", ""Swim Date"": ""04/20/2019"", ""Swim Time"": ""1:32.28"", ""SwimEventKey"": ""20"", ""Team"": ""San Francisco Serpents"", ""Time Standard"": ""2016-2020 B"", ""UsasSwimTimeKey"": ""134472396""}"
gmo,200 IM SCY,SCY,2:32.81,152.81,2022-11-20,SN Cranberry Classic,13,403,California Capital Aquatics,SN,2020-2024 BB,,1731452,21,160491,1210015281.00,133514581,gmo-result,"{""Age"": ""13"", ""Event"": ""200 IM SCY"", ""LSC"": ""SN"", ""Meet"": ""SN Cranberry Classic"", ""MeetKey"": ""160491"", ""PersonKey"": ""1731452"", ""Points"": ""403"", ""SortKey"": ""1210015281.00"", ""Swim Date"": ""11/20/2022"", ""Swim Time"": ""2:32.81"", ""SwimEventKey"": ""21"", ""Team"": ""California Capital Aquatics"", ""Time Standard"": ""2020-2024 BB"", ""UsasSwimTimeKey"": ""133514581""}"
gmo,200 IM SCY,SCY,2:33.04,153.04,2025-10-04,2025 SN CCA SPOOK-TACULAR,16,316,California Capital Aquatics,SN,BB,,1731452,21,274129,1210015304.00,180421021,gmo-result,"{""Age"": ""16"", ""Event"": ""200 IM SCY"", ""LSC"": ""SN"", ""Meet"": ""2025 SN CCA SPOOK-TACULAR"", ""MeetKey"": ""274129"", ""PersonKey"": ""1731452"", ""Points"": ""316"", ""SortKey"": ""1210015304.00"", ""Swim Date"": ""10/04/2025"", ""Swim Time"": ""2:33.04"", ""SwimEventKey"": ""21"", ""Team"": ""California Capital Aquatics"", ""Time Standard"": ""BB"", ""UsasSwimTimeKey"": ""180421021""}"
gmo,200 IM SCY,SCY,2:39.12,159.12,2021-06-25,2021 SN JOs or Bust Last Chance Qualifying Meet,12,394,California Capital Aquatics,SN,2020-2024 BB,,1731452,21,13715,1210015912.00,147850317,gmo-result,"{""Age"": ""12"", ""Event"": ""200 IM SCY"", ""LSC"": ""SN"", ""Meet"": ""2021 SN JOs or Bust Last Chance Qualifying Meet"", ""MeetKey"": ""13715"", ""PersonKey"": ""1731452"", ""Points"": ""394"", ""SortKey"": ""1210015912.00"", ""Swim Date"": ""06/25/2021"", ""Swim Time"": ""2:39.12"", ""SwimEventKey"": ""21"", ""Team"": ""California Capital Aquatics"", ""Time Standard"": ""2020-2024 BB"", ""UsasSwimTimeKey"": ""147850317""}"
gmo,200 IM SCY,SCY,2:41.66,161.66,2021-12-18,2021 SN Dart Winter Invite SCY,12,360,California Capital Aquatics,SN,2020-2024 BB,,1731452,21,144592,1210016166.00,50632184,gmo-result,"{""Age"": ""12"", ""Event"": ""200 IM SCY"", ""LSC"": ""SN"", ""Meet"": ""2021 SN Dart Winter Invite SCY"", ""MeetKey"": ""144592"", ""PersonKey"": ""1731452"", ""Points"": ""360"", ""SortKey"": ""1210016166.00"", ""Swim Date"": ""12/18/2021"", ""Swim Time"": ""2:41.66"", ""SwimEventKey"": ""21"", ""Team"": ""California Capital Aquatics"", ""Time Standard"": ""2020-2024 BB"", ""UsasSwimTimeKey"": ""50632184""}"
gmo,200 IM SCY,SCY,2:42.73,162.73,2021-07-16,2021 SN Bill Rose Cl Finals,12,347,California Capital Aquatics,SN,2020-2024 BB,,1731452,21,52907,1210016273.00,124512284,gmo-result,"{""Age"": ""12"", ""Event"": ""200 IM SCY"", ""LSC"": ""SN"", ""Meet"": ""2021 SN Bill Rose Cl Finals"", ""MeetKey"": ""52907"", ""PersonKey"": ""1731452"", ""Points"": ""347"", ""SortKey"": ""1210016273.00"", ""Swim Date"": ""07/16/2021"", ""Swim Time"": ""2:42.73"", ""SwimEventKey"": ""21"", ""Team"": ""California Capital Aquatics"", ""Time Standard"": ""2020-2024 BB"", ""UsasSwimTimeKey"": ""124512284""}"
gmo,200 IM SCY,SCY,2:43.31,163.31,2022-01-15,2022 PC TIGR C/B/BB+,12,339,California Capital Aquatics,SN,2020-2024 BB,,1731452,21,135536,1210016331.00,24408035,gmo-result,"{""Age"": ""12"", ""Event"": ""200 IM SCY"", ""LSC"": ""SN"", ""Meet"": ""2022 PC TIGR C/B/BB+"", ""MeetKey"": ""135536"", ""PersonKey"": ""1731452"", ""Points"": ""339"", ""SortKey"": ""1210016331.00"", ""Swim Date"": ""01/15/2022"", ""Swim Time"": ""2:43.31"", ""SwimEventKey"": ""21"", ""Team"": ""California Capital Aquatics"", ""Time Standard"": ""2020-2024 BB"", ""UsasSwimTimeKey"": ""24408035""}"
gmo,200 IM SCY,SCY,2:44.37,164.37,2021-12-18,2021 SN Dart Winter Invite SCY,12,326,California Capital Aquatics,SN,2020-2024 BB,,1731452,21,144592,1210016437.00,67000068,gmo-result,"{""Age"": ""12"", ""Event"": ""200 IM SCY"", ""LSC"": ""SN"", ""Meet"": ""2021 SN Dart Winter Invite SCY"", ""MeetKey"": ""144592"", ""PersonKey"": ""1731452"", ""Points"": ""326"", ""SortKey"": ""1210016437.00"", ""Swim Date"": ""12/18/2021"", ""Swim Time"": ""2:44.37"", ""SwimEventKey"": ""21"", ""Team"": ""California Capital Aquatics"", ""Time Standard"": ""2020-2024 BB"", ""UsasSwimTimeKey"": ""67000068""}"
gmo,200 IM SCY,SCY,2:47.60,167.60,2021-03-21,2021 SN MARCH NSS and CCA,11,396,California Capital Aquatics,SN,2020-2024 B,,1731452,21,91624,1210016760.00,48669726,gmo-result,"{""Age"": ""11"", ""Event"": ""200 IM SCY"", ""LSC"": ""SN"", ""Meet"": ""2021 SN MARCH NSS and CCA"", ""MeetKey"": ""91624"", ""PersonKey"": ""1731452"", ""Points"": ""396"", ""SortKey"": ""1210016760.00"", ""Swim Date"": ""03/21/2021"", ""Swim Time"": ""2:47.60"", ""SwimEventKey"": ""21"", ""Team"": ""California Capital Aquatics"", ""Time Standard"": ""2020-2024 B"", ""UsasSwimTimeKey"": ""48669726""}"
gmo,200 IM SCY,SCY,2:47.76,167.76,2021-04-18,2021 SN CCA Spring Splash and Dash,11,394,California Capital Aquatics,SN,2020-2024 B,,1731452,21,67769,1210016776.00,153167816,gmo-result,"{""Age"": ""11"", ""Event"": ""200 IM SCY"", ""LSC"": ""SN"", ""Meet"": ""2021 SN CCA Spring Splash and Dash"", ""MeetKey"": ""67769"", ""PersonKey"": ""1731452"", ""Points"": ""394"", ""SortKey"": ""1210016776.00"", ""Swim Date"": ""04/18/2021"", ""Swim Time"": ""2:47.76"", ""SwimEventKey"": ""21"", ""Team"": ""California Capital Aquatics"", ""Time Standard"": ""2020-2024 B"", ""UsasSwimTimeKey"": ""153167816""}"
gmo,200 IM SCY,SCY,2:50.72,170.72,2021-02-21,2021 SN CCA Feb 2021 NSS and CCA,11,357,California Capital Aquatics,SN,2020-2024 B,,1731452,21,98333,1210017072.00,123393556,gmo-result,"{""Age"": ""11"", ""Event"": ""200 IM SCY"", ""LSC"": ""SN"", ""Meet"": ""2021 SN CCA Feb 2021 NSS and CCA"", ""MeetKey"": ""98333"", ""PersonKey"": ""1731452"", ""Points"": ""357"", ""SortKey"": ""1210017072.00"", ""Swim Date"": ""02/21/2021"", ""Swim Time"": ""2:50.72"", ""SwimEventKey"": ""21"", ""Team"": ""California Capital Aquatics"", ""Time Standard"": ""2020-2024 B"", ""UsasSwimTimeKey"": ""123393556""}"
gmo,200 IM SCY,SCY,2:53.84,173.84,2021-02-06,2021 SN CCA Feb Time Trial,11,320,California Capital Aquatics,SN,2020-2024 B,,1731452,21,138609,1210017384.00,31100366,gmo-result,"{""Age"": ""11"", ""Event"": ""200 IM SCY"", ""LSC"": ""SN"", ""Meet"": ""2021 SN CCA Feb Time Trial"", ""MeetKey"": ""138609"", ""PersonKey"": ""1731452"", ""Points"": ""320"", ""SortKey"": ""1210017384.00"", ""Swim Date"": ""02/06/2021"", ""Swim Time"": ""2:53.84"", ""SwimEventKey"": ""21"", ""Team"": ""California Capital Aquatics"", ""Time Standard"": ""2020-2024 B"", ""UsasSwimTimeKey"": ""31100366""}"
gmo,200 IM SCY,SCY,2:56.25,176.25,2020-11-21,2020 SN CCA Nov Time Trial,11,292,California Capital Aquatics,SN,2020-2024 B,,1731452,21,25020,1210017625.00,94429643,gmo-result,"{""Age"": ""11"", ""Event"": ""200 IM SCY"", ""LSC"": ""SN"", ""Meet"": ""2020 SN CCA Nov Time Trial"", ""MeetKey"": ""25020"", ""PersonKey"": ""1731452"", ""Points"": ""292"", ""SortKey"": ""1210017625.00"", ""Swim Date"": ""11/21/2020"", ""Swim Time"": ""2:56.25"", ""SwimEventKey"": ""21"", ""Team"": ""California Capital Aquatics"", ""Time Standard"": ""2020-2024 B"", ""UsasSwimTimeKey"": ""94429643""}"
gmo,200 IM SCY,SCY,3:02.76,182.76,2020-02-23,2020 PC NVST C/B/A+,10,359,San Francisco Serpents,PC,2016-2020 BB,,1731452,21,5416,1210018276.00,21244225,gmo-result,"{""Age"": ""10"", ""Event"": ""200 IM SCY"", ""LSC"": ""PC"", ""Meet"": ""2020 PC NVST C/B/A+"", ""MeetKey"": ""5416"", ""PersonKey"": ""1731452"", ""Points"": ""359"", ""SortKey"": ""1210018276.00"", ""Swim Date"": ""02/23/2020"", ""Swim Time"": ""3:02.76"", ""SwimEventKey"": ""21"", ""Team"": ""San Francisco Serpents"", ""Time Standard"": ""2016-2020 BB"", ""UsasSwimTimeKey"": ""21244225""}"
gmo,400 IM SCY,SCY,5:09.82,309.82,2024-03-08,2024 SN Sierra Nevada Swimming 14 & Under Short Course Championships,14,460,Unattached,SN,2020-2024 A,,1731452,22,256761,1220030982.00,165241576,gmo-result,"{""Age"": ""14"", ""Event"": ""400 IM SCY"", ""LSC"": ""SN"", ""Meet"": ""2024 SN Sierra Nevada Swimming 14 & Under Short Course Championships"", ""MeetKey"": ""256761"", ""PersonKey"": ""1731452"", ""Points"": ""460"", ""SortKey"": ""1220030982.00"", ""Swim Date"": ""03/08/2024"", ""Swim Time"": ""5:09.82"", ""SwimEventKey"": ""22"", ""Team"": ""Unattached"", ""Time Standard"": ""2020-2024 A"", ""UsasSwimTimeKey"": ""165241576""}"
gmo,400 IM SCY,SCY,5:21.10,321.10,2025-02-02,2025 SN Senior Short Course Championships,15,366,California Capital Aquatics,SN,BB,,1731452,22,267141,1220032110.00,174037008,gmo-result,"{""Age"": ""15"", ""Event"": ""400 IM SCY"", ""LSC"": ""SN"", ""Meet"": ""2025 SN Senior Short Course Championships"", ""MeetKey"": ""267141"", ""PersonKey"": ""1731452"", ""Points"": ""366"", ""SortKey"": ""1220032110.00"", ""Swim Date"": ""02/02/2025"", ""Swim Time"": ""5:21.10"", ""SwimEventKey"": ""22"", ""Team"": ""California Capital Aquatics"", ""Time Standard"": ""BB"", ""UsasSwimTimeKey"": ""174037008""}"
gmo,400 IM SCY,SCY,5:25.25,325.25,2024-05-04,2024 SN DART POST HS Meet,14,350,California Capital Aquatics,SN,2020-2024 BB,,1731452,22,258128,1220032525.00,166280677,gmo-result,"{""Age"": ""14"", ""Event"": ""400 IM SCY"", ""LSC"": ""SN"", ""Meet"": ""2024 SN DART POST HS Meet"", ""MeetKey"": ""258128"", ""PersonKey"": ""1731452"", ""Points"": ""350"", ""SortKey"": ""1220032525.00"", ""Swim Date"": ""05/04/2024"", ""Swim Time"": ""5:25.25"", ""SwimEventKey"": ""22"", ""Team"": ""California Capital Aquatics"", ""Time Standard"": ""2020-2024 BB"", ""UsasSwimTimeKey"": ""166280677""}"
gmo,400 IM SCY,SCY,5:34.69,334.69,2024-02-25,2024 SN DART Last Chance Closed Invitational,14,288,Unattached,SN,2020-2024 BB,,1731452,22,256484,1220033469.00,164541486,gmo-result,"{""Age"": ""14"", ""Event"": ""400 IM SCY"", ""LSC"": ""SN"", ""Meet"": ""2024 SN DART Last Chance Closed Invitational"", ""MeetKey"": ""256484"", ""PersonKey"": ""1731452"", ""Points"": ""288"", ""SortKey"": ""1220033469.00"", ""Swim Date"": ""02/25/2024"", ""Swim Time"": ""5:34.69"", ""SwimEventKey"": ""22"", ""Team"": ""Unattached"", ""Time Standard"": ""2020-2024 BB"", ""UsasSwimTimeKey"": ""164541486""}"
gmo,400 IM SCY,SCY,5:36.20,336.20,2021-11-19,2021 SN Gobbler Classic,12,434,California Capital Aquatics,SN,2020-2024 BB,,1731452,22,38500,1220033620.00,69184174,gmo-result,"{""Age"": ""12"", ""Event"": ""400 IM SCY"", ""LSC"": ""SN"", ""Meet"": ""2021 SN Gobbler Classic"", ""MeetKey"": ""38500"", ""PersonKey"": ""1731452"", ""Points"": ""434"", ""SortKey"": ""1220033620.00"", ""Swim Date"": ""11/19/2021"", ""Swim Time"": ""5:36.20"", ""SwimEventKey"": ""22"", ""Team"": ""California Capital Aquatics"", ""Time Standard"": ""2020-2024 BB"", ""UsasSwimTimeKey"": ""69184174""}"
gmo,400 IM SCY,SCY,5:38.92,338.92,2022-05-14,2022 SN CA May IMX-IMR Time Trials,12,417,California Capital Aquatics,SN,2020-2024 BB,,1731452,22,3123,1220033892.00,39210037,gmo-result,"{""Age"": ""12"", ""Event"": ""400 IM SCY"", ""LSC"": ""SN"", ""Meet"": ""2022 SN CA May IMX-IMR Time Trials"", ""MeetKey"": ""3123"", ""PersonKey"": ""1731452"", ""Points"": ""417"", ""SortKey"": ""1220033892.00"", ""Swim Date"": ""05/14/2022"", ""Swim Time"": ""5:38.92"", ""SwimEventKey"": ""22"", ""Team"": ""California Capital Aquatics"", ""Time Standard"": ""2020-2024 BB"", ""UsasSwimTimeKey"": ""39210037""}"
gmo,50 FR LCM,LCM,31.12,31.12,2024-07-14,2024 SN Long Course Championships ‘The Bill Rose Classic’,15,484,California Capital Aquatics,SN,2020-2024 A,,1731452,55,258819,1550003112.00,168373152,gmo-result,"{""Age"": ""15"", ""Event"": ""50 FR LCM"", ""LSC"": ""SN"", ""Meet"": ""2024 SN Long Course Championships ‘The Bill Rose Classic’"", ""MeetKey"": ""258819"", ""PersonKey"": ""1731452"", ""Points"": ""484"", ""SortKey"": ""1550003112.00"", ""Swim Date"": ""07/14/2024"", ""Swim Time"": ""31.12"", ""SwimEventKey"": ""55"", ""Team"": ""California Capital Aquatics"", ""Time Standard"": ""2020-2024 A"", ""UsasSwimTimeKey"": ""168373152""}"
gmo,50 FR LCM,LCM,31.60,31.60,2025-05-17,2025 SN CCA Meet,15,449,California Capital Aquatics,SN,BB,,1731452,55,270497,1550003160.00,177378668,gmo-result,"{""Age"": ""15"", ""Event"": ""50 FR LCM"", ""LSC"": ""SN"", ""Meet"": ""2025 SN CCA Meet"", ""MeetKey"": ""270497"", ""PersonKey"": ""1731452"", ""Points"": ""449"", ""SortKey"": ""1550003160.00"", ""Swim Date"": ""05/17/2025"", ""Swim Time"": ""31.60"", ""SwimEventKey"": ""55"", ""Team"": ""California Capital Aquatics"", ""Time Standard"": ""BB"", ""UsasSwimTimeKey"": ""177378668""}"
gmo,50 FR LCM,LCM,31.68,31.68,2024-06-23,2024 PC OAPB Long Course Senior Open,15,444,California Capital Aquatics,SN,2020-2024 BB,,1731452,55,257701,1550003168.00,167691400,gmo-result,"{""Age"": ""15"", ""Event"": ""50 FR LCM"", ""LSC"": ""SN"", ""Meet"": ""2024 PC OAPB Long Course Senior Open"", ""MeetKey"": ""257701"", ""PersonKey"": ""1731452"", ""Points"": ""444"", ""SortKey"": ""1550003168.00"", ""Swim Date"": ""06/23/2024"", ""Swim Time"": ""31.68"", ""SwimEventKey"": ""55"", ""Team"": ""California Capital Aquatics"", ""Time Standard"": ""2020-2024 BB"", ""UsasSwimTimeKey"": ""167691400""}"
gmo,50 FR LCM,LCM,31.82,31.82,2025-06-29,2025 PC OAPB Long Course Senior Open,16,431,California Capital Aquatics,SN,BB,,1731452,55,269747,1550003182.00,178789350,gmo-result,"{""Age"": ""16"", ""Event"": ""50 FR LCM"", ""LSC"": ""SN"", ""Meet"": ""2025 PC OAPB Long Course Senior Open"", ""MeetKey"": ""269747"", ""PersonKey"": ""1731452"", ""Points"": ""431"", ""SortKey"": ""1550003182.00"", ""Swim Date"": ""06/29/2025"", ""Swim Time"": ""31.82"", ""SwimEventKey"": ""55"", ""Team"": ""California Capital Aquatics"", ""Time Standard"": ""BB"", ""UsasSwimTimeKey"": ""178789350""}"
gmo,50 FR LCM,LCM,31.91,31.91,2025-04-12,2025 SN CCA April IMR Dual-Meet Format,15,427,Unattached,SN,BB,,1731452,55,269466,1550003191.00,176820177,gmo-result,"{""Age"": ""15"", ""Event"": ""50 FR LCM"", ""LSC"": ""SN"", ""Meet"": ""2025 SN CCA April IMR Dual-Meet Format"", ""MeetKey"": ""269466"", ""PersonKey"": ""1731452"", ""Points"": ""427"", ""SortKey"": ""1550003191.00"", ""Swim Date"": ""04/12/2025"", ""Swim Time"": ""31.91"", ""SwimEventKey"": ""55"", ""Team"": ""Unattached"", ""Time Standard"": ""BB"", ""UsasSwimTimeKey"": ""176820177""}"
gmo,50 FR LCM,LCM,32.40,32.40,2026-04-11,2026 Squad Quad,16,391,Unattached,SN,BB,,1731452,55,282236,1550003240.00,187151600,gmo-result,"{""Age"": ""16"", ""Event"": ""50 FR LCM"", ""LSC"": ""SN"", ""Meet"": ""2026 Squad Quad"", ""MeetKey"": ""282236"", ""PersonKey"": ""1731452"", ""Points"": ""391"", ""SortKey"": ""1550003240.00"", ""Swim Date"": ""04/11/2026"", ""Swim Time"": ""32.40"", ""SwimEventKey"": ""55"", ""Team"": ""Unattached"", ""Time Standard"": ""BB"", ""UsasSwimTimeKey"": ""187151600""}"
gmo,50 FR LCM,LCM,32.46,32.46,2025-07-20,2025 SN Long Course Championships ‘The Bill Rose Classic’,16,387,California Capital Aquatics,SN,BB,,1731452,55,271046,1550003246.00,179389787,gmo-result,"{""Age"": ""16"", ""Event"": ""50 FR LCM"", ""LSC"": ""SN"", ""Meet"": ""2025 SN Long Course Championships ‘The Bill Rose Classic’"", ""MeetKey"": ""271046"", ""PersonKey"": ""1731452"", ""Points"": ""387"", ""SortKey"": ""1550003246.00"", ""Swim Date"": ""07/20/2025"", ""Swim Time"": ""32.46"", ""SwimEventKey"": ""55"", ""Team"": ""California Capital Aquatics"", ""Time Standard"": ""BB"", ""UsasSwimTimeKey"": ""179389787""}"
gmo,50 FR LCM,LCM,32.69,32.69,2022-06-26,2022 SN DART Long Course Invitational,13,445,California Capital Aquatics,SN,2020-2024 BB,,1731452,55,36095,1550003269.00,99549958,gmo-result,"{""Age"": ""13"", ""Event"": ""50 FR LCM"", ""LSC"": ""SN"", ""Meet"": ""2022 SN DART Long Course Invitational"", ""MeetKey"": ""36095"", ""PersonKey"": ""1731452"", ""Points"": ""445"", ""SortKey"": ""1550003269.00"", ""Swim Date"": ""06/26/2022"", ""Swim Time"": ""32.69"", ""SwimEventKey"": ""55"", ""Team"": ""California Capital Aquatics"", ""Time Standard"": ""2020-2024 BB"", ""UsasSwimTimeKey"": ""99549958""}"
gmo,50 FR LCM,LCM,33.80,33.80,2023-04-16,2023 SN Spring Splash Long Course Swim Meet,13,371,California Capital Aquatics,SN,2020-2024 BB,,1731452,55,165540,1550003380.00,154367267,gmo-result,"{""Age"": ""13"", ""Event"": ""50 FR LCM"", ""LSC"": ""SN"", ""Meet"": ""2023 SN Spring Splash Long Course Swim Meet"", ""MeetKey"": ""165540"", ""PersonKey"": ""1731452"", ""Points"": ""371"", ""SortKey"": ""1550003380.00"", ""Swim Date"": ""04/16/2023"", ""Swim Time"": ""33.80"", ""SwimEventKey"": ""55"", ""Team"": ""California Capital Aquatics"", ""Time Standard"": ""2020-2024 BB"", ""UsasSwimTimeKey"": ""154367267""}"
gmo,50 FR LCM,LCM,33.88,33.88,2024-04-14,2024 SN Spring Splash Long Course Swim Meet,14,328,Unattached,SN,2020-2024 BB,,1731452,55,257361,1550003388.00,165965167,gmo-result,"{""Age"": ""14"", ""Event"": ""50 FR LCM"", ""LSC"": ""SN"", ""Meet"": ""2024 SN Spring Splash Long Course Swim Meet"", ""MeetKey"": ""257361"", ""PersonKey"": ""1731452"", ""Points"": ""328"", ""SortKey"": ""1550003388.00"", ""Swim Date"": ""04/14/2024"", ""Swim Time"": ""33.88"", ""SwimEventKey"": ""55"", ""Team"": ""Unattached"", ""Time Standard"": ""2020-2024 BB"", ""UsasSwimTimeKey"": ""165965167""}"
gmo,50 FR LCM,LCM,33.89,33.89,2023-05-20,2023 SN The Woodland Spring Classic,13,365,California Capital Aquatics,SN,2020-2024 BB,,1731452,55,167022,1550003389.00,155291701,gmo-result,"{""Age"": ""13"", ""Event"": ""50 FR LCM"", ""LSC"": ""SN"", ""Meet"": ""2023 SN The Woodland Spring Classic"", ""MeetKey"": ""167022"", ""PersonKey"": ""1731452"", ""Points"": ""365"", ""SortKey"": ""1550003389.00"", ""Swim Date"": ""05/20/2023"", ""Swim Time"": ""33.89"", ""SwimEventKey"": ""55"", ""Team"": ""California Capital Aquatics"", ""Time Standard"": ""2020-2024 BB"", ""UsasSwimTimeKey"": ""155291701""}"
gmo,100 FR LCM,LCM,1:06.84,66.84,2024-07-12,2024 SN Long Course Championships ‘The Bill Rose Classic’,15,471,California Capital Aquatics,SN,2020-2024 A,,1731452,56,258819,1560006684.00,168367310,gmo-result,"{""Age"": ""15"", ""Event"": ""100 FR LCM"", ""LSC"": ""SN"", ""Meet"": ""2024 SN Long Course Championships ‘The Bill Rose Classic’"", ""MeetKey"": ""258819"", ""PersonKey"": ""1731452"", ""Points"": ""471"", ""SortKey"": ""1560006684.00"", ""Swim Date"": ""07/12/2024"", ""Swim Time"": ""1:06.84r"", ""SwimEventKey"": ""56"", ""Team"": ""California Capital Aquatics"", ""Time Standard"": ""2020-2024 A"", ""UsasSwimTimeKey"": ""168367310""}"
gmo,100 FR LCM,LCM,1:07.30,67.30,2024-06-22,2024 PC OAPB Long Course Senior Open,15,455,California Capital Aquatics,SN,2020-2024 A,,1731452,56,257701,1560006730.00,167668886,gmo-result,"{""Age"": ""15"", ""Event"": ""100 FR LCM"", ""LSC"": ""SN"", ""Meet"": ""2024 PC OAPB Long Course Senior Open"", ""MeetKey"": ""257701"", ""PersonKey"": ""1731452"", ""Points"": ""455"", ""SortKey"": ""1560006730.00"", ""Swim Date"": ""06/22/2024"", ""Swim Time"": ""1:07.30"", ""SwimEventKey"": ""56"", ""Team"": ""California Capital Aquatics"", ""Time Standard"": ""2020-2024 A"", ""UsasSwimTimeKey"": ""167668886""}"
gmo,100 FR LCM,LCM,1:09.40,69.40,2024-06-09,2024 SN 26th Annual Summer Sanders LCM Meet SR+ Swim Meet,15,382,California Capital Aquatics,SN,2020-2024 BB,,1731452,56,257362,1560006940.00,167274101,gmo-result,"{""Age"": ""15"", ""Event"": ""100 FR LCM"", ""LSC"": ""SN"", ""Meet"": ""2024 SN 26th Annual Summer Sanders LCM Meet SR+ Swim Meet"", ""MeetKey"": ""257362"", ""PersonKey"": ""1731452"", ""Points"": ""382"", ""SortKey"": ""1560006940.00"", ""Swim Date"": ""06/09/2024"", ""Swim Time"": ""1:09.40"", ""SwimEventKey"": ""56"", ""Team"": ""California Capital Aquatics"", ""Time Standard"": ""2020-2024 BB"", ""UsasSwimTimeKey"": ""167274101""}"
gmo,100 FR LCM,LCM,1:10.57,70.57,2023-06-24,2023 PC OAPB Long Course Senior Open,14,385,California Capital Aquatics,SN,2020-2024 BB,,1731452,56,166462,1560007057.00,156897613,gmo-result,"{""Age"": ""14"", ""Event"": ""100 FR LCM"", ""LSC"": ""SN"", ""Meet"": ""2023 PC OAPB Long Course Senior Open"", ""MeetKey"": ""166462"", ""PersonKey"": ""1731452"", ""Points"": ""385"", ""SortKey"": ""1560007057.00"", ""Swim Date"": ""06/24/2023"", ""Swim Time"": ""1:10.57"", ""SwimEventKey"": ""56"", ""Team"": ""California Capital Aquatics"", ""Time Standard"": ""2020-2024 BB"", ""UsasSwimTimeKey"": ""156897613""}"
gmo,100 FR LCM,LCM,1:10.86,70.86,2022-05-22,2022 SN Woodland Spring Classic,12,495,California Capital Aquatics,SN,2020-2024 A,,1731452,56,36934,1560007086.00,2538008,gmo-result,"{""Age"": ""12"", ""Event"": ""100 FR LCM"", ""LSC"": ""SN"", ""Meet"": ""2022 SN Woodland Spring Classic"", ""MeetKey"": ""36934"", ""PersonKey"": ""1731452"", ""Points"": ""495"", ""SortKey"": ""1560007086.00"", ""Swim Date"": ""05/22/2022"", ""Swim Time"": ""1:10.86"", ""SwimEventKey"": ""56"", ""Team"": ""California Capital Aquatics"", ""Time Standard"": ""2020-2024 A"", ""UsasSwimTimeKey"": ""2538008""}"
gmo,100 FR LCM,LCM,1:11.50,71.50,2022-06-25,2022 SN DART Long Course Invitational,13,384,California Capital Aquatics,SN,2020-2024 BB,,1731452,56,36095,1560007150.00,38332177,gmo-result,"{""Age"": ""13"", ""Event"": ""100 FR LCM"", ""LSC"": ""SN"", ""Meet"": ""2022 SN DART Long Course Invitational"", ""MeetKey"": ""36095"", ""PersonKey"": ""1731452"", ""Points"": ""384"", ""SortKey"": ""1560007150.00"", ""Swim Date"": ""06/25/2022"", ""Swim Time"": ""1:11.50"", ""SwimEventKey"": ""56"", ""Team"": ""California Capital Aquatics"", ""Time Standard"": ""2020-2024 BB"", ""UsasSwimTimeKey"": ""38332177""}"
gmo,100 FR LCM,LCM,1:11.77,71.77,2023-05-21,2023 SN The Woodland Spring Classic,13,376,California Capital Aquatics,SN,2020-2024 BB,,1731452,56,167022,1560007177.00,155294091,gmo-result,"{""Age"": ""13"", ""Event"": ""100 FR LCM"", ""LSC"": ""SN"", ""Meet"": ""2023 SN The Woodland Spring Classic"", ""MeetKey"": ""167022"", ""PersonKey"": ""1731452"", ""Points"": ""376"", ""SortKey"": ""1560007177.00"", ""Swim Date"": ""05/21/2023"", ""Swim Time"": ""1:11.77"", ""SwimEventKey"": ""56"", ""Team"": ""California Capital Aquatics"", ""Time Standard"": ""2020-2024 BB"", ""UsasSwimTimeKey"": ""155294091""}"
gmo,100 FR LCM,LCM,1:15.42,75.42,2024-04-13,2024 SN Spring Splash Long Course Swim Meet,14,238,Unattached,SN,2020-2024 B,,1731452,56,257361,1560007542.00,165965166,gmo-result,"{""Age"": ""14"", ""Event"": ""100 FR LCM"", ""LSC"": ""SN"", ""Meet"": ""2024 SN Spring Splash Long Course Swim Meet"", ""MeetKey"": ""257361"", ""PersonKey"": ""1731452"", ""Points"": ""238"", ""SortKey"": ""1560007542.00"", ""Swim Date"": ""04/13/2024"", ""Swim Time"": ""1:15.42"", ""SwimEventKey"": ""56"", ""Team"": ""Unattached"", ""Time Standard"": ""2020-2024 B"", ""UsasSwimTimeKey"": ""165965166""}"
gmo,100 FR LCM,LCM,1:28.89,88.89,2019-05-19,2019 PC VJO LCM C/B/A+,9,406,San Francisco Serpents,PC,2016-2020 BB,,1731452,56,117599,1560008889.00,50108401,gmo-result,"{""Age"": ""9"", ""Event"": ""100 FR LCM"", ""LSC"": ""PC"", ""Meet"": ""2019 PC VJO LCM C/B/A+"", ""MeetKey"": ""117599"", ""PersonKey"": ""1731452"", ""Points"": ""406"", ""SortKey"": ""1560008889.00"", ""Swim Date"": ""05/19/2019"", ""Swim Time"": ""1:28.89"", ""SwimEventKey"": ""56"", ""Team"": ""San Francisco Serpents"", ""Time Standard"": ""2016-2020 BB"", ""UsasSwimTimeKey"": ""50108401""}"
gmo,200 FR LCM,LCM,2:23.39,143.39,2025-06-06,2025 SN Summer Sanders LCM Meet,16,440,California Capital Aquatics,SN,A,,1731452,57,269660,1570014339.00,177888737,gmo-result,"{""Age"": ""16"", ""Event"": ""200 FR LCM"", ""LSC"": ""SN"", ""Meet"": ""2025 SN Summer Sanders LCM Meet"", ""MeetKey"": ""269660"", ""PersonKey"": ""1731452"", ""Points"": ""440"", ""SortKey"": ""1570014339.00"", ""Swim Date"": ""06/06/2025"", ""Swim Time"": ""2:23.39"", ""SwimEventKey"": ""57"", ""Team"": ""California Capital Aquatics"", ""Time Standard"": ""A"", ""UsasSwimTimeKey"": ""177888737""}"
gmo,200 FR LCM,LCM,2:24.08,144.08,2024-07-11,2024 SN Long Course Championships ‘The Bill Rose Classic’,15,444,California Capital Aquatics,SN,2020-2024 A,,1731452,57,258819,1570014408.00,168394746,gmo-result,"{""Age"": ""15"", ""Event"": ""200 FR LCM"", ""LSC"": ""SN"", ""Meet"": ""2024 SN Long Course Championships ‘The Bill Rose Classic’"", ""MeetKey"": ""258819"", ""PersonKey"": ""1731452"", ""Points"": ""444"", ""SortKey"": ""1570014408.00"", ""Swim Date"": ""07/11/2024"", ""Swim Time"": ""2:24.08"", ""SwimEventKey"": ""57"", ""Team"": ""California Capital Aquatics"", ""Time Standard"": ""2020-2024 A"", ""UsasSwimTimeKey"": ""168394746""}"
gmo,200 FR LCM,LCM,2:27.29,147.29,2022-07-21,2022 SN Bill Rose Classic,13,452,California Capital Aquatics,SN,2020-2024 A,,1731452,57,30687,1570014729.00,19142985,gmo-result,"{""Age"": ""13"", ""Event"": ""200 FR LCM"", ""LSC"": ""SN"", ""Meet"": ""2022 SN Bill Rose Classic"", ""MeetKey"": ""30687"", ""PersonKey"": ""1731452"", ""Points"": ""452"", ""SortKey"": ""1570014729.00"", ""Swim Date"": ""07/21/2022"", ""Swim Time"": ""2:27.29"", ""SwimEventKey"": ""57"", ""Team"": ""California Capital Aquatics"", ""Time Standard"": ""2020-2024 A"", ""UsasSwimTimeKey"": ""19142985""}"
gmo,200 FR LCM,LCM,2:27.30,147.30,2025-07-17,2025 SN Long Course Championships ‘The Bill Rose Classic’,16,373,California Capital Aquatics,SN,BB,,1731452,57,271046,1570014730.00,179397439,gmo-result,"{""Age"": ""16"", ""Event"": ""200 FR LCM"", ""LSC"": ""SN"", ""Meet"": ""2025 SN Long Course Championships ‘The Bill Rose Classic’"", ""MeetKey"": ""271046"", ""PersonKey"": ""1731452"", ""Points"": ""373"", ""SortKey"": ""1570014730.00"", ""Swim Date"": ""07/17/2025"", ""Swim Time"": ""2:27.30"", ""SwimEventKey"": ""57"", ""Team"": ""California Capital Aquatics"", ""Time Standard"": ""BB"", ""UsasSwimTimeKey"": ""179397439""}"
gmo,200 FR LCM,LCM,2:27.99,147.99,2025-06-28,2025 PC OAPB Long Course Senior Open,16,362,California Capital Aquatics,SN,BB,,1731452,57,269747,1570014799.00,178799611,gmo-result,"{""Age"": ""16"", ""Event"": ""200 FR LCM"", ""LSC"": ""SN"", ""Meet"": ""2025 PC OAPB Long Course Senior Open"", ""MeetKey"": ""269747"", ""PersonKey"": ""1731452"", ""Points"": ""362"", ""SortKey"": ""1570014799.00"", ""Swim Date"": ""06/28/2025"", ""Swim Time"": ""2:27.99"", ""SwimEventKey"": ""57"", ""Team"": ""California Capital Aquatics"", ""Time Standard"": ""BB"", ""UsasSwimTimeKey"": ""178799611""}"
gmo,200 FR LCM,LCM,2:29.28,149.28,2025-05-17,2025 SN CCA Meet,15,356,California Capital Aquatics,SN,BB,,1731452,57,270497,1570014928.00,177378636,gmo-result,"{""Age"": ""15"", ""Event"": ""200 FR LCM"", ""LSC"": ""SN"", ""Meet"": ""2025 SN CCA Meet"", ""MeetKey"": ""270497"", ""PersonKey"": ""1731452"", ""Points"": ""356"", ""SortKey"": ""1570014928.00"", ""Swim Date"": ""05/17/2025"", ""Swim Time"": ""2:29.28"", ""SwimEventKey"": ""57"", ""Team"": ""California Capital Aquatics"", ""Time Standard"": ""BB"", ""UsasSwimTimeKey"": ""177378636""}"
gmo,200 FR LCM,LCM,2:30.68,150.68,2023-06-09,2023 SN 25th Annual Summer Sanders LCM Meet SR+ Swim Meet,14,N\A,California Capital Aquatics,SN,2020-2024 BB,,1731452,57,166622,1570015068.00,156439367,gmo-result,"{""Age"": ""14"", ""Event"": ""200 FR LCM"", ""LSC"": ""SN"", ""Meet"": ""2023 SN 25th Annual Summer Sanders LCM Meet SR+ Swim Meet"", ""MeetKey"": ""166622"", ""PersonKey"": ""1731452"", ""Points"": ""N\\A"", ""SortKey"": ""1570015068.00"", ""Swim Date"": ""06/09/2023"", ""Swim Time"": ""2:30.68"", ""SwimEventKey"": ""57"", ""Team"": ""California Capital Aquatics"", ""Time Standard"": ""2020-2024 BB"", ""UsasSwimTimeKey"": ""156439367""}"
gmo,200 FR LCM,LCM,2:30.70,150.70,2024-06-22,2024 PC OAPB Long Course Senior Open,15,334,California Capital Aquatics,SN,2020-2024 BB,,1731452,57,257701,1570015070.00,167668788,gmo-result,"{""Age"": ""15"", ""Event"": ""200 FR LCM"", ""LSC"": ""SN"", ""Meet"": ""2024 PC OAPB Long Course Senior Open"", ""MeetKey"": ""257701"", ""PersonKey"": ""1731452"", ""Points"": ""334"", ""SortKey"": ""1570015070.00"", ""Swim Date"": ""06/22/2024"", ""Swim Time"": ""2:30.70"", ""SwimEventKey"": ""57"", ""Team"": ""California Capital Aquatics"", ""Time Standard"": ""2020-2024 BB"", ""UsasSwimTimeKey"": ""167668788""}"
gmo,200 FR LCM,LCM,2:31.12,151.12,2022-06-26,2022 SN DART Long Course Invitational,13,388,California Capital Aquatics,SN,2020-2024 BB,,1731452,57,36095,1570015112.00,150391031,gmo-result,"{""Age"": ""13"", ""Event"": ""200 FR LCM"", ""LSC"": ""SN"", ""Meet"": ""2022 SN DART Long Course Invitational"", ""MeetKey"": ""36095"", ""PersonKey"": ""1731452"", ""Points"": ""388"", ""SortKey"": ""1570015112.00"", ""Swim Date"": ""06/26/2022"", ""Swim Time"": ""2:31.12"", ""SwimEventKey"": ""57"", ""Team"": ""California Capital Aquatics"", ""Time Standard"": ""2020-2024 BB"", ""UsasSwimTimeKey"": ""150391031""}"
gmo,200 FR LCM,LCM,2:31.72,151.72,2023-06-24,2023 PC OAPB Long Course Senior Open,14,358,California Capital Aquatics,SN,2020-2024 BB,,1731452,57,166462,1570015172.00,156897617,gmo-result,"{""Age"": ""14"", ""Event"": ""200 FR LCM"", ""LSC"": ""SN"", ""Meet"": ""2023 PC OAPB Long Course Senior Open"", ""MeetKey"": ""166462"", ""PersonKey"": ""1731452"", ""Points"": ""358"", ""SortKey"": ""1570015172.00"", ""Swim Date"": ""06/24/2023"", ""Swim Time"": ""2:31.72"", ""SwimEventKey"": ""57"", ""Team"": ""California Capital Aquatics"", ""Time Standard"": ""2020-2024 BB"", ""UsasSwimTimeKey"": ""156897617""}"
gmo,200 FR LCM,LCM,2:31.77,151.77,2022-06-26,2022 SN DART Long Course Invitational,13,377,California Capital Aquatics,SN,2020-2024 BB,,1731452,57,36095,1570015177.00,153244735,gmo-result,"{""Age"": ""13"", ""Event"": ""200 FR LCM"", ""LSC"": ""SN"", ""Meet"": ""2022 SN DART Long Course Invitational"", ""MeetKey"": ""36095"", ""PersonKey"": ""1731452"", ""Points"": ""377"", ""SortKey"": ""1570015177.00"", ""Swim Date"": ""06/26/2022"", ""Swim Time"": ""2:31.77"", ""SwimEventKey"": ""57"", ""Team"": ""California Capital Aquatics"", ""Time Standard"": ""2020-2024 BB"", ""UsasSwimTimeKey"": ""153244735""}"
gmo,200 FR LCM,LCM,2:31.84,151.84,2023-07-20,2023 SN Long Course Championships ‘The Bill Rose Classic’,14,356,California Capital Aquatics,SN,2020-2024 BB,,1731452,57,247199,1570015184.00,157989210,gmo-result,"{""Age"": ""14"", ""Event"": ""200 FR LCM"", ""LSC"": ""SN"", ""Meet"": ""2023 SN Long Course Championships ‘The Bill Rose Classic’"", ""MeetKey"": ""247199"", ""PersonKey"": ""1731452"", ""Points"": ""356"", ""SortKey"": ""1570015184.00"", ""Swim Date"": ""07/20/2023"", ""Swim Time"": ""2:31.84"", ""SwimEventKey"": ""57"", ""Team"": ""California Capital Aquatics"", ""Time Standard"": ""2020-2024 BB"", ""UsasSwimTimeKey"": ""157989210""}"
gmo,200 FR LCM,LCM,2:32.55,152.55,2023-05-21,2023 SN The Woodland Spring Classic,13,365,California Capital Aquatics,SN,2020-2024 BB,,1731452,57,167022,1570015255.00,155294248,gmo-result,"{""Age"": ""13"", ""Event"": ""200 FR LCM"", ""LSC"": ""SN"", ""Meet"": ""2023 SN The Woodland Spring Classic"", ""MeetKey"": ""167022"", ""PersonKey"": ""1731452"", ""Points"": ""365"", ""SortKey"": ""1570015255.00"", ""Swim Date"": ""05/21/2023"", ""Swim Time"": ""2:32.55"", ""SwimEventKey"": ""57"", ""Team"": ""California Capital Aquatics"", ""Time Standard"": ""2020-2024 BB"", ""UsasSwimTimeKey"": ""155294248""}"
gmo,200 FR LCM,LCM,2:32.77,152.77,2023-04-16,2023 SN Spring Splash Long Course Swim Meet,13,362,California Capital Aquatics,SN,2020-2024 BB,,1731452,57,165540,1570015277.00,154373302,gmo-result,"{""Age"": ""13"", ""Event"": ""200 FR LCM"", ""LSC"": ""SN"", ""Meet"": ""2023 SN Spring Splash Long Course Swim Meet"", ""MeetKey"": ""165540"", ""PersonKey"": ""1731452"", ""Points"": ""362"", ""SortKey"": ""1570015277.00"", ""Swim Date"": ""04/16/2023"", ""Swim Time"": ""2:32.77"", ""SwimEventKey"": ""57"", ""Team"": ""California Capital Aquatics"", ""Time Standard"": ""2020-2024 BB"", ""UsasSwimTimeKey"": ""154373302""}"
gmo,200 FR LCM,LCM,2:32.91,152.91,2025-07-20,2025 SN Long Course Championships ‘The Bill Rose Classic’,16,286,California Capital Aquatics,SN,BB,,1731452,57,271046,1570015291.00,179397438,gmo-result,"{""Age"": ""16"", ""Event"": ""200 FR LCM"", ""LSC"": ""SN"", ""Meet"": ""2025 SN Long Course Championships ‘The Bill Rose Classic’"", ""MeetKey"": ""271046"", ""PersonKey"": ""1731452"", ""Points"": ""286"", ""SortKey"": ""1570015291.00"", ""Swim Date"": ""07/20/2025"", ""Swim Time"": ""2:32.91r"", ""SwimEventKey"": ""57"", ""Team"": ""California Capital Aquatics"", ""Time Standard"": ""BB"", ""UsasSwimTimeKey"": ""179397438""}"
gmo,200 FR LCM,LCM,2:36.18,156.18,2024-05-11,2024 SN CCA IMR/IMX Quad Meet,14,290,California Capital Aquatics,SN,2020-2024 BB,,1731452,57,258200,1570015618.00,166509357,gmo-result,"{""Age"": ""14"", ""Event"": ""200 FR LCM"", ""LSC"": ""SN"", ""Meet"": ""2024 SN CCA IMR/IMX Quad Meet"", ""MeetKey"": ""258200"", ""PersonKey"": ""1731452"", ""Points"": ""290"", ""SortKey"": ""1570015618.00"", ""Swim Date"": ""05/11/2024"", ""Swim Time"": ""2:36.18"", ""SwimEventKey"": ""57"", ""Team"": ""California Capital Aquatics"", ""Time Standard"": ""2020-2024 BB"", ""UsasSwimTimeKey"": ""166509357""}"
gmo,200 FR LCM,LCM,2:37.13,157.13,2026-04-11,2026 Squad Quad,16,228,Unattached,SN,B,,1731452,57,282236,1570015713.00,187151566,gmo-result,"{""Age"": ""16"", ""Event"": ""200 FR LCM"", ""LSC"": ""SN"", ""Meet"": ""2026 Squad Quad"", ""MeetKey"": ""282236"", ""PersonKey"": ""1731452"", ""Points"": ""228"", ""SortKey"": ""1570015713.00"", ""Swim Date"": ""04/11/2026"", ""Swim Time"": ""2:37.13"", ""SwimEventKey"": ""57"", ""Team"": ""Unattached"", ""Time Standard"": ""B"", ""UsasSwimTimeKey"": ""187151566""}"
gmo,200 FR LCM,LCM,2:39.73,159.73,2024-04-14,2024 SN Spring Splash Long Course Swim Meet,14,242,Unattached,SN,2020-2024 BB,,1731452,57,257361,1570015973.00,165965165,gmo-result,"{""Age"": ""14"", ""Event"": ""200 FR LCM"", ""LSC"": ""SN"", ""Meet"": ""2024 SN Spring Splash Long Course Swim Meet"", ""MeetKey"": ""257361"", ""PersonKey"": ""1731452"", ""Points"": ""242"", ""SortKey"": ""1570015973.00"", ""Swim Date"": ""04/14/2024"", ""Swim Time"": ""2:39.73"", ""SwimEventKey"": ""57"", ""Team"": ""Unattached"", ""Time Standard"": ""2020-2024 BB"", ""UsasSwimTimeKey"": ""165965165""}"
gmo,200 FR LCM,LCM,3:00.92,180.92,2019-06-22,2019 PC NVST C/B/A+,10,350,San Francisco Serpents,PC,2016-2020 BB,,1731452,57,135423,1570018092.00,59648102,gmo-result,"{""Age"": ""10"", ""Event"": ""200 FR LCM"", ""LSC"": ""PC"", ""Meet"": ""2019 PC NVST C/B/A+"", ""MeetKey"": ""135423"", ""PersonKey"": ""1731452"", ""Points"": ""350"", ""SortKey"": ""1570018092.00"", ""Swim Date"": ""06/22/2019"", ""Swim Time"": ""3:00.92"", ""SwimEventKey"": ""57"", ""Team"": ""San Francisco Serpents"", ""Time Standard"": ""2016-2020 BB"", ""UsasSwimTimeKey"": ""59648102""}"
gmo,400 FR LCM,LCM,4:57.20,297.20,2025-06-07,2025 SN Summer Sanders LCM Meet,16,462,California Capital Aquatics,SN,A,,1731452,58,269660,1580029720.00,177888804,gmo-result,"{""Age"": ""16"", ""Event"": ""400 FR LCM"", ""LSC"": ""SN"", ""Meet"": ""2025 SN Summer Sanders LCM Meet"", ""MeetKey"": ""269660"", ""PersonKey"": ""1731452"", ""Points"": ""462"", ""SortKey"": ""1580029720.00"", ""Swim Date"": ""06/07/2025"", ""Swim Time"": ""4:57.20"", ""SwimEventKey"": ""58"", ""Team"": ""California Capital Aquatics"", ""Time Standard"": ""A"", ""UsasSwimTimeKey"": ""177888804""}"
gmo,400 FR LCM,LCM,4:59.44,299.44,2024-07-13,2024 SN Long Course Championships ‘The Bill Rose Classic’,15,471,California Capital Aquatics,SN,2020-2024 A,,1731452,58,258819,1580029944.00,168417704,gmo-result,"{""Age"": ""15"", ""Event"": ""400 FR LCM"", ""LSC"": ""SN"", ""Meet"": ""2024 SN Long Course Championships ‘The Bill Rose Classic’"", ""MeetKey"": ""258819"", ""PersonKey"": ""1731452"", ""Points"": ""471"", ""SortKey"": ""1580029944.00"", ""Swim Date"": ""07/13/2024"", ""Swim Time"": ""4:59.44"", ""SwimEventKey"": ""58"", ""Team"": ""California Capital Aquatics"", ""Time Standard"": ""2020-2024 A"", ""UsasSwimTimeKey"": ""168417704""}"
gmo,400 FR LCM,LCM,5:05.76,305.76,2025-06-29,2025 PC OAPB Long Course Senior Open,16,390,California Capital Aquatics,SN,BB,,1731452,58,269747,1580030576.00,178791947,gmo-result,"{""Age"": ""16"", ""Event"": ""400 FR LCM"", ""LSC"": ""SN"", ""Meet"": ""2025 PC OAPB Long Course Senior Open"", ""MeetKey"": ""269747"", ""PersonKey"": ""1731452"", ""Points"": ""390"", ""SortKey"": ""1580030576.00"", ""Swim Date"": ""06/29/2025"", ""Swim Time"": ""5:05.76"", ""SwimEventKey"": ""58"", ""Team"": ""California Capital Aquatics"", ""Time Standard"": ""BB"", ""UsasSwimTimeKey"": ""178791947""}"
gmo,400 FR LCM,LCM,5:07.84,307.84,2025-04-12,2025 SN CCA April IMR Dual-Meet Format,15,400,Unattached,SN,BB,,1731452,58,269466,1580030784.00,176820176,gmo-result,"{""Age"": ""15"", ""Event"": ""400 FR LCM"", ""LSC"": ""SN"", ""Meet"": ""2025 SN CCA April IMR Dual-Meet Format"", ""MeetKey"": ""269466"", ""PersonKey"": ""1731452"", ""Points"": ""400"", ""SortKey"": ""1580030784.00"", ""Swim Date"": ""04/12/2025"", ""Swim Time"": ""5:07.84"", ""SwimEventKey"": ""58"", ""Team"": ""Unattached"", ""Time Standard"": ""BB"", ""UsasSwimTimeKey"": ""176820176""}"
gmo,400 FR LCM,LCM,5:08.43,308.43,2024-06-08,2024 SN 26th Annual Summer Sanders LCM Meet SR+ Swim Meet,15,395,California Capital Aquatics,SN,2020-2024 BB,,1731452,58,257362,1580030843.00,167273762,gmo-result,"{""Age"": ""15"", ""Event"": ""400 FR LCM"", ""LSC"": ""SN"", ""Meet"": ""2024 SN 26th Annual Summer Sanders LCM Meet SR+ Swim Meet"", ""MeetKey"": ""257362"", ""PersonKey"": ""1731452"", ""Points"": ""395"", ""SortKey"": ""1580030843.00"", ""Swim Date"": ""06/08/2024"", ""Swim Time"": ""5:08.43"", ""SwimEventKey"": ""58"", ""Team"": ""California Capital Aquatics"", ""Time Standard"": ""2020-2024 BB"", ""UsasSwimTimeKey"": ""167273762""}"
gmo,400 FR LCM,LCM,5:08.74,308.74,2022-05-20,2022 SN Woodland Spring Classic,12,561,California Capital Aquatics,SN,2020-2024 AA,,1731452,58,36934,1580030874.00,105290911,gmo-result,"{""Age"": ""12"", ""Event"": ""400 FR LCM"", ""LSC"": ""SN"", ""Meet"": ""2022 SN Woodland Spring Classic"", ""MeetKey"": ""36934"", ""PersonKey"": ""1731452"", ""Points"": ""561"", ""SortKey"": ""1580030874.00"", ""Swim Date"": ""05/20/2022"", ""Swim Time"": ""5:08.74"", ""SwimEventKey"": ""58"", ""Team"": ""California Capital Aquatics"", ""Time Standard"": ""2020-2024 AA"", ""UsasSwimTimeKey"": ""105290911""}"
gmo,400 FR LCM,LCM,5:09.50,309.50,2023-05-13,2023 SN CCA IMR/IMX Tri Meet,13,432,California Capital Aquatics,SN,2020-2024 A,,1731452,58,167017,1580030950.00,154868447,gmo-result,"{""Age"": ""13"", ""Event"": ""400 FR LCM"", ""LSC"": ""SN"", ""Meet"": ""2023 SN CCA IMR/IMX Tri Meet"", ""MeetKey"": ""167017"", ""PersonKey"": ""1731452"", ""Points"": ""432"", ""SortKey"": ""1580030950.00"", ""Swim Date"": ""05/13/2023"", ""Swim Time"": ""5:09.50"", ""SwimEventKey"": ""58"", ""Team"": ""California Capital Aquatics"", ""Time Standard"": ""2020-2024 A"", ""UsasSwimTimeKey"": ""154868447""}"
gmo,400 FR LCM,LCM,5:09.82,309.82,2022-06-25,2022 SN DART Long Course Invitational,13,429,California Capital Aquatics,SN,2020-2024 A,,1731452,58,36095,1580030982.00,1239934,gmo-result,"{""Age"": ""13"", ""Event"": ""400 FR LCM"", ""LSC"": ""SN"", ""Meet"": ""2022 SN DART Long Course Invitational"", ""MeetKey"": ""36095"", ""PersonKey"": ""1731452"", ""Points"": ""429"", ""SortKey"": ""1580030982.00"", ""Swim Date"": ""06/25/2022"", ""Swim Time"": ""5:09.82"", ""SwimEventKey"": ""58"", ""Team"": ""California Capital Aquatics"", ""Time Standard"": ""2020-2024 A"", ""UsasSwimTimeKey"": ""1239934""}"
gmo,400 FR LCM,LCM,5:11.27,311.27,2022-07-23,2022 SN Bill Rose Classic,13,417,California Capital Aquatics,SN,2020-2024 A,,1731452,58,30687,1580031127.00,95928083,gmo-result,"{""Age"": ""13"", ""Event"": ""400 FR LCM"", ""LSC"": ""SN"", ""Meet"": ""2022 SN Bill Rose Classic"", ""MeetKey"": ""30687"", ""PersonKey"": ""1731452"", ""Points"": ""417"", ""SortKey"": ""1580031127.00"", ""Swim Date"": ""07/23/2022"", ""Swim Time"": ""5:11.27"", ""SwimEventKey"": ""58"", ""Team"": ""California Capital Aquatics"", ""Time Standard"": ""2020-2024 A"", ""UsasSwimTimeKey"": ""95928083""}"
gmo,400 FR LCM,LCM,5:12.16,312.16,2023-04-14,2023 SN Spring Splash Long Course Swim Meet,13,410,California Capital Aquatics,SN,2020-2024 A,,1731452,58,165540,1580031216.00,154426349,gmo-result,"{""Age"": ""13"", ""Event"": ""400 FR LCM"", ""LSC"": ""SN"", ""Meet"": ""2023 SN Spring Splash Long Course Swim Meet"", ""MeetKey"": ""165540"", ""PersonKey"": ""1731452"", ""Points"": ""410"", ""SortKey"": ""1580031216.00"", ""Swim Date"": ""04/14/2023"", ""Swim Time"": ""5:12.16"", ""SwimEventKey"": ""58"", ""Team"": ""California Capital Aquatics"", ""Time Standard"": ""2020-2024 A"", ""UsasSwimTimeKey"": ""154426349""}"
gmo,400 FR LCM,LCM,5:12.63,312.63,2023-07-22,2023 SN Long Course Championships ‘The Bill Rose Classic’,14,387,California Capital Aquatics,SN,2020-2024 A,,1731452,58,247199,1580031263.00,158016397,gmo-result,"{""Age"": ""14"", ""Event"": ""400 FR LCM"", ""LSC"": ""SN"", ""Meet"": ""2023 SN Long Course Championships ‘The Bill Rose Classic’"", ""MeetKey"": ""247199"", ""PersonKey"": ""1731452"", ""Points"": ""387"", ""SortKey"": ""1580031263.00"", ""Swim Date"": ""07/22/2023"", ""Swim Time"": ""5:12.63"", ""SwimEventKey"": ""58"", ""Team"": ""California Capital Aquatics"", ""Time Standard"": ""2020-2024 A"", ""UsasSwimTimeKey"": ""158016397""}"
gmo,400 FR LCM,LCM,5:12.97,312.97,2025-07-19,2025 SN Long Course Championships ‘The Bill Rose Classic’,16,333,California Capital Aquatics,SN,BB,,1731452,58,271046,1580031297.00,179389609,gmo-result,"{""Age"": ""16"", ""Event"": ""400 FR LCM"", ""LSC"": ""SN"", ""Meet"": ""2025 SN Long Course Championships ‘The Bill Rose Classic’"", ""MeetKey"": ""271046"", ""PersonKey"": ""1731452"", ""Points"": ""333"", ""SortKey"": ""1580031297.00"", ""Swim Date"": ""07/19/2025"", ""Swim Time"": ""5:12.97"", ""SwimEventKey"": ""58"", ""Team"": ""California Capital Aquatics"", ""Time Standard"": ""BB"", ""UsasSwimTimeKey"": ""179389609""}"
gmo,400 FR LCM,LCM,5:15.72,315.72,2024-06-23,2024 PC OAPB Long Course Senior Open,15,338,California Capital Aquatics,SN,2020-2024 BB,,1731452,58,257701,1580031572.00,167678868,gmo-result,"{""Age"": ""15"", ""Event"": ""400 FR LCM"", ""LSC"": ""SN"", ""Meet"": ""2024 PC OAPB Long Course Senior Open"", ""MeetKey"": ""257701"", ""PersonKey"": ""1731452"", ""Points"": ""338"", ""SortKey"": ""1580031572.00"", ""Swim Date"": ""06/23/2024"", ""Swim Time"": ""5:15.72"", ""SwimEventKey"": ""58"", ""Team"": ""California Capital Aquatics"", ""Time Standard"": ""2020-2024 BB"", ""UsasSwimTimeKey"": ""167678868""}"
gmo,400 FR LCM,LCM,5:19.82,319.82,2024-04-12,2024 SN Spring Splash Long Course Swim Meet,14,332,Unattached,SN,2020-2024 BB,,1731452,58,257361,1580031982.00,165965164,gmo-result,"{""Age"": ""14"", ""Event"": ""400 FR LCM"", ""LSC"": ""SN"", ""Meet"": ""2024 SN Spring Splash Long Course Swim Meet"", ""MeetKey"": ""257361"", ""PersonKey"": ""1731452"", ""Points"": ""332"", ""SortKey"": ""1580031982.00"", ""Swim Date"": ""04/12/2024"", ""Swim Time"": ""5:19.82"", ""SwimEventKey"": ""58"", ""Team"": ""Unattached"", ""Time Standard"": ""2020-2024 BB"", ""UsasSwimTimeKey"": ""165965164""}"
gmo,800 FR LCM,LCM,10:11.04,611.04,2025-06-08,2025 SN Summer Sanders LCM Meet,16,484,California Capital Aquatics,SN,A,,1731452,59,269660,1590061104.00,177888736,gmo-result,"{""Age"": ""16"", ""Event"": ""800 FR LCM"", ""LSC"": ""SN"", ""Meet"": ""2025 SN Summer Sanders LCM Meet"", ""MeetKey"": ""269660"", ""PersonKey"": ""1731452"", ""Points"": ""484"", ""SortKey"": ""1590061104.00"", ""Swim Date"": ""06/08/2025"", ""Swim Time"": ""10:11.04"", ""SwimEventKey"": ""59"", ""Team"": ""California Capital Aquatics"", ""Time Standard"": ""A"", ""UsasSwimTimeKey"": ""177888736""}"
gmo,800 FR LCM,LCM,10:30.26,630.26,2023-06-11,2023 SN 25th Annual Summer Sanders LCM Meet SR+ Swim Meet,14,N\A,California Capital Aquatics,SN,2020-2024 A,,1731452,59,166622,1590063026.00,156439365,gmo-result,"{""Age"": ""14"", ""Event"": ""800 FR LCM"", ""LSC"": ""SN"", ""Meet"": ""2023 SN 25th Annual Summer Sanders LCM Meet SR+ Swim Meet"", ""MeetKey"": ""166622"", ""PersonKey"": ""1731452"", ""Points"": ""N\\A"", ""SortKey"": ""1590063026.00"", ""Swim Date"": ""06/11/2023"", ""Swim Time"": ""10:30.26"", ""SwimEventKey"": ""59"", ""Team"": ""California Capital Aquatics"", ""Time Standard"": ""2020-2024 A"", ""UsasSwimTimeKey"": ""156439365""}"
gmo,800 FR LCM,LCM,10:35.26,635.26,2023-07-22,2023 SN Long Course Championships ‘The Bill Rose Classic’,14,453,California Capital Aquatics,SN,2020-2024 A,,1731452,59,247199,1590063526.00,157988224,gmo-result,"{""Age"": ""14"", ""Event"": ""800 FR LCM"", ""LSC"": ""SN"", ""Meet"": ""2023 SN Long Course Championships ‘The Bill Rose Classic’"", ""MeetKey"": ""247199"", ""PersonKey"": ""1731452"", ""Points"": ""453"", ""SortKey"": ""1590063526.00"", ""Swim Date"": ""07/22/2023"", ""Swim Time"": ""10:35.26"", ""SwimEventKey"": ""59"", ""Team"": ""California Capital Aquatics"", ""Time Standard"": ""2020-2024 A"", ""UsasSwimTimeKey"": ""157988224""}"
gmo,800 FR LCM,LCM,10:38.02,638.02,2024-06-09,2024 SN 26th Annual Summer Sanders LCM Meet SR+ Swim Meet,15,392,California Capital Aquatics,SN,2020-2024 BB,,1731452,59,257362,1590063802.00,167276717,gmo-result,"{""Age"": ""15"", ""Event"": ""800 FR LCM"", ""LSC"": ""SN"", ""Meet"": ""2024 SN 26th Annual Summer Sanders LCM Meet SR+ Swim Meet"", ""MeetKey"": ""257362"", ""PersonKey"": ""1731452"", ""Points"": ""392"", ""SortKey"": ""1590063802.00"", ""Swim Date"": ""06/09/2024"", ""Swim Time"": ""10:38.02"", ""SwimEventKey"": ""59"", ""Team"": ""California Capital Aquatics"", ""Time Standard"": ""2020-2024 BB"", ""UsasSwimTimeKey"": ""167276717""}"
gmo,800 FR LCM,LCM,10:39.07,639.07,2022-07-23,2022 SN Bill Rose Classic,13,461,California Capital Aquatics,SN,2020-2024 A,,1731452,59,30687,1590063907.00,6628142,gmo-result,"{""Age"": ""13"", ""Event"": ""800 FR LCM"", ""LSC"": ""SN"", ""Meet"": ""2022 SN Bill Rose Classic"", ""MeetKey"": ""30687"", ""PersonKey"": ""1731452"", ""Points"": ""461"", ""SortKey"": ""1590063907.00"", ""Swim Date"": ""07/23/2022"", ""Swim Time"": ""10:39.07"", ""SwimEventKey"": ""59"", ""Team"": ""California Capital Aquatics"", ""Time Standard"": ""2020-2024 A"", ""UsasSwimTimeKey"": ""6628142""}"
gmo,800 FR LCM,LCM,10:43.49,643.49,2023-04-15,2023 SN Spring Splash Long Course Swim Meet,13,444,California Capital Aquatics,SN,2020-2024 A,,1731452,59,165540,1590064349.00,154289693,gmo-result,"{""Age"": ""13"", ""Event"": ""800 FR LCM"", ""LSC"": ""SN"", ""Meet"": ""2023 SN Spring Splash Long Course Swim Meet"", ""MeetKey"": ""165540"", ""PersonKey"": ""1731452"", ""Points"": ""444"", ""SortKey"": ""1590064349.00"", ""Swim Date"": ""04/15/2023"", ""Swim Time"": ""10:43.49"", ""SwimEventKey"": ""59"", ""Team"": ""California Capital Aquatics"", ""Time Standard"": ""2020-2024 A"", ""UsasSwimTimeKey"": ""154289693""}"
gmo,800 FR LCM,LCM,11:00.88,660.88,2025-07-19,2025 SN Long Course Championships ‘The Bill Rose Classic’,16,297,California Capital Aquatics,SN,BB,,1731452,59,271046,1590066088.00,179397440,gmo-result,"{""Age"": ""16"", ""Event"": ""800 FR LCM"", ""LSC"": ""SN"", ""Meet"": ""2025 SN Long Course Championships ‘The Bill Rose Classic’"", ""MeetKey"": ""271046"", ""PersonKey"": ""1731452"", ""Points"": ""297"", ""SortKey"": ""1590066088.00"", ""Swim Date"": ""07/19/2025"", ""Swim Time"": ""11:00.88"", ""SwimEventKey"": ""59"", ""Team"": ""California Capital Aquatics"", ""Time Standard"": ""BB"", ""UsasSwimTimeKey"": ""179397440""}"
gmo,1500 FR LCM,LCM,20:01.97,1201.97,2022-06-24,2022 SN Woodland JOs or Bust,13,526,California Capital Aquatics,SN,2020-2024 A,,1731452,60,83778,1600120197.00,53647860,gmo-result,"{""Age"": ""13"", ""Event"": ""1500 FR LCM"", ""LSC"": ""SN"", ""Meet"": ""2022 SN Woodland JOs or Bust"", ""MeetKey"": ""83778"", ""PersonKey"": ""1731452"", ""Points"": ""526"", ""SortKey"": ""1600120197.00"", ""Swim Date"": ""06/24/2022"", ""Swim Time"": ""20:01.97"", ""SwimEventKey"": ""60"", ""Team"": ""California Capital Aquatics"", ""Time Standard"": ""2020-2024 A"", ""UsasSwimTimeKey"": ""53647860""}"
gmo,1500 FR LCM,LCM,20:10.20,1210.20,2025-06-06,2025 SN Summer Sanders LCM Meet,16,430,California Capital Aquatics,SN,A,,1731452,60,269660,1600121020.00,177888803,gmo-result,"{""Age"": ""16"", ""Event"": ""1500 FR LCM"", ""LSC"": ""SN"", ""Meet"": ""2025 SN Summer Sanders LCM Meet"", ""MeetKey"": ""269660"", ""PersonKey"": ""1731452"", ""Points"": ""430"", ""SortKey"": ""1600121020.00"", ""Swim Date"": ""06/06/2025"", ""Swim Time"": ""20:10.20"", ""SwimEventKey"": ""60"", ""Team"": ""California Capital Aquatics"", ""Time Standard"": ""A"", ""UsasSwimTimeKey"": ""177888803""}"
gmo,1500 FR LCM,LCM,20:19.49,1219.49,2022-07-21,2022 SN Bill Rose Classic,13,489,California Capital Aquatics,SN,2020-2024 A,,1731452,60,30687,1600121949.00,71012583,gmo-result,"{""Age"": ""13"", ""Event"": ""1500 FR LCM"", ""LSC"": ""SN"", ""Meet"": ""2022 SN Bill Rose Classic"", ""MeetKey"": ""30687"", ""PersonKey"": ""1731452"", ""Points"": ""489"", ""SortKey"": ""1600121949.00"", ""Swim Date"": ""07/21/2022"", ""Swim Time"": ""20:19.49"", ""SwimEventKey"": ""60"", ""Team"": ""California Capital Aquatics"", ""Time Standard"": ""2020-2024 A"", ""UsasSwimTimeKey"": ""71012583""}"
gmo,1500 FR LCM,LCM,20:26.94,1226.94,2023-06-24,2023 PC OAPB Long Course Senior Open,14,441,California Capital Aquatics,SN,2020-2024 A,,1731452,60,166462,1600122694.00,156897523,gmo-result,"{""Age"": ""14"", ""Event"": ""1500 FR LCM"", ""LSC"": ""SN"", ""Meet"": ""2023 PC OAPB Long Course Senior Open"", ""MeetKey"": ""166462"", ""PersonKey"": ""1731452"", ""Points"": ""441"", ""SortKey"": ""1600122694.00"", ""Swim Date"": ""06/24/2023"", ""Swim Time"": ""20:26.94"", ""SwimEventKey"": ""60"", ""Team"": ""California Capital Aquatics"", ""Time Standard"": ""2020-2024 A"", ""UsasSwimTimeKey"": ""156897523""}"
gmo,1500 FR LCM,LCM,20:28.22,1228.22,2023-07-20,2023 SN Long Course Championships ‘The Bill Rose Classic’,14,439,California Capital Aquatics,SN,2020-2024 A,,1731452,60,247199,1600122822.00,158016657,gmo-result,"{""Age"": ""14"", ""Event"": ""1500 FR LCM"", ""LSC"": ""SN"", ""Meet"": ""2023 SN Long Course Championships ‘The Bill Rose Classic’"", ""MeetKey"": ""247199"", ""PersonKey"": ""1731452"", ""Points"": ""439"", ""SortKey"": ""1600122822.00"", ""Swim Date"": ""07/20/2023"", ""Swim Time"": ""20:28.22"", ""SwimEventKey"": ""60"", ""Team"": ""California Capital Aquatics"", ""Time Standard"": ""2020-2024 A"", ""UsasSwimTimeKey"": ""158016657""}"
gmo,1500 FR LCM,LCM,20:32.28,1232.28,2023-06-09,2023 SN 25th Annual Summer Sanders LCM Meet SR+ Swim Meet,14,N\A,California Capital Aquatics,SN,2020-2024 A,,1731452,60,166622,1600123228.00,156439361,gmo-result,"{""Age"": ""14"", ""Event"": ""1500 FR LCM"", ""LSC"": ""SN"", ""Meet"": ""2023 SN 25th Annual Summer Sanders LCM Meet SR+ Swim Meet"", ""MeetKey"": ""166622"", ""PersonKey"": ""1731452"", ""Points"": ""N\\A"", ""SortKey"": ""1600123228.00"", ""Swim Date"": ""06/09/2023"", ""Swim Time"": ""20:32.28"", ""SwimEventKey"": ""60"", ""Team"": ""California Capital Aquatics"", ""Time Standard"": ""2020-2024 A"", ""UsasSwimTimeKey"": ""156439361""}"
gmo,1500 FR LCM,LCM,20:41.19,1241.19,2024-06-07,2024 SN 26th Annual Summer Sanders LCM Meet SR+ Swim Meet,15,382,California Capital Aquatics,SN,2020-2024 BB,,1731452,60,257362,1600124119.00,167270433,gmo-result,"{""Age"": ""15"", ""Event"": ""1500 FR LCM"", ""LSC"": ""SN"", ""Meet"": ""2024 SN 26th Annual Summer Sanders LCM Meet SR+ Swim Meet"", ""MeetKey"": ""257362"", ""PersonKey"": ""1731452"", ""Points"": ""382"", ""SortKey"": ""1600124119.00"", ""Swim Date"": ""06/07/2024"", ""Swim Time"": ""20:41.19"", ""SwimEventKey"": ""60"", ""Team"": ""California Capital Aquatics"", ""Time Standard"": ""2020-2024 BB"", ""UsasSwimTimeKey"": ""167270433""}"
gmo,1500 FR LCM,LCM,20:47.12,1247.12,2025-06-28,2025 PC OAPB Long Course Senior Open,16,358,California Capital Aquatics,SN,BB,,1731452,60,269747,1600124712.00,178791948,gmo-result,"{""Age"": ""16"", ""Event"": ""1500 FR LCM"", ""LSC"": ""SN"", ""Meet"": ""2025 PC OAPB Long Course Senior Open"", ""MeetKey"": ""269747"", ""PersonKey"": ""1731452"", ""Points"": ""358"", ""SortKey"": ""1600124712.00"", ""Swim Date"": ""06/28/2025"", ""Swim Time"": ""20:47.12"", ""SwimEventKey"": ""60"", ""Team"": ""California Capital Aquatics"", ""Time Standard"": ""BB"", ""UsasSwimTimeKey"": ""178791948""}"
gmo,1500 FR LCM,LCM,21:08.45,1268.45,2025-07-17,2025 SN Long Course Championships ‘The Bill Rose Classic’,16,320,California Capital Aquatics,SN,BB,,1731452,60,271046,1600126845.00,179389786,gmo-result,"{""Age"": ""16"", ""Event"": ""1500 FR LCM"", ""LSC"": ""SN"", ""Meet"": ""2025 SN Long Course Championships ‘The Bill Rose Classic’"", ""MeetKey"": ""271046"", ""PersonKey"": ""1731452"", ""Points"": ""320"", ""SortKey"": ""1600126845.00"", ""Swim Date"": ""07/17/2025"", ""Swim Time"": ""21:08.45"", ""SwimEventKey"": ""60"", ""Team"": ""California Capital Aquatics"", ""Time Standard"": ""BB"", ""UsasSwimTimeKey"": ""179389786""}"
gmo,50 BK LCM,LCM,39.62,39.62,2023-04-16,2023 SN Spring Splash Long Course Swim Meet,13,321,California Capital Aquatics,SN,Slower than B,,1731452,65,165540,1650003962.00,154372724,gmo-result,"{""Age"": ""13"", ""Event"": ""50 BK LCM"", ""LSC"": ""SN"", ""Meet"": ""2023 SN Spring Splash Long Course Swim Meet"", ""MeetKey"": ""165540"", ""PersonKey"": ""1731452"", ""Points"": ""321"", ""SortKey"": ""1650003962.00"", ""Swim Date"": ""04/16/2023"", ""Swim Time"": ""39.62"", ""SwimEventKey"": ""65"", ""Team"": ""California Capital Aquatics"", ""Time Standard"": ""Slower than B"", ""UsasSwimTimeKey"": ""154372724""}"
gmo,50 BK LCM,LCM,42.04,42.04,2024-04-14,2024 SN Spring Splash Long Course Swim Meet,14,162,Unattached,SN,Slower than B,,1731452,65,257361,1650004204.00,165965163,gmo-result,"{""Age"": ""14"", ""Event"": ""50 BK LCM"", ""LSC"": ""SN"", ""Meet"": ""2024 SN Spring Splash Long Course Swim Meet"", ""MeetKey"": ""257361"", ""PersonKey"": ""1731452"", ""Points"": ""162"", ""SortKey"": ""1650004204.00"", ""Swim Date"": ""04/14/2024"", ""Swim Time"": ""42.04"", ""SwimEventKey"": ""65"", ""Team"": ""Unattached"", ""Time Standard"": ""Slower than B"", ""UsasSwimTimeKey"": ""165965163""}"
gmo,50 BK LCM,LCM,50.86,50.86,2019-05-19,2019 PC VJO LCM C/B/A+,9,284,San Francisco Serpents,PC,2016-2020 B,,1731452,65,117599,1650005086.00,72413012,gmo-result,"{""Age"": ""9"", ""Event"": ""50 BK LCM"", ""LSC"": ""PC"", ""Meet"": ""2019 PC VJO LCM C/B/A+"", ""MeetKey"": ""117599"", ""PersonKey"": ""1731452"", ""Points"": ""284"", ""SortKey"": ""1650005086.00"", ""Swim Date"": ""05/19/2019"", ""Swim Time"": ""50.86"", ""SwimEventKey"": ""65"", ""Team"": ""San Francisco Serpents"", ""Time Standard"": ""2016-2020 B"", ""UsasSwimTimeKey"": ""72413012""}"
gmo,100 BK LCM,LCM,1:20.85,80.85,2025-05-17,2025 SN CCA Meet,15,329,California Capital Aquatics,SN,B,,1731452,66,270497,1660008085.00,177379179,gmo-result,"{""Age"": ""15"", ""Event"": ""100 BK LCM"", ""LSC"": ""SN"", ""Meet"": ""2025 SN CCA Meet"", ""MeetKey"": ""270497"", ""PersonKey"": ""1731452"", ""Points"": ""329"", ""SortKey"": ""1660008085.00"", ""Swim Date"": ""05/17/2025"", ""Swim Time"": ""1:20.85"", ""SwimEventKey"": ""66"", ""Team"": ""California Capital Aquatics"", ""Time Standard"": ""B"", ""UsasSwimTimeKey"": ""177379179""}"
gmo,100 BK LCM,LCM,1:21.55,81.55,2023-07-22,2023 SN Long Course Championships ‘The Bill Rose Classic’,14,350,California Capital Aquatics,SN,2020-2024 BB,,1731452,66,247199,1660008155.00,157989267,gmo-result,"{""Age"": ""14"", ""Event"": ""100 BK LCM"", ""LSC"": ""SN"", ""Meet"": ""2023 SN Long Course Championships ‘The Bill Rose Classic’"", ""MeetKey"": ""247199"", ""PersonKey"": ""1731452"", ""Points"": ""350"", ""SortKey"": ""1660008155.00"", ""Swim Date"": ""07/22/2023"", ""Swim Time"": ""1:21.55"", ""SwimEventKey"": ""66"", ""Team"": ""California Capital Aquatics"", ""Time Standard"": ""2020-2024 BB"", ""UsasSwimTimeKey"": ""157989267""}"
gmo,100 BK LCM,LCM,1:22.02,82.02,2024-07-13,2024 SN Long Course Championships ‘The Bill Rose Classic’,15,297,California Capital Aquatics,SN,2020-2024 B,,1731452,66,258819,1660008202.00,168357402,gmo-result,"{""Age"": ""15"", ""Event"": ""100 BK LCM"", ""LSC"": ""SN"", ""Meet"": ""2024 SN Long Course Championships ‘The Bill Rose Classic’"", ""MeetKey"": ""258819"", ""PersonKey"": ""1731452"", ""Points"": ""297"", ""SortKey"": ""1660008202.00"", ""Swim Date"": ""07/13/2024"", ""Swim Time"": ""1:22.02"", ""SwimEventKey"": ""66"", ""Team"": ""California Capital Aquatics"", ""Time Standard"": ""2020-2024 B"", ""UsasSwimTimeKey"": ""168357402""}"
gmo,100 BK LCM,LCM,1:23.10,83.10,2023-05-13,2023 SN CCA IMR/IMX Tri Meet,13,349,California Capital Aquatics,SN,2020-2024 BB,,1731452,66,167017,1660008310.00,154868443,gmo-result,"{""Age"": ""13"", ""Event"": ""100 BK LCM"", ""LSC"": ""SN"", ""Meet"": ""2023 SN CCA IMR/IMX Tri Meet"", ""MeetKey"": ""167017"", ""PersonKey"": ""1731452"", ""Points"": ""349"", ""SortKey"": ""1660008310.00"", ""Swim Date"": ""05/13/2023"", ""Swim Time"": ""1:23.10"", ""SwimEventKey"": ""66"", ""Team"": ""California Capital Aquatics"", ""Time Standard"": ""2020-2024 BB"", ""UsasSwimTimeKey"": ""154868443""}"
gmo,100 BK LCM,LCM,1:24.01,84.01,2023-05-20,2023 SN The Woodland Spring Classic,13,325,California Capital Aquatics,SN,2020-2024 B,,1731452,66,167022,1660008401.00,155291749,gmo-result,"{""Age"": ""13"", ""Event"": ""100 BK LCM"", ""LSC"": ""SN"", ""Meet"": ""2023 SN The Woodland Spring Classic"", ""MeetKey"": ""167022"", ""PersonKey"": ""1731452"", ""Points"": ""325"", ""SortKey"": ""1660008401.00"", ""Swim Date"": ""05/20/2023"", ""Swim Time"": ""1:24.01"", ""SwimEventKey"": ""66"", ""Team"": ""California Capital Aquatics"", ""Time Standard"": ""2020-2024 B"", ""UsasSwimTimeKey"": ""155291749""}"
gmo,100 BK LCM,LCM,1:26.58,86.58,2022-06-26,2022 SN DART Long Course Invitational,13,260,California Capital Aquatics,SN,2020-2024 B,,1731452,66,36095,1660008658.00,7564135,gmo-result,"{""Age"": ""13"", ""Event"": ""100 BK LCM"", ""LSC"": ""SN"", ""Meet"": ""2022 SN DART Long Course Invitational"", ""MeetKey"": ""36095"", ""PersonKey"": ""1731452"", ""Points"": ""260"", ""SortKey"": ""1660008658.00"", ""Swim Date"": ""06/26/2022"", ""Swim Time"": ""1:26.58"", ""SwimEventKey"": ""66"", ""Team"": ""California Capital Aquatics"", ""Time Standard"": ""2020-2024 B"", ""UsasSwimTimeKey"": ""7564135""}"
gmo,100 BK LCM,LCM,1:26.78,86.78,2024-05-11,2024 SN CCA IMR/IMX Quad Meet,14,218,California Capital Aquatics,SN,2020-2024 B,,1731452,66,258200,1660008678.00,166509356,gmo-result,"{""Age"": ""14"", ""Event"": ""100 BK LCM"", ""LSC"": ""SN"", ""Meet"": ""2024 SN CCA IMR/IMX Quad Meet"", ""MeetKey"": ""258200"", ""PersonKey"": ""1731452"", ""Points"": ""218"", ""SortKey"": ""1660008678.00"", ""Swim Date"": ""05/11/2024"", ""Swim Time"": ""1:26.78"", ""SwimEventKey"": ""66"", ""Team"": ""California Capital Aquatics"", ""Time Standard"": ""2020-2024 B"", ""UsasSwimTimeKey"": ""166509356""}"
gmo,100 BK LCM,LCM,1:27.58,87.58,2024-04-13,2024 SN Spring Splash Long Course Swim Meet,14,199,Unattached,SN,2020-2024 B,,1731452,66,257361,1660008758.00,165965162,gmo-result,"{""Age"": ""14"", ""Event"": ""100 BK LCM"", ""LSC"": ""SN"", ""Meet"": ""2024 SN Spring Splash Long Course Swim Meet"", ""MeetKey"": ""257361"", ""PersonKey"": ""1731452"", ""Points"": ""199"", ""SortKey"": ""1660008758.00"", ""Swim Date"": ""04/13/2024"", ""Swim Time"": ""1:27.58"", ""SwimEventKey"": ""66"", ""Team"": ""Unattached"", ""Time Standard"": ""2020-2024 B"", ""UsasSwimTimeKey"": ""165965162""}"
gmo,100 BK LCM,LCM,1:28.98,88.98,2022-06-26,2022 SN DART Long Course Invitational,13,204,California Capital Aquatics,SN,2020-2024 B,,1731452,66,36095,1660008898.00,102845196,gmo-result,"{""Age"": ""13"", ""Event"": ""100 BK LCM"", ""LSC"": ""SN"", ""Meet"": ""2022 SN DART Long Course Invitational"", ""MeetKey"": ""36095"", ""PersonKey"": ""1731452"", ""Points"": ""204"", ""SortKey"": ""1660008898.00"", ""Swim Date"": ""06/26/2022"", ""Swim Time"": ""1:28.98"", ""SwimEventKey"": ""66"", ""Team"": ""California Capital Aquatics"", ""Time Standard"": ""2020-2024 B"", ""UsasSwimTimeKey"": ""102845196""}"
gmo,100 BK LCM,LCM,1:42.59,102.59,2019-06-22,2019 PC NVST C/B/A+,10,274,San Francisco Serpents,PC,2016-2020 BB,,1731452,66,135423,1660010259.00,51215542,gmo-result,"{""Age"": ""10"", ""Event"": ""100 BK LCM"", ""LSC"": ""PC"", ""Meet"": ""2019 PC NVST C/B/A+"", ""MeetKey"": ""135423"", ""PersonKey"": ""1731452"", ""Points"": ""274"", ""SortKey"": ""1660010259.00"", ""Swim Date"": ""06/22/2019"", ""Swim Time"": ""1:42.59"", ""SwimEventKey"": ""66"", ""Team"": ""San Francisco Serpents"", ""Time Standard"": ""2016-2020 BB"", ""UsasSwimTimeKey"": ""51215542""}"
gmo,200 BK LCM,LCM,2:48.66,168.66,2024-07-12,2024 SN Long Course Championships ‘The Bill Rose Classic’,15,417,California Capital Aquatics,SN,2020-2024 BB,,1731452,67,258819,1670016866.00,168400181,gmo-result,"{""Age"": ""15"", ""Event"": ""200 BK LCM"", ""LSC"": ""SN"", ""Meet"": ""2024 SN Long Course Championships ‘The Bill Rose Classic’"", ""MeetKey"": ""258819"", ""PersonKey"": ""1731452"", ""Points"": ""417"", ""SortKey"": ""1670016866.00"", ""Swim Date"": ""07/12/2024"", ""Swim Time"": ""2:48.66"", ""SwimEventKey"": ""67"", ""Team"": ""California Capital Aquatics"", ""Time Standard"": ""2020-2024 BB"", ""UsasSwimTimeKey"": ""168400181""}"
gmo,200 BK LCM,LCM,2:49.67,169.67,2025-07-18,2025 SN Long Course Championships ‘The Bill Rose Classic’,16,385,California Capital Aquatics,SN,BB,,1731452,67,271046,1670016967.00,179389610,gmo-result,"{""Age"": ""16"", ""Event"": ""200 BK LCM"", ""LSC"": ""SN"", ""Meet"": ""2025 SN Long Course Championships ‘The Bill Rose Classic’"", ""MeetKey"": ""271046"", ""PersonKey"": ""1731452"", ""Points"": ""385"", ""SortKey"": ""1670016967.00"", ""Swim Date"": ""07/18/2025"", ""Swim Time"": ""2:49.67"", ""SwimEventKey"": ""67"", ""Team"": ""California Capital Aquatics"", ""Time Standard"": ""BB"", ""UsasSwimTimeKey"": ""179389610""}"
gmo,200 BK LCM,LCM,2:58.16,178.16,2022-06-25,2022 SN DART Long Course Invitational,13,358,California Capital Aquatics,SN,2020-2024 BB,,1731452,67,36095,1670017816.00,91501163,gmo-result,"{""Age"": ""13"", ""Event"": ""200 BK LCM"", ""LSC"": ""SN"", ""Meet"": ""2022 SN DART Long Course Invitational"", ""MeetKey"": ""36095"", ""PersonKey"": ""1731452"", ""Points"": ""358"", ""SortKey"": ""1670017816.00"", ""Swim Date"": ""06/25/2022"", ""Swim Time"": ""2:58.16"", ""SwimEventKey"": ""67"", ""Team"": ""California Capital Aquatics"", ""Time Standard"": ""2020-2024 BB"", ""UsasSwimTimeKey"": ""91501163""}"
gmo,200 BK LCM,LCM,3:00.42,180.42,2022-05-22,2022 SN Woodland Spring Classic,12,450,California Capital Aquatics,SN,2020-2024 BB,,1731452,67,36934,1670018042.00,13493694,gmo-result,"{""Age"": ""12"", ""Event"": ""200 BK LCM"", ""LSC"": ""SN"", ""Meet"": ""2022 SN Woodland Spring Classic"", ""MeetKey"": ""36934"", ""PersonKey"": ""1731452"", ""Points"": ""450"", ""SortKey"": ""1670018042.00"", ""Swim Date"": ""05/22/2022"", ""Swim Time"": ""3:00.42"", ""SwimEventKey"": ""67"", ""Team"": ""California Capital Aquatics"", ""Time Standard"": ""2020-2024 BB"", ""UsasSwimTimeKey"": ""13493694""}"
gmo,200 BK LCM,LCM,3:01.31,181.31,2025-07-18,2025 SN Long Course Championships ‘The Bill Rose Classic’,16,243,California Capital Aquatics,SN,B,,1731452,67,271046,1670018131.00,179348806,gmo-result,"{""Age"": ""16"", ""Event"": ""200 BK LCM"", ""LSC"": ""SN"", ""Meet"": ""2025 SN Long Course Championships ‘The Bill Rose Classic’"", ""MeetKey"": ""271046"", ""PersonKey"": ""1731452"", ""Points"": ""243"", ""SortKey"": ""1670018131.00"", ""Swim Date"": ""07/18/2025"", ""Swim Time"": ""3:01.31"", ""SwimEventKey"": ""67"", ""Team"": ""California Capital Aquatics"", ""Time Standard"": ""B"", ""UsasSwimTimeKey"": ""179348806""}"
gmo,50 BR LCM,LCM,46.22,46.22,2023-04-15,2023 SN Spring Splash Long Course Swim Meet,13,239,California Capital Aquatics,SN,Slower than B,,1731452,68,165540,1680004622.00,154289685,gmo-result,"{""Age"": ""13"", ""Event"": ""50 BR LCM"", ""LSC"": ""SN"", ""Meet"": ""2023 SN Spring Splash Long Course Swim Meet"", ""MeetKey"": ""165540"", ""PersonKey"": ""1731452"", ""Points"": ""239"", ""SortKey"": ""1680004622.00"", ""Swim Date"": ""04/15/2023"", ""Swim Time"": ""46.22"", ""SwimEventKey"": ""68"", ""Team"": ""California Capital Aquatics"", ""Time Standard"": ""Slower than B"", ""UsasSwimTimeKey"": ""154289685""}"
gmo,100 BR LCM,LCM,1:34.63,94.63,2024-05-11,2024 SN CCA IMR/IMX Quad Meet,14,328,California Capital Aquatics,SN,2020-2024 BB,,1731452,69,258200,1690009463.00,166509292,gmo-result,"{""Age"": ""14"", ""Event"": ""100 BR LCM"", ""LSC"": ""SN"", ""Meet"": ""2024 SN CCA IMR/IMX Quad Meet"", ""MeetKey"": ""258200"", ""PersonKey"": ""1731452"", ""Points"": ""328"", ""SortKey"": ""1690009463.00"", ""Swim Date"": ""05/11/2024"", ""Swim Time"": ""1:34.63"", ""SwimEventKey"": ""69"", ""Team"": ""California Capital Aquatics"", ""Time Standard"": ""2020-2024 BB"", ""UsasSwimTimeKey"": ""166509292""}"
gmo,100 BR LCM,LCM,1:37.72,97.72,2023-05-21,2023 SN The Woodland Spring Classic,13,264,California Capital Aquatics,SN,2020-2024 B,,1731452,69,167022,1690009772.00,155294106,gmo-result,"{""Age"": ""13"", ""Event"": ""100 BR LCM"", ""LSC"": ""SN"", ""Meet"": ""2023 SN The Woodland Spring Classic"", ""MeetKey"": ""167022"", ""PersonKey"": ""1731452"", ""Points"": ""264"", ""SortKey"": ""1690009772.00"", ""Swim Date"": ""05/21/2023"", ""Swim Time"": ""1:37.72"", ""SwimEventKey"": ""69"", ""Team"": ""California Capital Aquatics"", ""Time Standard"": ""2020-2024 B"", ""UsasSwimTimeKey"": ""155294106""}"
gmo,100 BR LCM,LCM,1:38.38,98.38,2023-05-13,2023 SN CCA IMR/IMX Tri Meet,13,250,California Capital Aquatics,SN,2020-2024 B,,1731452,69,167017,1690009838.00,154868416,gmo-result,"{""Age"": ""13"", ""Event"": ""100 BR LCM"", ""LSC"": ""SN"", ""Meet"": ""2023 SN CCA IMR/IMX Tri Meet"", ""MeetKey"": ""167017"", ""PersonKey"": ""1731452"", ""Points"": ""250"", ""SortKey"": ""1690009838.00"", ""Swim Date"": ""05/13/2023"", ""Swim Time"": ""1:38.38"", ""SwimEventKey"": ""69"", ""Team"": ""California Capital Aquatics"", ""Time Standard"": ""2020-2024 B"", ""UsasSwimTimeKey"": ""154868416""}"
gmo,200 BR LCM,LCM,3:25.55,205.55,2023-06-24,2023 PC OAPB Long Course Senior Open,14,303,California Capital Aquatics,SN,2020-2024 B,,1731452,70,166462,1700020555.00,156897518,gmo-result,"{""Age"": ""14"", ""Event"": ""200 BR LCM"", ""LSC"": ""SN"", ""Meet"": ""2023 PC OAPB Long Course Senior Open"", ""MeetKey"": ""166462"", ""PersonKey"": ""1731452"", ""Points"": ""303"", ""SortKey"": ""1700020555.00"", ""Swim Date"": ""06/24/2023"", ""Swim Time"": ""3:25.55"", ""SwimEventKey"": ""70"", ""Team"": ""California Capital Aquatics"", ""Time Standard"": ""2020-2024 B"", ""UsasSwimTimeKey"": ""156897518""}"
gmo,200 BR LCM,LCM,3:33.02,213.02,2022-05-22,2022 SN Woodland Spring Classic,12,367,California Capital Aquatics,SN,2020-2024 BB,,1731452,70,36934,1700021302.00,140183107,gmo-result,"{""Age"": ""12"", ""Event"": ""200 BR LCM"", ""LSC"": ""SN"", ""Meet"": ""2022 SN Woodland Spring Classic"", ""MeetKey"": ""36934"", ""PersonKey"": ""1731452"", ""Points"": ""367"", ""SortKey"": ""1700021302.00"", ""Swim Date"": ""05/22/2022"", ""Swim Time"": ""3:33.02"", ""SwimEventKey"": ""70"", ""Team"": ""California Capital Aquatics"", ""Time Standard"": ""2020-2024 BB"", ""UsasSwimTimeKey"": ""140183107""}"
gmo,50 FL LCM,LCM,33.76,33.76,2025-06-07,2025 SN Summer Sanders LCM Meet,16,438,California Capital Aquatics,SN,Slower than B,,1731452,71,269660,1710003376.00,177888214,gmo-result,"{""Age"": ""16"", ""Event"": ""50 FL LCM"", ""LSC"": ""SN"", ""Meet"": ""2025 SN Summer Sanders LCM Meet"", ""MeetKey"": ""269660"", ""PersonKey"": ""1731452"", ""Points"": ""438"", ""SortKey"": ""1710003376.00"", ""Swim Date"": ""06/07/2025"", ""Swim Time"": ""33.76"", ""SwimEventKey"": ""71"", ""Team"": ""California Capital Aquatics"", ""Time Standard"": ""Slower than B"", ""UsasSwimTimeKey"": ""177888214""}"
gmo,50 FL LCM,LCM,35.70,35.70,2026-04-11,2026 Squad Quad,16,315,Unattached,SN,BB,,1731452,71,282236,1710003570.00,187151599,gmo-result,"{""Age"": ""16"", ""Event"": ""50 FL LCM"", ""LSC"": ""SN"", ""Meet"": ""2026 Squad Quad"", ""MeetKey"": ""282236"", ""PersonKey"": ""1731452"", ""Points"": ""315"", ""SortKey"": ""1710003570.00"", ""Swim Date"": ""04/11/2026"", ""Swim Time"": ""35.70"", ""SwimEventKey"": ""71"", ""Team"": ""Unattached"", ""Time Standard"": ""BB"", ""UsasSwimTimeKey"": ""187151599""}"
gmo,50 FL LCM,LCM,37.04,37.04,2024-04-14,2024 SN Spring Splash Long Course Swim Meet,14,281,Unattached,SN,Slower than B,,1731452,71,257361,1710003704.00,165965161,gmo-result,"{""Age"": ""14"", ""Event"": ""50 FL LCM"", ""LSC"": ""SN"", ""Meet"": ""2024 SN Spring Splash Long Course Swim Meet"", ""MeetKey"": ""257361"", ""PersonKey"": ""1731452"", ""Points"": ""281"", ""SortKey"": ""1710003704.00"", ""Swim Date"": ""04/14/2024"", ""Swim Time"": ""37.04"", ""SwimEventKey"": ""71"", ""Team"": ""Unattached"", ""Time Standard"": ""Slower than B"", ""UsasSwimTimeKey"": ""165965161""}"
gmo,50 FL LCM,LCM,37.25,37.25,2023-04-16,2023 SN Spring Splash Long Course Swim Meet,13,302,California Capital Aquatics,SN,Slower than B,,1731452,71,165540,1710003725.00,154372727,gmo-result,"{""Age"": ""13"", ""Event"": ""50 FL LCM"", ""LSC"": ""SN"", ""Meet"": ""2023 SN Spring Splash Long Course Swim Meet"", ""MeetKey"": ""165540"", ""PersonKey"": ""1731452"", ""Points"": ""302"", ""SortKey"": ""1710003725.00"", ""Swim Date"": ""04/16/2023"", ""Swim Time"": ""37.25"", ""SwimEventKey"": ""71"", ""Team"": ""California Capital Aquatics"", ""Time Standard"": ""Slower than B"", ""UsasSwimTimeKey"": ""154372727""}"
gmo,50 FL LCM,LCM,57.02,57.02,2019-05-19,2019 PC VJO LCM C/B/A+,9,25,San Francisco Serpents,PC,Slower than B,,1731452,71,117599,1710005702.00,93863430,gmo-result,"{""Age"": ""9"", ""Event"": ""50 FL LCM"", ""LSC"": ""PC"", ""Meet"": ""2019 PC VJO LCM C/B/A+"", ""MeetKey"": ""117599"", ""PersonKey"": ""1731452"", ""Points"": ""25"", ""SortKey"": ""1710005702.00"", ""Swim Date"": ""05/19/2019"", ""Swim Time"": ""57.02"", ""SwimEventKey"": ""71"", ""Team"": ""San Francisco Serpents"", ""Time Standard"": ""Slower than B"", ""UsasSwimTimeKey"": ""93863430""}"
gmo,100 FL LCM,LCM,1:15.91,75.91,2025-06-28,2025 PC OAPB Long Course Senior Open,16,406,California Capital Aquatics,SN,BB,,1731452,72,269747,1720007591.00,178799610,gmo-result,"{""Age"": ""16"", ""Event"": ""100 FL LCM"", ""LSC"": ""SN"", ""Meet"": ""2025 PC OAPB Long Course Senior Open"", ""MeetKey"": ""269747"", ""PersonKey"": ""1731452"", ""Points"": ""406"", ""SortKey"": ""1720007591.00"", ""Swim Date"": ""06/28/2025"", ""Swim Time"": ""1:15.91"", ""SwimEventKey"": ""72"", ""Team"": ""California Capital Aquatics"", ""Time Standard"": ""BB"", ""UsasSwimTimeKey"": ""178799610""}"
gmo,100 FL LCM,LCM,1:20.20,80.20,2025-04-12,2025 SN CCA April IMR Dual-Meet Format,15,306,Unattached,SN,B,,1731452,72,269466,1720008020.00,176818414,gmo-result,"{""Age"": ""15"", ""Event"": ""100 FL LCM"", ""LSC"": ""SN"", ""Meet"": ""2025 SN CCA April IMR Dual-Meet Format"", ""MeetKey"": ""269466"", ""PersonKey"": ""1731452"", ""Points"": ""306"", ""SortKey"": ""1720008020.00"", ""Swim Date"": ""04/12/2025"", ""Swim Time"": ""1:20.20"", ""SwimEventKey"": ""72"", ""Team"": ""Unattached"", ""Time Standard"": ""B"", ""UsasSwimTimeKey"": ""176818414""}"
gmo,100 FL LCM,LCM,1:23.95,83.95,2023-05-20,2023 SN The Woodland Spring Classic,13,268,California Capital Aquatics,SN,2020-2024 B,,1731452,72,167022,1720008395.00,155291657,gmo-result,"{""Age"": ""13"", ""Event"": ""100 FL LCM"", ""LSC"": ""SN"", ""Meet"": ""2023 SN The Woodland Spring Classic"", ""MeetKey"": ""167022"", ""PersonKey"": ""1731452"", ""Points"": ""268"", ""SortKey"": ""1720008395.00"", ""Swim Date"": ""05/20/2023"", ""Swim Time"": ""1:23.95"", ""SwimEventKey"": ""72"", ""Team"": ""California Capital Aquatics"", ""Time Standard"": ""2020-2024 B"", ""UsasSwimTimeKey"": ""155291657""}"
gmo,100 FL LCM,LCM,1:25.46,85.46,2024-04-13,2024 SN Spring Splash Long Course Swim Meet,14,200,Unattached,SN,2020-2024 B,,1731452,72,257361,1720008546.00,165965160,gmo-result,"{""Age"": ""14"", ""Event"": ""100 FL LCM"", ""LSC"": ""SN"", ""Meet"": ""2024 SN Spring Splash Long Course Swim Meet"", ""MeetKey"": ""257361"", ""PersonKey"": ""1731452"", ""Points"": ""200"", ""SortKey"": ""1720008546.00"", ""Swim Date"": ""04/13/2024"", ""Swim Time"": ""1:25.46"", ""SwimEventKey"": ""72"", ""Team"": ""Unattached"", ""Time Standard"": ""2020-2024 B"", ""UsasSwimTimeKey"": ""165965160""}"
gmo,100 FL LCM,LCM,1:27.11,87.11,2022-05-22,2022 SN Woodland Spring Classic,12,331,California Capital Aquatics,SN,2020-2024 BB,,1731452,72,36934,1720008711.00,10916557,gmo-result,"{""Age"": ""12"", ""Event"": ""100 FL LCM"", ""LSC"": ""SN"", ""Meet"": ""2022 SN Woodland Spring Classic"", ""MeetKey"": ""36934"", ""PersonKey"": ""1731452"", ""Points"": ""331"", ""SortKey"": ""1720008711.00"", ""Swim Date"": ""05/22/2022"", ""Swim Time"": ""1:27.11"", ""SwimEventKey"": ""72"", ""Team"": ""California Capital Aquatics"", ""Time Standard"": ""2020-2024 BB"", ""UsasSwimTimeKey"": ""10916557""}"
gmo,200 IM LCM,LCM,2:50.00,170.00,2024-07-14,2024 SN Long Course Championships ‘The Bill Rose Classic’,15,392,California Capital Aquatics,SN,2020-2024 BB,,1731452,74,258819,1740017000.00,168366840,gmo-result,"{""Age"": ""15"", ""Event"": ""200 IM LCM"", ""LSC"": ""SN"", ""Meet"": ""2024 SN Long Course Championships ‘The Bill Rose Classic’"", ""MeetKey"": ""258819"", ""PersonKey"": ""1731452"", ""Points"": ""392"", ""SortKey"": ""1740017000.00"", ""Swim Date"": ""07/14/2024"", ""Swim Time"": ""2:50.00"", ""SwimEventKey"": ""74"", ""Team"": ""California Capital Aquatics"", ""Time Standard"": ""2020-2024 BB"", ""UsasSwimTimeKey"": ""168366840""}"
gmo,200 IM LCM,LCM,2:54.57,174.57,2024-06-23,2024 PC OAPB Long Course Senior Open,15,332,California Capital Aquatics,SN,2020-2024 BB,,1731452,74,257701,1740017457.00,167674511,gmo-result,"{""Age"": ""15"", ""Event"": ""200 IM LCM"", ""LSC"": ""SN"", ""Meet"": ""2024 PC OAPB Long Course Senior Open"", ""MeetKey"": ""257701"", ""PersonKey"": ""1731452"", ""Points"": ""332"", ""SortKey"": ""1740017457.00"", ""Swim Date"": ""06/23/2024"", ""Swim Time"": ""2:54.57"", ""SwimEventKey"": ""74"", ""Team"": ""California Capital Aquatics"", ""Time Standard"": ""2020-2024 BB"", ""UsasSwimTimeKey"": ""167674511""}"
gmo,200 IM LCM,LCM,2:54.65,174.65,2025-06-29,2025 PC OAPB Long Course Senior Open,16,326,California Capital Aquatics,SN,BB,,1731452,74,269747,1740017465.00,178791667,gmo-result,"{""Age"": ""16"", ""Event"": ""200 IM LCM"", ""LSC"": ""SN"", ""Meet"": ""2025 PC OAPB Long Course Senior Open"", ""MeetKey"": ""269747"", ""PersonKey"": ""1731452"", ""Points"": ""326"", ""SortKey"": ""1740017465.00"", ""Swim Date"": ""06/29/2025"", ""Swim Time"": ""2:54.65"", ""SwimEventKey"": ""74"", ""Team"": ""California Capital Aquatics"", ""Time Standard"": ""BB"", ""UsasSwimTimeKey"": ""178791667""}"
gmo,200 IM LCM,LCM,2:55.77,175.77,2023-04-15,2023 SN Spring Splash Long Course Swim Meet,13,384,California Capital Aquatics,SN,2020-2024 BB,,1731452,74,165540,1740017577.00,154283058,gmo-result,"{""Age"": ""13"", ""Event"": ""200 IM LCM"", ""LSC"": ""SN"", ""Meet"": ""2023 SN Spring Splash Long Course Swim Meet"", ""MeetKey"": ""165540"", ""PersonKey"": ""1731452"", ""Points"": ""384"", ""SortKey"": ""1740017577.00"", ""Swim Date"": ""04/15/2023"", ""Swim Time"": ""2:55.77"", ""SwimEventKey"": ""74"", ""Team"": ""California Capital Aquatics"", ""Time Standard"": ""2020-2024 BB"", ""UsasSwimTimeKey"": ""154283058""}"
gmo,200 IM LCM,LCM,2:56.81,176.81,2024-05-11,2024 SN CCA IMR/IMX Quad Meet,14,325,California Capital Aquatics,SN,2020-2024 BB,,1731452,74,258200,1740017681.00,166509247,gmo-result,"{""Age"": ""14"", ""Event"": ""200 IM LCM"", ""LSC"": ""SN"", ""Meet"": ""2024 SN CCA IMR/IMX Quad Meet"", ""MeetKey"": ""258200"", ""PersonKey"": ""1731452"", ""Points"": ""325"", ""SortKey"": ""1740017681.00"", ""Swim Date"": ""05/11/2024"", ""Swim Time"": ""2:56.81"", ""SwimEventKey"": ""74"", ""Team"": ""California Capital Aquatics"", ""Time Standard"": ""2020-2024 BB"", ""UsasSwimTimeKey"": ""166509247""}"
gmo,200 IM LCM,LCM,2:59.51,179.51,2022-05-20,2022 SN Woodland Spring Classic,12,435,California Capital Aquatics,SN,2020-2024 BB,,1731452,74,36934,1740017951.00,30775234,gmo-result,"{""Age"": ""12"", ""Event"": ""200 IM LCM"", ""LSC"": ""SN"", ""Meet"": ""2022 SN Woodland Spring Classic"", ""MeetKey"": ""36934"", ""PersonKey"": ""1731452"", ""Points"": ""435"", ""SortKey"": ""1740017951.00"", ""Swim Date"": ""05/20/2022"", ""Swim Time"": ""2:59.51"", ""SwimEventKey"": ""74"", ""Team"": ""California Capital Aquatics"", ""Time Standard"": ""2020-2024 BB"", ""UsasSwimTimeKey"": ""30775234""}"
gmo,200 IM LCM,LCM,3:01.77,181.77,2022-06-25,2022 SN DART Long Course Invitational,13,308,California Capital Aquatics,SN,2020-2024 BB,,1731452,74,36095,1740018177.00,113525358,gmo-result,"{""Age"": ""13"", ""Event"": ""200 IM LCM"", ""LSC"": ""SN"", ""Meet"": ""2022 SN DART Long Course Invitational"", ""MeetKey"": ""36095"", ""PersonKey"": ""1731452"", ""Points"": ""308"", ""SortKey"": ""1740018177.00"", ""Swim Date"": ""06/25/2022"", ""Swim Time"": ""3:01.77"", ""SwimEventKey"": ""74"", ""Team"": ""California Capital Aquatics"", ""Time Standard"": ""2020-2024 BB"", ""UsasSwimTimeKey"": ""113525358""}"
gmo,400 IM LCM,LCM,5:48.64,348.64,2024-07-12,2024 SN Long Course Championships ‘The Bill Rose Classic’,15,460,California Capital Aquatics,SN,2020-2024 A,,1731452,75,258819,1750034864.00,168366964,gmo-result,"{""Age"": ""15"", ""Event"": ""400 IM LCM"", ""LSC"": ""SN"", ""Meet"": ""2024 SN Long Course Championships ‘The Bill Rose Classic’"", ""MeetKey"": ""258819"", ""PersonKey"": ""1731452"", ""Points"": ""460"", ""SortKey"": ""1750034864.00"", ""Swim Date"": ""07/12/2024"", ""Swim Time"": ""5:48.64"", ""SwimEventKey"": ""75"", ""Team"": ""California Capital Aquatics"", ""Time Standard"": ""2020-2024 A"", ""UsasSwimTimeKey"": ""168366964""}"
gmo,400 IM LCM,LCM,6:01.79,361.79,2024-06-22,2024 PC OAPB Long Course Senior Open,15,376,California Capital Aquatics,SN,2020-2024 BB,,1731452,75,257701,1750036179.00,167674761,gmo-result,"{""Age"": ""15"", ""Event"": ""400 IM LCM"", ""LSC"": ""SN"", ""Meet"": ""2024 PC OAPB Long Course Senior Open"", ""MeetKey"": ""257701"", ""PersonKey"": ""1731452"", ""Points"": ""376"", ""SortKey"": ""1750036179.00"", ""Swim Date"": ""06/22/2024"", ""Swim Time"": ""6:01.79"", ""SwimEventKey"": ""75"", ""Team"": ""California Capital Aquatics"", ""Time Standard"": ""2020-2024 BB"", ""UsasSwimTimeKey"": ""167674761""}"
gmo,400 IM LCM,LCM,6:04.74,364.74,2023-05-19,2023 SN The Woodland Spring Classic,13,429,California Capital Aquatics,SN,2020-2024 BB,,1731452,75,167022,1750036474.00,155291337,gmo-result,"{""Age"": ""13"", ""Event"": ""400 IM LCM"", ""LSC"": ""SN"", ""Meet"": ""2023 SN The Woodland Spring Classic"", ""MeetKey"": ""167022"", ""PersonKey"": ""1731452"", ""Points"": ""429"", ""SortKey"": ""1750036474.00"", ""Swim Date"": ""05/19/2023"", ""Swim Time"": ""6:04.74"", ""SwimEventKey"": ""75"", ""Team"": ""California Capital Aquatics"", ""Time Standard"": ""2020-2024 BB"", ""UsasSwimTimeKey"": ""155291337""}"
gmo,400 IM LCM,LCM,6:05.91,365.91,2023-07-21,2023 SN Long Course Championships ‘The Bill Rose Classic’,14,385,California Capital Aquatics,SN,2020-2024 BB,,1731452,75,247199,1750036591.00,158000105,gmo-result,"{""Age"": ""14"", ""Event"": ""400 IM LCM"", ""LSC"": ""SN"", ""Meet"": ""2023 SN Long Course Championships ‘The Bill Rose Classic’"", ""MeetKey"": ""247199"", ""PersonKey"": ""1731452"", ""Points"": ""385"", ""SortKey"": ""1750036591.00"", ""Swim Date"": ""07/21/2023"", ""Swim Time"": ""6:05.91"", ""SwimEventKey"": ""75"", ""Team"": ""California Capital Aquatics"", ""Time Standard"": ""2020-2024 BB"", ""UsasSwimTimeKey"": ""158000105""}"
gmo,400 IM LCM,LCM,6:07.69,367.69,2024-07-12,2024 SN Long Course Championships ‘The Bill Rose Classic’,15,341,California Capital Aquatics,SN,2020-2024 BB,,1731452,75,258819,1750036769.00,168417631,gmo-result,"{""Age"": ""15"", ""Event"": ""400 IM LCM"", ""LSC"": ""SN"", ""Meet"": ""2024 SN Long Course Championships ‘The Bill Rose Classic’"", ""MeetKey"": ""258819"", ""PersonKey"": ""1731452"", ""Points"": ""341"", ""SortKey"": ""1750036769.00"", ""Swim Date"": ""07/12/2024"", ""Swim Time"": ""6:07.69"", ""SwimEventKey"": ""75"", ""Team"": ""California Capital Aquatics"", ""Time Standard"": ""2020-2024 BB"", ""UsasSwimTimeKey"": ""168417631""}"
gmo,400 IM LCM,LCM,6:17.34,377.34,2025-07-18,2025 SN Long Course Championships ‘The Bill Rose Classic’,16,279,California Capital Aquatics,SN,B,,1731452,75,271046,1750037734.00,179348805,gmo-result,"{""Age"": ""16"", ""Event"": ""400 IM LCM"", ""LSC"": ""SN"", ""Meet"": ""2025 SN Long Course Championships ‘The Bill Rose Classic’"", ""MeetKey"": ""271046"", ""PersonKey"": ""1731452"", ""Points"": ""279"", ""SortKey"": ""1750037734.00"", ""Swim Date"": ""07/18/2025"", ""Swim Time"": ""6:17.34"", ""SwimEventKey"": ""75"", ""Team"": ""California Capital Aquatics"", ""Time Standard"": ""B"", ""UsasSwimTimeKey"": ""179348805""}"
gmo,400 IM LCM,LCM,6:17.51,377.51,2025-07-18,2025 SN Long Course Championships ‘The Bill Rose Classic’,16,278,California Capital Aquatics,SN,B,,1731452,75,271046,1750037751.00,179348816,gmo-result,"{""Age"": ""16"", ""Event"": ""400 IM LCM"", ""LSC"": ""SN"", ""Meet"": ""2025 SN Long Course Championships ‘The Bill Rose Classic’"", ""MeetKey"": ""271046"", ""PersonKey"": ""1731452"", ""Points"": ""278"", ""SortKey"": ""1750037751.00"", ""Swim Date"": ""07/18/2025"", ""Swim Time"": ""6:17.51"", ""SwimEventKey"": ""75"", ""Team"": ""California Capital Aquatics"", ""Time Standard"": ""B"", ""UsasSwimTimeKey"": ""179348816""}"
